Evento,Lutador_1,Lutador_2,Categoria,Disputa_Cinturao,Metodo,Round,Tempo
UFC 324: Gaethje vs. Pimblett,Justin Gaethje,Paddy Pimblett,Lightweight,1,U-DEC,5,5:00
UFC 324: Gaethje vs. Pimblett,Sean O'Malley,Song Yadong,Bantamweight,0,U-DEC,3,5:00
UFC 324: Gaethje vs. Pimblett,Waldo Cortes Acosta,Derrick Lewis,Heavyweight,0,KO/TKO Punches,2,3:14
UFC 324: Gaethje vs. Pimblett,Natalia Silva,Rose Namajunas,Women's Flyweight,0,U-DEC,3,5:00
UFC 324: Gaethje vs. Pimblett,Jean Silva,Arnold Allen,Featherweight,0,U-DEC,3,5:00
UFC 324: Gaethje vs. Pimblett,Umar Nurmagomedov,Deiveson Figueiredo,Bantamweight,0,U-DEC,3,5:00
UFC 324: Gaethje vs. Pimblett,Ateba Gautier,Andrey Pulyaev,Middleweight,0,U-DEC,3,5:00
UFC 324: Gaethje vs. Pimblett,Nikita Krylov,Modestas Bukauskas,Light Heavyweight,0,KO/TKO Punch,3,4:57
UFC 324: Gaethje vs. Pimblett,Alex Perez,Charles Johnson,Flyweight,0,KO/TKO Punch,1,3:16
UFC 324: Gaethje vs. Pimblett,Josh Hokit,Denzel Freeman,Heavyweight,0,KO/TKO Punches,1,4:59
UFC 324: Gaethje vs. Pimblett,Ty Miller,Adam Fugitt,Welterweight,0,KO/TKO Punches,1,4:59
UFC Fight Night: Royval vs. Kape,Manel Kape,Brandon Royval,Flyweight,0,KO/TKO Punches,1,3:18
UFC Fight Night: Royval vs. Kape,Kevin Vallejos,Giga Chikadze,Featherweight,0,KO/TKO Spinning Back Fist,2,1:29
UFC Fight Night: Royval vs. Kape,Cezary Oleksiejczuk,Cesar Almeida,Middleweight,0,U-DEC,3,5:00
UFC Fight Night: Royval vs. Kape,Melquizael Costa,Morgan Charriere,Featherweight,0,KO/TKO Kick,1,1:14
UFC Fight Night: Royval vs. Kape,Kennedy Nzechukwu,Marcus Buchecha,Heavyweight,0,U-DEC,3,5:00
UFC Fight Night: Royval vs. Kape,King Green,Lance Gibson Jr.,Catch Weight,0,S-DEC,3,5:00
UFC Fight Night: Royval vs. Kape,Yaroslav Amosov,Neil Magny,Welterweight,0,SUB Anaconda Choke,1,3:14
UFC Fight Night: Royval vs. Kape,Joanderson Brito,Isaac Thomson,Featherweight,0,U-DEC,3,5:00
UFC Fight Night: Royval vs. Kape,Steven Asplund,Sean Sharaf,Heavyweight,0,KO/TKO Punches,2,3:49
UFC Fight Night: Royval vs. Kape,Luana Santos,Melissa Croden,Women's Bantamweight,0,U-DEC,3,5:00
UFC Fight Night: Royval vs. Kape,Guilherme Pat,Allen Frye Jr.,Heavyweight,0,U-DEC,3,5:00
UFC Fight Night: Royval vs. Kape,Jamey-Lyn Horth,Tereza Bleda,Women's Flyweight,0,KO/TKO Punches,1,2:05
UFC 323: Dvalishvili vs. Yan 2,Petr Yan,Merab Dvalishvili,Bantamweight,1,U-DEC,5,5:00
UFC 323: Dvalishvili vs. Yan 2,Joshua Van,Alexandre Pantoja,Flyweight,1,KO/TKO,1,0:26
UFC 323: Dvalishvili vs. Yan 2,Tatsuro Taira,Brandon Moreno,Flyweight,0,KO/TKO Punches,2,2:24
UFC 323: Dvalishvili vs. Yan 2,Payton Talbott,Henry Cejudo,Bantamweight,0,U-DEC,3,5:00
UFC 323: Dvalishvili vs. Yan 2,Jan Blachowicz,Bogdan Guskov,Light Heavyweight,0,M-DEC,3,5:00
UFC 323: Dvalishvili vs. Yan 2,Manuel Torres,Grant Dawson,Lightweight,0,KO/TKO Punch,1,2:25
UFC 323: Dvalishvili vs. Yan 2,Chris Duncan,Terrance McKinney,Lightweight,0,SUB Anaconda Choke,1,2:30
UFC 323: Dvalishvili vs. Yan 2,Maycee Barber,Karine Silva,Women's Flyweight,0,U-DEC,3,5:00
UFC 323: Dvalishvili vs. Yan 2,Fares Ziam,Nazim Sadykhov,Lightweight,0,KO/TKO Punches,2,4:59
UFC 323: Dvalishvili vs. Yan 2,Brunno Ferreira,Marvin Vettori,Middleweight,0,U-DEC,3,5:00
UFC 323: Dvalishvili vs. Yan 2,Jalin Turner,Edson Barboza,Lightweight,0,KO/TKO Punches,1,2:24
UFC 323: Dvalishvili vs. Yan 2,Iwo Baraniewski,Ibo Aslan,Light Heavyweight,0,KO/TKO Punches,1,1:29
UFC 323: Dvalishvili vs. Yan 2,Mansur Abdul-Malik,Antonio Trocoli,Middleweight,0,SUB Guillotine Choke,1,1:09
UFC 323: Dvalishvili vs. Yan 2,Mairon Santos,Muhammad Naimov,Featherweight,0,KO/TKO Punches,3,0:21
UFC Fight Night: Tsarukyan vs. Hooker,Arman Tsarukyan,Dan Hooker,Lightweight,0,SUB Arm Triangle,2,3:34
UFC Fight Night: Tsarukyan vs. Hooker,Ian Machado Garry,Belal Muhammad,Welterweight,0,U-DEC,3,5:00
UFC Fight Night: Tsarukyan vs. Hooker,Volkan Oezdemir,Alonzo Menifield,Light Heavyweight,0,KO/TKO Punches,1,1:27
UFC Fight Night: Tsarukyan vs. Hooker,Myktybek Orolbai,Jack Hermansson,Welterweight,0,KO/TKO Punch,1,2:46
UFC Fight Night: Tsarukyan vs. Hooker,Waldo Cortes Acosta,Shamil Gaziev,Heavyweight,0,KO/TKO Punch,1,1:22
UFC Fight Night: Tsarukyan vs. Hooker,Kyoji Horiguchi,Tagir Ulanbekov,Flyweight,0,SUB Rear Naked Choke,3,2:18
UFC Fight Night: Tsarukyan vs. Hooker,Luke Riley,Bogdan Grad,Featherweight,0,KO/TKO Punches,2,0:30
UFC Fight Night: Tsarukyan vs. Hooker,Nicolas Dalby,Saygid Izagakhmaev,Welterweight,0,S-DEC,3,5:00
UFC Fight Night: Tsarukyan vs. Hooker,Asu Almabayev,Alex Perez,Flyweight,0,SUB Guillotine Choke,3,0:22
UFC Fight Night: Tsarukyan vs. Hooker,Abdul Rakhman Yakhyaev,Rafael Cerqueira,Light Heavyweight,0,SUB Rear Naked Choke,1,0:33
UFC Fight Night: Tsarukyan vs. Hooker,Aleksandre Topuria,Bekzat Almakhan,Bantamweight,0,U-DEC,3,5:00
UFC Fight Night: Tsarukyan vs. Hooker,Ismail Naurdiev,Ryan Loder,Middleweight,0,KO/TKO Punch,1,1:26
UFC Fight Night: Tsarukyan vs. Hooker,Nurullo Aliev,Shem Rock,Lightweight,0,U-DEC,3,5:00
UFC Fight Night: Tsarukyan vs. Hooker,Denzel Freeman,Marek Bujlo,Heavyweight,0,U-DEC,3,5:00
UFC 322: Della Maddalena vs. Makhachev,Islam Makhachev,Jack Della Maddalena,Welterweight,1,U-DEC,5,5:00
UFC 322: Della Maddalena vs. Makhachev,Valentina Shevchenko,Zhang Weili,Women's Flyweight,1,U-DEC,5,5:00
UFC 322: Della Maddalena vs. Makhachev,Michael Morales,Sean Brady,Welterweight,0,KO/TKO Punches,1,3:27
UFC 322: Della Maddalena vs. Makhachev,Carlos Prates,Leon Edwards,Welterweight,0,KO/TKO Punch,2,1:28
UFC 322: Della Maddalena vs. Makhachev,Benoit Saint Denis,Beneil Dariush,Lightweight,0,KO/TKO Punch,1,0:16
UFC 322: Della Maddalena vs. Makhachev,Bo Nickal,Rodolfo Vieira,Middleweight,0,KO/TKO Kick,3,2:24
UFC 322: Della Maddalena vs. Makhachev,Gregory Rodrigues,Roman Kopylov,Middleweight,0,U-DEC,3,5:00
UFC 322: Della Maddalena vs. Makhachev,Erin Blanchfield,Tracy Cortez,Women's Flyweight,0,SUB Rear Naked Choke,2,4:44
UFC 322: Della Maddalena vs. Makhachev,Ethyn Ewing,Malcolm Wellmaker,Featherweight,0,U-DEC,3,5:00
UFC 322: Della Maddalena vs. Makhachev,Kyle Daukaus,Gerald Meerschaert,Middleweight,0,SUB D'Arce Choke,1,0:50
UFC 322: Della Maddalena vs. Makhachev,Pat Sabatini,Chepe Mariscal,Featherweight,0,U-DEC,3,5:00
UFC 322: Della Maddalena vs. Makhachev,Fatima Kline,Angela Hill,Women's Strawweight,0,U-DEC,3,5:00
UFC 322: Della Maddalena vs. Makhachev,Baisangur Susurkaev,Eric McConico,Middleweight,0,KO/TKO Punch,3,1:38
UFC 322: Della Maddalena vs. Makhachev,Matheus Camilo,Viacheslav Borshchev,Lightweight,0,U-DEC,3,5:00
UFC Fight Night: Bonfim vs. Brown,Gabriel Bonfim,Randy Brown,Welterweight,0,KO/TKO Knee,2,1:40
UFC Fight Night: Bonfim vs. Brown,Joseph Morales,Matt Schnell,Flyweight,0,SUB Guillotine Choke,1,2:54
UFC Fight Night: Bonfim vs. Brown,Uros Medic,Muslim Salikhov,Welterweight,0,KO/TKO Punch,1,1:03
UFC Fight Night: Bonfim vs. Brown,Chris Padilla,Ismael Bonfim,Lightweight,0,KO/TKO Punches,2,4:30
UFC Fight Night: Bonfim vs. Brown,Christian Leroy Duncan,Marco Tulio,Middleweight,0,KO/TKO Punch,2,3:20
UFC Fight Night: Bonfim vs. Brown,Jamall Emmers,Hyder Amil,Featherweight,0,U-DEC,3,5:00
UFC Fight Night: Bonfim vs. Brown,Raoni Barcelos,Ricky Simon,Bantamweight,0,U-DEC,3,5:00
UFC Fight Night: Bonfim vs. Brown,Jacqueline Cavalcanti,Mayra Bueno Silva,Women's Bantamweight,0,U-DEC,3,5:00
UFC Fight Night: Bonfim vs. Brown,Josh Hokit,Max Gimenis,Heavyweight,0,KO/TKO Punches,1,0:56
UFC Fight Night: Bonfim vs. Brown,Denise Gomes,Tecia Pennington,Women's Strawweight,0,U-DEC,3,5:00
UFC Fight Night: Bonfim vs. Brown,Daniel Marcos,Miles Johns,Bantamweight,0,SUB Rear Naked Choke,2,4:23
UFC Fight Night: Bonfim vs. Brown,Zach Reese,Jackson McVey,Catch Weight,0,SUB Rear Naked Choke,2,1:38
UFC Fight Night: Garcia vs. Onama,Steve Garcia,David Onama,Featherweight,0,KO/TKO Punches,1,3:34
UFC Fight Night: Garcia vs. Onama,Waldo Cortes Acosta,Ante Delija,Heavyweight,0,KO/TKO Punch,1,3:59
UFC Fight Night: Garcia vs. Onama,Jeremiah Wells,Themba Gorimbo,Welterweight,0,U-DEC,3,5:00
UFC Fight Night: Garcia vs. Onama,Yadier del Valle,Isaac Dulgarian,Featherweight,0,SUB Rear Naked Choke,1,3:41
UFC Fight Night: Garcia vs. Onama,Charles Radtke,Daniel Frunza,Welterweight,0,SUB Rear Naked Choke,3,4:29
UFC Fight Night: Garcia vs. Onama,Allan Nascimento,Cody Durden,Catch Weight,0,SUB Anaconda Choke,2,3:13
UFC Fight Night: Garcia vs. Onama,Billy Elekana,Kevin Christian,Light Heavyweight,0,SUB Rear Naked Choke,1,3:33
UFC Fight Night: Garcia vs. Onama,Timmy Cuamba,ChangHo Lee,Bantamweight,0,U-DEC,3,5:00
UFC Fight Night: Garcia vs. Onama,Donte Johnson,Sedriques Dumas,Middleweight,0,SUB Guillotine Choke,2,1:25
UFC Fight Night: Garcia vs. Onama,Norma Dumont,Ketlen Vieira,Women's Bantamweight,0,S-DEC,3,5:00
UFC Fight Night: Garcia vs. Onama,Alice Ardelean,Montserrat Conejo Ruiz,Women's Strawweight,0,U-DEC,3,5:00
UFC Fight Night: Garcia vs. Onama,Seokhyeon Ko,Phil Rowe,Welterweight,0,U-DEC,3,5:00
UFC Fight Night: Garcia vs. Onama,Talita Alencar,Ariane Carnelossi,Women's Strawweight,0,SUB Rear Naked Choke,3,4:36
UFC 321: Aspinall vs. Gane,Tom Aspinall,Ciryl Gane,Heavyweight,1,CNC,1,4:35
UFC 321: Aspinall vs. Gane,Mackenzie Dern,Virna Jandiroba,Women's Strawweight,1,U-DEC,5,5:00
UFC 321: Aspinall vs. Gane,Umar Nurmagomedov,Mario Bautista,Bantamweight,0,U-DEC,3,5:00
UFC 321: Aspinall vs. Gane,Alexander Volkov,Jailton Almeida,Heavyweight,0,S-DEC,3,5:00
UFC 321: Aspinall vs. Gane,Azamat Murzakanov,Aleksandar Rakic,Light Heavyweight,0,KO/TKO Punch,1,3:11
UFC 321: Aspinall vs. Gane,Quillan Salkilld,Nasrat Haqparast,Lightweight,0,KO/TKO Kick,1,2:30
UFC 321: Aspinall vs. Gane,Ikram Aliskerov,JunYong Park,Middleweight,0,U-DEC,3,5:00
UFC 321: Aspinall vs. Gane,Ludovit Klein,Mateusz Rebecki,Lightweight,0,M-DEC,3,5:00
UFC 321: Aspinall vs. Gane,Valter Walker,Louie Sutherland,Heavyweight,0,SUB Heel Hook,1,1:24
UFC 321: Aspinall vs. Gane,Nathaniel Wood,Jose Delgado,Featherweight,0,U-DEC,3,5:00
UFC 321: Aspinall vs. Gane,Hamdy Abdelwahab,Chris Barnett,Heavyweight,0,U-DEC,3,5:00
UFC 321: Aspinall vs. Gane,Mitch Raposo,Azat Maksum,Flyweight,0,U-DEC,3,5:00
UFC 321: Aspinall vs. Gane,Mizuki,Jaqueline Amorim,Women's Strawweight,0,U-DEC,3,5:00
UFC Fight Night: De Ridder vs. Allen,Brendan Allen,Reinier de Ridder,Middleweight,0,KO/TKO,4,5:00
UFC Fight Night: De Ridder vs. Allen,Mike Malott,Kevin Holland,Welterweight,0,U-DEC,3,5:00
UFC Fight Night: De Ridder vs. Allen,Aiemann Zahabi,Marlon Vera,Bantamweight,0,S-DEC,3,5:00
UFC Fight Night: De Ridder vs. Allen,Manon Fiorot,Jasmine Jasudavicius,Women's Flyweight,0,KO/TKO Punches,1,1:14
UFC Fight Night: De Ridder vs. Allen,Charles Jourdain,Davey Grant,Bantamweight,0,SUB Guillotine Choke,1,3:05
UFC Fight Night: De Ridder vs. Allen,Kyle Nelson,Matt Frevola,Lightweight,0,U-DEC,3,5:00
UFC Fight Night: De Ridder vs. Allen,Drew Dober,Kyle Prepolec,Lightweight,0,KO/TKO Punches,3,1:16
UFC Fight Night: De Ridder vs. Allen,Aoriqileng,Cody Gibson,Bantamweight,0,KO/TKO Punch,1,0:21
UFC Fight Night: De Ridder vs. Allen,Bruno Silva,HyunSung Park,Flyweight,0,SUB Rear Naked Choke,3,2:15
UFC Fight Night: De Ridder vs. Allen,Djorden Santos,Danny Barlow,Middleweight,0,U-DEC,3,5:00
UFC Fight Night: De Ridder vs. Allen,Stephanie Luciano,Ravena Oliveira,Women's Strawweight,0,SUB Rear Naked Choke,3,2:50
UFC Fight Night: De Ridder vs. Allen,Yousri Belgaroui,Azamat Bekoev,Middleweight,0,KO/TKO Punches,3,0:55
UFC Fight Night: De Ridder vs. Allen,Melissa Croden,Tainara Lisboa,Women's Bantamweight,0,KO/TKO Punches,3,4:32
UFC Fight Night: Oliveira vs. Gamrot,Charles Oliveira,Mateusz Gamrot,Lightweight,0,SUB Rear Naked Choke,2,2:48
UFC Fight Night: Oliveira vs. Gamrot,Deiveson Figueiredo,Montel Jackson,Bantamweight,0,S-DEC,3,5:00
UFC Fight Night: Oliveira vs. Gamrot,Joel Alvarez,Vicente Luque,Welterweight,0,U-DEC,3,5:00
UFC Fight Night: Oliveira vs. Gamrot,Mario Pinto,Jhonata Diniz,Heavyweight,0,KO/TKO Punches,2,4:10
UFC Fight Night: Oliveira vs. Gamrot,Kaan Ofli,Ricardo Ramos,Featherweight,0,SUB Rear Naked Choke,1,3:02
UFC Fight Night: Oliveira vs. Gamrot,Michael Aswell Jr.,Lucas Almeida,Featherweight,0,KO/TKO Punches,1,1:42
UFC Fight Night: Oliveira vs. Gamrot,Jafel Filho,Clayton Carpenter,Flyweight,0,SUB Kimura,1,4:42
UFC Fight Night: Oliveira vs. Gamrot,Vitor Petrino,Thomas Petersen,Heavyweight,0,KO/TKO Punch,3,0:26
UFC Fight Night: Oliveira vs. Gamrot,Bia Mesquita,Irina Alekseeva,Women's Bantamweight,0,SUB Rear Naked Choke,2,2:14
UFC Fight Night: Oliveira vs. Gamrot,Lucas Rocha,Stewart Nicoll,Flyweight,0,U-DEC,3,5:00
UFC Fight Night: Oliveira vs. Gamrot,Julia Polastri,Karolina Kowalkiewicz,Women's Strawweight,0,KO/TKO Punches,3,2:56
UFC Fight Night: Oliveira vs. Gamrot,Luan Lacerda,Saimon Oliveira,Bantamweight,0,SUB Armbar,2,3:55
UFC 320: Ankalaev vs. Pereira 2,Alex Pereira,Magomed Ankalaev,Light Heavyweight,1,KO/TKO Elbows,1,1:20
UFC 320: Ankalaev vs. Pereira 2,Merab Dvalishvili,Cory Sandhagen,Bantamweight,1,U-DEC,5,5:00
UFC 320: Ankalaev vs. Pereira 2,Jiri Prochazka,Khalil Rountree Jr.,Light Heavyweight,0,KO/TKO Punches,3,3:04
UFC 320: Ankalaev vs. Pereira 2,Youssef Zalal,Josh Emmett,Featherweight,0,SUB Armbar,1,1:38
UFC 320: Ankalaev vs. Pereira 2,Joe Pyfer,Abus Magomedov,Middleweight,0,SUB Rear Naked Choke,2,1:46
UFC 320: Ankalaev vs. Pereira 2,Ateba Gautier,Tre'ston Vines,Middleweight,0,KO/TKO Punches,1,1:41
UFC 320: Ankalaev vs. Pereira 2,Daniel Santos,JooSang Yoo,Catch Weight,0,KO/TKO Punch,2,0:21
UFC 320: Ankalaev vs. Pereira 2,Jakub Wiklacz,Patchy Mix,Bantamweight,0,S-DEC,3,5:00
UFC 320: Ankalaev vs. Pereira 2,Edmen Shahbazyan,Andre Muniz,Middleweight,0,KO/TKO Elbows,1,4:58
UFC 320: Ankalaev vs. Pereira 2,Punahele Soriano,Nikolay Veretennikov,Welterweight,0,U-DEC,3,5:00
UFC 320: Ankalaev vs. Pereira 2,Yana Santos,Macy Chiasson,Women's Bantamweight,0,U-DEC,3,5:00
UFC 320: Ankalaev vs. Pereira 2,Farid Basharat,Chris Gutierrez,Bantamweight,0,U-DEC,3,5:00
UFC 320: Ankalaev vs. Pereira 2,Ramiz Brahimaj,Austin Vanderford,Welterweight,0,SUB Guillotine Choke,2,2:24
UFC 320: Ankalaev vs. Pereira 2,Veronica Hardy,Brogan Walker,Women's Flyweight,0,U-DEC,3,5:00
UFC Fight Night: Ulberg vs. Reyes,Carlos Ulberg,Dominick Reyes,Light Heavyweight,0,KO/TKO Punches,1,4:27
UFC Fight Night: Ulberg vs. Reyes,Jimmy Crute,Ivan Erslan,Light Heavyweight,0,SUB Rear Naked Choke,1,3:19
UFC Fight Night: Ulberg vs. Reyes,Jack Jenkins,Ramon Taveras,Featherweight,0,U-DEC,3,5:00
UFC Fight Night: Ulberg vs. Reyes,Neil Magny,Jake Matthews,Welterweight,0,SUB D'Arce Choke,3,3:08
UFC Fight Night: Ulberg vs. Reyes,Tom Nolan,Charlie Campbell,Lightweight,0,SUB Rear Naked Choke,1,4:08
UFC Fight Night: Ulberg vs. Reyes,Navajo Stirling,Rodolfo Bellato,Light Heavyweight,0,U-DEC,3,5:00
UFC Fight Night: Ulberg vs. Reyes,Cam Rowston,Andre Petroski,Middleweight,0,KO/TKO Punches,1,2:41
UFC Fight Night: Ulberg vs. Reyes,Jamie Mullarkey,Rolando Bedoya,Lightweight,0,U-DEC,3,5:00
UFC Fight Night: Ulberg vs. Reyes,Colby Thicknesse,Josias Musasa,Bantamweight,0,U-DEC,3,5:00
UFC Fight Night: Ulberg vs. Reyes,Michelle Montague,Luana Carolina,Women's Bantamweight,0,U-DEC,3,5:00
UFC Fight Night: Ulberg vs. Reyes,Brando Pericic,Elisha Ellison,Heavyweight,0,KO/TKO Punches,1,1:55
UFC Fight Night: Ulberg vs. Reyes,Alexia Thainara,Loma Lookboonmee,Women's Strawweight,0,U-DEC,3,5:00
UFC Fight Night: Lopes vs. Silva,Diego Lopes,Jean Silva,Featherweight,0,KO/TKO Punches,2,4:48
UFC Fight Night: Lopes vs. Silva,David Martinez,Rob Font,Bantamweight,0,U-DEC,3,5:00
UFC Fight Night: Lopes vs. Silva,Rafa Garcia,Jared Gordon,Lightweight,0,KO/TKO Elbows,3,2:27
UFC Fight Night: Lopes vs. Silva,Kelvin Gastelum,Dustin Stoltzfus,Middleweight,0,U-DEC,3,5:00
UFC Fight Night: Lopes vs. Silva,Alexander Hernandez,Diego Ferreira,Lightweight,0,KO/TKO Punches,2,3:46
UFC Fight Night: Lopes vs. Silva,Santiago Luna,Quang Le,Bantamweight,0,KO/TKO Punch,1,2:48
UFC Fight Night: Lopes vs. Silva,Dusko Todorovic,Jose Daniel Medina,Middleweight,0,SUB Rear Naked Choke,1,4:21
UFC Fight Night: Lopes vs. Silva,Joaquim Silva,Claudio Puelles,Lightweight,0,S-DEC,3,5:00
UFC Fight Night: Lopes vs. Silva,Tatiana Suarez,Amanda Lemos,Women's Strawweight,0,U-DEC,3,5:00
UFC Fight Night: Lopes vs. Silva,Jesus Aguilar,Luis Gurule,Flyweight,0,U-DEC,3,5:00
UFC Fight Night: Lopes vs. Silva,Zach Reese,Sedriques Dumas,Middleweight,0,CNC,1,0:51
UFC Fight Night: Lopes vs. Silva,Alden Coria,Alessandro Costa,Flyweight,0,KO/TKO Punches,3,0:47
UFC Fight Night: Lopes vs. Silva,Montse Rendon,Alice Pereira,Women's Bantamweight,0,S-DEC,3,5:00
UFC Fight Night: Lopes vs. Silva,Daniil Donchenko,Rodrigo Sezinando,Welterweight,1,KO/TKO Punches,1,4:27
UFC Fight Night: Imavov vs. Borralho,Nassourdine Imavov,Caio Borralho,Middleweight,0,U-DEC,5,5:00
UFC Fight Night: Imavov vs. Borralho,Benoit Saint Denis,Mauricio Ruffy,Lightweight,0,SUB Rear Naked Choke,2,2:56
UFC Fight Night: Imavov vs. Borralho,Modestas Bukauskas,Paul Craig,Light Heavyweight,0,KO/TKO Elbow,1,5:00
UFC Fight Night: Imavov vs. Borralho,Mason Jones,Bolaji Oki,Lightweight,0,KO/TKO Elbows,2,3:18
UFC Fight Night: Imavov vs. Borralho,Axel Sola,Rhys McKee,Welterweight,0,KO/TKO Punch,3,2:02
UFC Fight Night: Imavov vs. Borralho,William Gomis,Robert Ruchala,Featherweight,0,U-DEC,3,5:00
UFC Fight Night: Imavov vs. Borralho,Oumar Sy,Brendson Ribeiro,Light Heavyweight,0,KO/TKO Punches,1,4:42
UFC Fight Night: Imavov vs. Borralho,Ante Delija,Marcin Tybura,Heavyweight,0,KO/TKO Punches,1,2:03
UFC Fight Night: Imavov vs. Borralho,Kaue Fernandes,Harry Hardwick,Lightweight,0,KO/TKO Kick,1,3:21
UFC Fight Night: Imavov vs. Borralho,Sam Patterson,Trey Waters,Welterweight,0,KO/TKO Punches,1,3:01
UFC Fight Night: Imavov vs. Borralho,Robert Bryczek,Brad Tavares,Middleweight,0,KO/TKO Punches,3,1:43
UFC Fight Night: Imavov vs. Borralho,Rinat Fakhretdinov,Andreas Gustafsson,Welterweight,0,KO/TKO Punches,1,0:54
UFC Fight Night: Imavov vs. Borralho,Sam Hughes,Shauna Bannon,Women's Strawweight,0,SUB Rear Naked Choke,2,1:58
UFC Fight Night: Walker vs. Zhang,Johnny Walker,Zhang Mingyang,Light Heavyweight,0,KO/TKO Punches,2,2:37
UFC Fight Night: Walker vs. Zhang,Aljamain Sterling,Brian Ortega,Catch Weight,0,U-DEC,5,5:00
UFC Fight Night: Walker vs. Zhang,Sergei Pavlovich,Waldo Cortes Acosta,Heavyweight,0,U-DEC,3,5:00
UFC Fight Night: Walker vs. Zhang,Sumudaerji,Kevin Borjas,Flyweight,0,U-DEC,3,5:00
UFC Fight Night: Walker vs. Zhang,Taiyilake Nueraji,Kiefer Crosbie,Welterweight,0,KO/TKO Elbows,1,3:33
UFC Fight Night: Walker vs. Zhang,Gauge Young,Maheshate,Lightweight,0,U-DEC,3,5:00
UFC Fight Night: Walker vs. Zhang,Charles Johnson,Lone'er Kavanagh,Flyweight,0,KO/TKO Punch,2,4:35
UFC Fight Night: Walker vs. Zhang,Rongzhu,Austin Hubbard,Lightweight,0,U-DEC,3,5:00
UFC Fight Night: Walker vs. Zhang,Kyle Daukaus,Michel Pereira,Middleweight,0,KO/TKO Elbows,1,0:43
UFC Fight Night: Walker vs. Zhang,Yizha,Westin Wilson,Featherweight,0,KO/TKO Punches,1,0:37
UFC Fight Night: Walker vs. Zhang,SuYoung You,Xiao Long,Bantamweight,0,U-DEC,3,5:00
UFC Fight Night: Walker vs. Zhang,Uran Satybaldiev,Diyar Nurgozhay,Light Heavyweight,0,SUB Ezekiel Choke,1,2:45
UFC 319: Du Plessis vs. Chimaev,Khamzat Chimaev,Dricus Du Plessis,Middleweight,1,U-DEC,5,5:00
UFC 319: Du Plessis vs. Chimaev,Lerone Murphy,Aaron Pico,Featherweight,0,KO/TKO Spinning Back Elbow,1,3:21
UFC 319: Du Plessis vs. Chimaev,Carlos Prates,Geoff Neal,Welterweight,0,KO/TKO Spinning Back Elbow,1,4:59
UFC 319: Du Plessis vs. Chimaev,Michael Page,Jared Cannonier,Middleweight,0,U-DEC,3,5:00
UFC 319: Du Plessis vs. Chimaev,Tim Elliott,Kai Asakura,Flyweight,0,SUB Guillotine Choke,2,4:39
UFC 319: Du Plessis vs. Chimaev,Baisangur Susurkaev,Eric Nolan,Middleweight,0,SUB Rear Naked Choke,2,2:01
UFC 319: Du Plessis vs. Chimaev,Michal Oleksiejczuk,Gerald Meerschaert,Middleweight,0,KO/TKO Punches,1,3:03
UFC 319: Du Plessis vs. Chimaev,Loopy Godinez,Jessica Andrade,Women's Strawweight,0,U-DEC,3,5:00
UFC 319: Du Plessis vs. Chimaev,Alexander Hernandez,Chase Hooper,Lightweight,0,KO/TKO Punch,1,4:58
UFC 319: Du Plessis vs. Chimaev,Drakkar Klose,Edson Barboza,Lightweight,0,U-DEC,3,5:00
UFC 319: Du Plessis vs. Chimaev,Karine Silva,Dione Barbosa,Women's Flyweight,0,U-DEC,3,5:00
UFC 319: Du Plessis vs. Chimaev,Joseph Morales,Alibi Idiris,Flyweight,1,SUB Triangle Choke,2,3:04
UFC Fight Night: Dolidze vs. Hernandez,Anthony Hernandez,Roman Dolidze,Middleweight,0,SUB Rear Naked Choke,4,2:45
UFC Fight Night: Dolidze vs. Hernandez,Steve Erceg,Ode Osbourne,Bantamweight,0,U-DEC,3,5:00
UFC Fight Night: Dolidze vs. Hernandez,Iasmin Lucindo,Angela Hill,Women's Strawweight,0,U-DEC,3,5:00
UFC Fight Night: Dolidze vs. Hernandez,Andre Fili,Christian Rodriguez,Featherweight,0,S-DEC,3,5:00
UFC Fight Night: Dolidze vs. Hernandez,Jean Matsumoto,Miles Johns,Bantamweight,0,S-DEC,3,5:00
UFC Fight Night: Dolidze vs. Hernandez,Christian Leroy Duncan,Eryk Anders,Middleweight,0,KO/TKO Punches,1,3:53
UFC Fight Night: Dolidze vs. Hernandez,Julius Walker,Rafael Cerqueira,Light Heavyweight,0,U-DEC,3,5:00
UFC Fight Night: Dolidze vs. Hernandez,Elijah Smith,Toshiomi Kazama,Bantamweight,0,KO/TKO Slam,1,4:10
UFC Fight Night: Dolidze vs. Hernandez,Joselyne Edwards,Priscila Cachoeira,Women's Bantamweight,0,KO/TKO Punch,1,2:24
UFC Fight Night: Dolidze vs. Hernandez,Uros Medic,Gilbert Urbina,Welterweight,0,KO/TKO Punch,1,1:03
UFC Fight Night: Dolidze vs. Hernandez,Gabriella Fernandes,Julija Stoliarenko,Women's Flyweight,0,U-DEC,3,5:00
UFC Fight Night: Dolidze vs. Hernandez,Eric McConico,Cody Brundage,Light Heavyweight,0,S-DEC,3,5:00
UFC Fight Night: Taira vs. Park,Tatsuro Taira,HyunSung Park,Flyweight,0,SUB Neck Crank,2,1:06
UFC Fight Night: Taira vs. Park,Chris Duncan,Mateusz Rebecki,Lightweight,0,U-DEC,3,5:00
UFC Fight Night: Taira vs. Park,Esteban Ribovics,Elves Brener,Lightweight,0,U-DEC,3,5:00
UFC Fight Night: Taira vs. Park,Karol Rosa,Nora Cornolle,Women's Bantamweight,0,U-DEC,3,5:00
UFC Fight Night: Taira vs. Park,Neil Magny,Elizeu Zaleski dos Santos,Welterweight,0,KO/TKO Punches,2,4:39
UFC Fight Night: Taira vs. Park,Kevin Vallejos,Danny Silva,Featherweight,0,U-DEC,3,5:00
UFC Fight Night: Taira vs. Park,Rinya Nakamura,Nathan Fletcher,Bantamweight,0,KO/TKO Kick,1,1:02
UFC Fight Night: Taira vs. Park,Rodolfo Vieira,Tresean Gore,Middleweight,0,U-DEC,3,5:00
UFC Fight Night: Taira vs. Park,Andrey Pulyaev,Nick Klein,Middleweight,0,KO/TKO Kick,2,1:31
UFC Fight Night: Taira vs. Park,Austin Bashi,John Yannis,Featherweight,0,SUB Rear Naked Choke,1,3:39
UFC Fight Night: Taira vs. Park,Rafael Estevam,Felipe Bunes,Flyweight,0,U-DEC,3,5:00
UFC Fight Night: Taira vs. Park,Piera Rodriguez,Ketlen Souza,Women's Strawweight,0,S-DEC,3,5:00
UFC Fight Night: Whittaker vs. De Ridder,Reinier de Ridder,Robert Whittaker,Middleweight,0,S-DEC,5,5:00
UFC Fight Night: Whittaker vs. De Ridder,Petr Yan,Marcus McGhee,Bantamweight,0,U-DEC,3,5:00
UFC Fight Night: Whittaker vs. De Ridder,Shara Magomedov,Marc-Andre Barriault,Middleweight,0,U-DEC,3,5:00
UFC Fight Night: Whittaker vs. De Ridder,Asu Almabayev,Jose Ochoa,Flyweight,0,U-DEC,3,5:00
UFC Fight Night: Whittaker vs. De Ridder,Bogdan Guskov,Nikita Krylov,Light Heavyweight,0,KO/TKO Punches,1,4:18
UFC Fight Night: Whittaker vs. De Ridder,Bryce Mitchell,Said Nurmagomedov,Bantamweight,0,U-DEC,3,5:00
UFC Fight Night: Whittaker vs. De Ridder,Muslim Salikhov,Carlos Leal,Welterweight,0,KO/TKO Punch,1,0:42
UFC Fight Night: Whittaker vs. De Ridder,Davey Grant,Da'Mon Blackshear,Bantamweight,0,U-DEC,3,5:00
UFC Fight Night: Whittaker vs. De Ridder,Tabatha Ricci,Amanda Ribas,Women's Strawweight,0,KO/TKO Elbow,2,2:59
UFC Fight Night: Whittaker vs. De Ridder,Billy Elekana,Ibo Aslan,Light Heavyweight,0,U-DEC,3,5:00
UFC Fight Night: Whittaker vs. De Ridder,Steven Nguyen,Mohammad Yahya,Featherweight,0,KO/TKO,2,5:00
UFC Fight Night: Whittaker vs. De Ridder,Martin Buday,Marcus Buchecha,Heavyweight,0,U-DEC,3,5:00
UFC 318: Holloway vs. Poirier 3,Max Holloway,Dustin Poirier,Lightweight,0,U-DEC,5,5:00
UFC 318: Holloway vs. Poirier 3,Paulo Costa,Roman Kopylov,Middleweight,0,U-DEC,3,5:00
UFC 318: Holloway vs. Poirier 3,Daniel Rodriguez,Kevin Holland,Welterweight,0,U-DEC,3,5:00
UFC 318: Holloway vs. Poirier 3,Patricio Freire,Dan Ige,Featherweight,0,U-DEC,3,5:00
UFC 318: Holloway vs. Poirier 3,Michael Johnson,Daniel Zellhuber,Lightweight,0,U-DEC,3,5:00
UFC 318: Holloway vs. Poirier 3,Vinicius Oliveira,Kyler Phillips,Bantamweight,0,U-DEC,3,5:00
UFC 318: Holloway vs. Poirier 3,Brendan Allen,Marvin Vettori,Middleweight,0,U-DEC,3,5:00
UFC 318: Holloway vs. Poirier 3,Nikolay Veretennikov,Francisco Prado,Welterweight,0,S-DEC,3,5:00
UFC 318: Holloway vs. Poirier 3,Ateba Gautier,Robert Valentin,Middleweight,0,KO/TKO Punch,1,1:10
UFC 318: Holloway vs. Poirier 3,Islam Dulatov,Adam Fugitt,Welterweight,0,KO/TKO Punch,1,4:06
UFC 318: Holloway vs. Poirier 3,Jimmy Crute,Marcin Prachnio,Light Heavyweight,0,SUB Armbar,1,4:42
UFC 318: Holloway vs. Poirier 3,Ryan Spann,Lukasz Brzeski,Heavyweight,0,SUB Guillotine Choke,1,2:47
UFC 318: Holloway vs. Poirier 3,Brunno Ferreira,Jackson McVey,Middleweight,0,SUB Armbar,1,3:35
UFC 318: Holloway vs. Poirier 3,Carli Judice,Nicolle Caliari,Women's Flyweight,0,KO/TKO Knee,3,1:30
UFC Fight Night: Lewis vs. Teixeira,Derrick Lewis,Tallison Teixeira,Heavyweight,0,KO/TKO Punches,1,0:35
UFC Fight Night: Lewis vs. Teixeira,Gabriel Bonfim,Stephen Thompson,Welterweight,0,S-DEC,3,5:00
UFC Fight Night: Lewis vs. Teixeira,Steve Garcia,Calvin Kattar,Featherweight,0,U-DEC,3,5:00
UFC Fight Night: Lewis vs. Teixeira,Morgan Charriere,Nate Landwehr,Featherweight,0,KO/TKO Punch,3,0:27
UFC Fight Night: Lewis vs. Teixeira,Vitor Petrino,Austen Lane,Heavyweight,0,SUB Rear Naked Choke,1,4:16
UFC Fight Night: Lewis vs. Teixeira,Tuco Tokkos,Junior Tafa,Light Heavyweight,0,SUB Arm Triangle,2,4:25
UFC Fight Night: Lewis vs. Teixeira,Chris Curtis,Max Griffin,Welterweight,0,S-DEC,3,5:00
UFC Fight Night: Lewis vs. Teixeira,Jake Matthews,Chidi Njokuani,Welterweight,0,SUB Rear Naked Choke,1,1:09
UFC Fight Night: Lewis vs. Teixeira,Eduarda Moura,Lauren Murphy,Women's Flyweight,0,U-DEC,3,5:00
UFC Fight Night: Lewis vs. Teixeira,Valter Walker,Kennedy Nzechukwu,Heavyweight,0,SUB Heel Hook,1,0:54
UFC Fight Night: Lewis vs. Teixeira,Mike Davis,Mitch Ramirez,Lightweight,0,KO/TKO Punches,2,4:08
UFC Fight Night: Lewis vs. Teixeira,Fatima Kline,Melissa Martinez,Women's Strawweight,0,KO/TKO Kick,3,2:36
UFC 317: Topuria vs. Oliveira,Ilia Topuria,Charles Oliveira,Lightweight,1,KO/TKO Punch,1,2:27
UFC 317: Topuria vs. Oliveira,Alexandre Pantoja,Kai Kara-France,Flyweight,1,SUB Rear Naked Choke,3,1:55
UFC 317: Topuria vs. Oliveira,Joshua Van,Brandon Royval,Flyweight,0,U-DEC,3,5:00
UFC 317: Topuria vs. Oliveira,Beneil Dariush,Renato Moicano,Lightweight,0,U-DEC,3,5:00
UFC 317: Topuria vs. Oliveira,Payton Talbott,Felipe Lima,Bantamweight,0,U-DEC,3,5:00
UFC 317: Topuria vs. Oliveira,Gregory Rodrigues,Jack Hermansson,Middleweight,0,KO/TKO Punch,1,4:21
UFC 317: Topuria vs. Oliveira,Jose Delgado,Hyder Amil,Featherweight,0,KO/TKO Knee,1,0:26
UFC 317: Topuria vs. Oliveira,Tracy Cortez,Viviane Araujo,Women's Flyweight,0,U-DEC,3,5:00
UFC 317: Topuria vs. Oliveira,Terrance McKinney,Viacheslav Borshchev,Lightweight,0,SUB Guillotine Choke,1,0:55
UFC 317: Topuria vs. Oliveira,Jacobe Smith,Niko Price,Welterweight,0,SUB Rear Naked Choke,2,4:03
UFC 317: Topuria vs. Oliveira,Jhonata Diniz,Alvin Hines,Heavyweight,0,U-DEC,3,5:00
UFC Fight Night: Hill vs. Rountree Jr.,Khalil Rountree Jr.,Jamahal Hill,Light Heavyweight,0,U-DEC,5,5:00
UFC Fight Night: Hill vs. Rountree Jr.,Rafael Fiziev,Ignacio Bahamondes,Lightweight,0,U-DEC,3,5:00
UFC Fight Night: Hill vs. Rountree Jr.,Curtis Blaydes,Rizvan Kuniev,Heavyweight,0,S-DEC,3,5:00
UFC Fight Night: Hill vs. Rountree Jr.,Myktybek Orolbai,Tofiq Musayev,Catch Weight,0,SUB Kimura,1,4:35
UFC Fight Night: Hill vs. Rountree Jr.,Nazim Sadykhov,Nikolas Motta,Lightweight,0,KO/TKO Punches,2,4:17
UFC Fight Night: Hill vs. Rountree Jr.,Muhammad Naimov,Bogdan Grad,Featherweight,0,U-DEC,3,5:00
UFC Fight Night: Hill vs. Rountree Jr.,Seokhyeon Ko,Oban Elliott,Welterweight,0,U-DEC,3,5:00
UFC Fight Night: Hill vs. Rountree Jr.,JunYong Park,Ismail Naurdiev,Middleweight,0,U-DEC,3,5:00
UFC Fight Night: Hill vs. Rountree Jr.,Daria Zhelezniakova,Melissa Mullins,Women's Bantamweight,0,U-DEC,3,5:00
UFC Fight Night: Hill vs. Rountree Jr.,Klaudia Sygula,Irina Alekseeva,Women's Bantamweight,0,U-DEC,3,5:00
UFC Fight Night: Hill vs. Rountree Jr.,Tagir Ulanbekov,Azat Maksum,Flyweight,0,U-DEC,3,5:00
UFC Fight Night: Hill vs. Rountree Jr.,Mohammed Usman,Hamdy Abdelwahab,Heavyweight,0,U-DEC,3,5:00
UFC Fight Night: Usman vs. Buckley,Kamaru Usman,Joaquin Buckley,Welterweight,0,U-DEC,5,5:00
UFC Fight Night: Usman vs. Buckley,Rose Namajunas,Miranda Maverick,Women's Flyweight,0,U-DEC,3,5:00
UFC Fight Night: Usman vs. Buckley,Edmen Shahbazyan,Andre Petroski,Middleweight,0,U-DEC,3,5:00
UFC Fight Night: Usman vs. Buckley,Raoni Barcelos,Cody Garbrandt,Bantamweight,0,U-DEC,3,5:00
UFC Fight Night: Usman vs. Buckley,Mansur Abdul-Malik,Cody Brundage,Middleweight,0,Overturned,3,0:36
UFC Fight Night: Usman vs. Buckley,Alonzo Menifield,Oumar Sy,Light Heavyweight,0,U-DEC,3,5:00
UFC Fight Night: Usman vs. Buckley,Paul Craig,Rodolfo Bellato,Light Heavyweight,0,CNC,1,4:59
UFC Fight Night: Usman vs. Buckley,Michael Chiesa,Court McGee,Welterweight,0,U-DEC,3,5:00
UFC Fight Night: Usman vs. Buckley,Malcolm Wellmaker,Kris Moutinho,Bantamweight,0,KO/TKO Punch,1,2:37
UFC Fight Night: Usman vs. Buckley,Jose Ochoa,Cody Durden,Flyweight,0,KO/TKO Punch,2,0:11
UFC Fight Night: Usman vs. Buckley,Ricky Simon,Cameron Smotherman,Bantamweight,0,U-DEC,3,5:00
UFC Fight Night: Usman vs. Buckley,Phil Rowe,Ange Loosa,Welterweight,0,KO/TKO Punches,3,4:03
UFC Fight Night: Usman vs. Buckley,Jamey-Lyn Horth,Vanessa Demopoulos,Women's Flyweight,0,U-DEC,3,5:00
UFC 316: Dvalishvili vs. O'Malley 2,Merab Dvalishvili,Sean O'Malley,Bantamweight,1,SUB Guillotine Choke,3,4:42
UFC 316: Dvalishvili vs. O'Malley 2,Kayla Harrison,Julianna Pena,Women's Bantamweight,1,SUB Kimura,2,4:55
UFC 316: Dvalishvili vs. O'Malley 2,Joe Pyfer,Kelvin Gastelum,Middleweight,0,U-DEC,3,5:00
UFC 316: Dvalishvili vs. O'Malley 2,Mario Bautista,Patchy Mix,Bantamweight,0,U-DEC,3,5:00
UFC 316: Dvalishvili vs. O'Malley 2,Kevin Holland,Vicente Luque,Welterweight,0,SUB Anaconda Choke,2,1:03
UFC 316: Dvalishvili vs. O'Malley 2,Joshua Van,Bruno Silva,Flyweight,0,KO/TKO Punches,3,4:01
UFC 316: Dvalishvili vs. O'Malley 2,Azamat Murzakanov,Brendson Ribeiro,Light Heavyweight,0,KO/TKO Punches,1,3:25
UFC 316: Dvalishvili vs. O'Malley 2,Waldo Cortes Acosta,Serghei Spivac,Heavyweight,0,U-DEC,3,5:00
UFC 316: Dvalishvili vs. O'Malley 2,Andreas Gustafsson,Khaos Williams,Welterweight,0,U-DEC,3,5:00
UFC 316: Dvalishvili vs. O'Malley 2,Wang Cong,Ariane da Silva,Women's Flyweight,0,U-DEC,3,5:00
UFC 316: Dvalishvili vs. O'Malley 2,JooSang Yoo,Jeka Saragih,Featherweight,0,KO/TKO Punch,1,0:28
UFC 316: Dvalishvili vs. O'Malley 2,Quillan Salkilld,Yanal Ashmouz,Lightweight,0,U-DEC,3,5:00
UFC 316: Dvalishvili vs. O'Malley 2,MarQuel Mederos,Mark Choinski,Lightweight,0,U-DEC,3,5:00
UFC Fight Night: Blanchfield vs. Barber,Mateusz Gamrot,Ludovit Klein,Lightweight,0,U-DEC,3,5:00
UFC Fight Night: Blanchfield vs. Barber,Ramiz Brahimaj,Billy Ray Goff,Welterweight,0,SUB Guillotine Choke,1,3:16
UFC Fight Night: Blanchfield vs. Barber,Dustin Jacoby,Bruno Lopes,Light Heavyweight,0,KO/TKO Punch,1,1:50
UFC Fight Night: Blanchfield vs. Barber,Ketlen Vieira,Macy Chiasson,Women's Featherweight,0,U-DEC,3,5:00
UFC Fight Night: Blanchfield vs. Barber,Zach Reese,Dusko Todorovic,Middleweight,0,U-DEC,3,5:00
UFC Fight Night: Blanchfield vs. Barber,Allan Nascimento,Jafel Filho,Flyweight,0,U-DEC,3,5:00
UFC Fight Night: Blanchfield vs. Barber,Jordan Leavitt,Kurt Holobaugh,Lightweight,0,SUB Anaconda Choke,1,1:39
UFC Fight Night: Blanchfield vs. Barber,Bolaji Oki,Michael Aswell Jr.,Lightweight,0,U-DEC,3,5:00
UFC Fight Night: Blanchfield vs. Barber,Alice Ardelean,Rayanne dos Santos,Women's Strawweight,0,U-DEC,3,5:00
UFC Fight Night: Burns vs. Morales,Michael Morales,Gilbert Burns,Welterweight,0,KO/TKO Punches,1,3:39
UFC Fight Night: Burns vs. Morales,Mairon Santos,Sodiq Yusuff,Lightweight,0,U-DEC,3,5:00
UFC Fight Night: Burns vs. Morales,Nursulton Ruziboev,Dustin Stoltzfus,Middleweight,0,U-DEC,3,5:00
UFC Fight Night: Burns vs. Morales,Melquizael Costa,Julian Erosa,Featherweight,0,U-DEC,3,5:00
UFC Fight Night: Burns vs. Morales,Gabe Green,Matheus Camilo,Lightweight,0,SUB Rear Naked Choke,2,3:43
UFC Fight Night: Burns vs. Morales,Jared Gordon,Thiago Moises,Lightweight,0,KO/TKO Punch,1,3:37
UFC Fight Night: Burns vs. Morales,Yadier del Valle,Connor Matthews,Featherweight,0,SUB Rear Naked Choke,1,2:54
UFC Fight Night: Burns vs. Morales,Luana Santos,Tainara Lisboa,Women's Bantamweight,0,SUB Keylock,2,4:59
UFC Fight Night: Burns vs. Morales,Denise Gomes,Elise Reed,Women's Strawweight,0,KO/TKO Punches,2,0:30
UFC Fight Night: Burns vs. Morales,HyunSung Park,Carlos Hernandez,Flyweight,0,SUB Rear Naked Choke,1,2:26
UFC Fight Night: Burns vs. Morales,Tecia Pennington,Luana Pinheiro,Women's Strawweight,0,U-DEC,3,5:00
UFC 315: Muhammad vs. Della Maddalena,Jack Della Maddalena,Belal Muhammad,Welterweight,1,U-DEC,5,5:00
UFC 315: Muhammad vs. Della Maddalena,Valentina Shevchenko,Manon Fiorot,Women's Flyweight,1,U-DEC,5,5:00
UFC 315: Muhammad vs. Della Maddalena,Aiemann Zahabi,Jose Aldo,Featherweight,0,U-DEC,3,5:00
UFC 315: Muhammad vs. Della Maddalena,Natalia Silva,Alexa Grasso,Women's Flyweight,0,U-DEC,3,5:00
UFC 315: Muhammad vs. Della Maddalena,Benoit Saint Denis,Kyle Prepolec,Lightweight,0,SUB Arm Triangle,2,2:35
UFC 315: Muhammad vs. Della Maddalena,Mike Malott,Charles Radtke,Welterweight,0,KO/TKO Punch,2,0:26
UFC 315: Muhammad vs. Della Maddalena,Jasmine Jasudavicius,Jessica Andrade,Women's Flyweight,0,SUB Rear Naked Choke,1,2:40
UFC 315: Muhammad vs. Della Maddalena,Modestas Bukauskas,Ion Cutelaba,Light Heavyweight,0,S-DEC,3,5:00
UFC 315: Muhammad vs. Della Maddalena,Navajo Stirling,Ivan Erslan,Light Heavyweight,0,U-DEC,3,5:00
UFC 315: Muhammad vs. Della Maddalena,Marc-Andre Barriault,Bruno Silva,Middleweight,0,KO/TKO Elbows,1,1:27
UFC 315: Muhammad vs. Della Maddalena,Daniel Santos,JeongYeong Lee,Featherweight,0,U-DEC,3,5:00
UFC 315: Muhammad vs. Della Maddalena,Bekzat Almakhan,Brad Katona,Bantamweight,0,KO/TKO Punch,1,1:04
UFC Fight Night: Sandhagen vs. Figueiredo,Cory Sandhagen,Deiveson Figueiredo,Bantamweight,0,KO/TKO,2,4:08
UFC Fight Night: Sandhagen vs. Figueiredo,Reinier de Ridder,Bo Nickal,Middleweight,0,KO/TKO Knee,2,1:53
UFC Fight Night: Sandhagen vs. Figueiredo,Daniel Rodriguez,Santiago Ponzinibbio,Welterweight,0,KO/TKO Punch,3,1:12
UFC Fight Night: Sandhagen vs. Figueiredo,Montel Jackson,Daniel Marcos,Bantamweight,0,U-DEC,3,5:00
UFC Fight Night: Sandhagen vs. Figueiredo,Serhiy Sidey,Cameron Smotherman,Bantamweight,0,U-DEC,3,5:00
UFC Fight Night: Sandhagen vs. Figueiredo,Mason Jones,Jeremy Stephens,Lightweight,0,U-DEC,3,5:00
UFC Fight Night: Sandhagen vs. Figueiredo,Yana Santos,Miesha Tate,Women's Bantamweight,0,U-DEC,3,5:00
UFC Fight Night: Sandhagen vs. Figueiredo,Azamat Bekoev,Ryan Loder,Middleweight,0,KO/TKO Punch,1,2:44
UFC Fight Night: Sandhagen vs. Figueiredo,Gillian Robertson,Marina Rodriguez,Women's Strawweight,0,KO/TKO Punches,2,2:07
UFC Fight Night: Sandhagen vs. Figueiredo,Quang Le,Gaston Bolanos,Bantamweight,0,SUB Rear Naked Choke,2,1:54
UFC Fight Night: Sandhagen vs. Figueiredo,Thomas Petersen,Don'Tale Mayes,Heavyweight,0,U-DEC,3,5:00
UFC Fight Night: Sandhagen vs. Figueiredo,Juliana Miller,Ivana Petrovic,Women's Flyweight,0,U-DEC,3,5:00
UFC Fight Night: Machado Garry vs. Prates,Ian Machado Garry,Carlos Prates,Welterweight,0,U-DEC,5,5:00
UFC Fight Night: Machado Garry vs. Prates,Zhang Mingyang,Anthony Smith,Light Heavyweight,0,KO/TKO Elbows,1,4:03
UFC Fight Night: Machado Garry vs. Prates,David Onama,Giga Chikadze,Featherweight,0,U-DEC,3,5:00
UFC Fight Night: Machado Garry vs. Prates,Abus Magomedov,Michel Pereira,Middleweight,0,U-DEC,3,5:00
UFC Fight Night: Machado Garry vs. Prates,Randy Brown,Nicolas Dalby,Welterweight,0,KO/TKO Punch,2,1:39
UFC Fight Night: Machado Garry vs. Prates,Ikram Aliskerov,Andre Muniz,Middleweight,0,KO/TKO Punches,1,4:54
UFC Fight Night: Machado Garry vs. Prates,Matt Schnell,Jimmy Flick,Flyweight,0,U-DEC,3,5:00
UFC Fight Night: Machado Garry vs. Prates,Evan Elder,Gauge Young,Lightweight,0,U-DEC,3,5:00
UFC Fight Night: Machado Garry vs. Prates,Chris Gutierrez,John Castaneda,Featherweight,0,S-DEC,3,5:00
UFC Fight Night: Machado Garry vs. Prates,Da'Mon Blackshear,Alatengheili,Bantamweight,0,U-DEC,3,5:00
UFC Fight Night: Machado Garry vs. Prates,Malcolm Wellmaker,Cameron Saaiman,Bantamweight,0,KO/TKO Punch,1,1:59
UFC Fight Night: Machado Garry vs. Prates,Jaqueline Amorim,Polyana Viana,Women's Strawweight,0,SUB Rear Naked Choke,2,1:49
UFC Fight Night: Machado Garry vs. Prates,Timmy Cuamba,Roberto Romero,Featherweight,0,KO/TKO Flying Knee,2,3:55
UFC Fight Night: Machado Garry vs. Prates,Joselyne Edwards,Chelsea Chandler,Women's Bantamweight,0,KO/TKO Punches,1,2:31
UFC 314: Volkanovski vs. Lopes,Alexander Volkanovski,Diego Lopes,Featherweight,1,U-DEC,5,5:00
UFC 314: Volkanovski vs. Lopes,Paddy Pimblett,Michael Chandler,Lightweight,0,KO/TKO Elbows,3,3:07
UFC 314: Volkanovski vs. Lopes,Yair Rodriguez,Patricio Freire,Featherweight,0,U-DEC,3,5:00
UFC 314: Volkanovski vs. Lopes,Jean Silva,Bryce Mitchell,Featherweight,0,SUB Guillotine Choke,2,3:52
UFC 314: Volkanovski vs. Lopes,Dominick Reyes,Nikita Krylov,Light Heavyweight,0,KO/TKO Punch,1,2:24
UFC 314: Volkanovski vs. Lopes,Dan Ige,Sean Woodson,Featherweight,0,KO/TKO Punches,3,1:12
UFC 314: Volkanovski vs. Lopes,Virna Jandiroba,Yan Xiaonan,Women's Strawweight,0,U-DEC,3,5:00
UFC 314: Volkanovski vs. Lopes,Chase Hooper,Jim Miller,Lightweight,0,U-DEC,3,5:00
UFC 314: Volkanovski vs. Lopes,Julian Erosa,Darren Elkins,Featherweight,0,KO/TKO Punches,1,4:15
UFC 314: Volkanovski vs. Lopes,Michal Oleksiejczuk,Sedriques Dumas,Middleweight,0,KO/TKO Punches,1,2:49
UFC 314: Volkanovski vs. Lopes,Sumudaerji,Mitch Raposo,Flyweight,0,S-DEC,3,5:00
UFC 314: Volkanovski vs. Lopes,Marco Tulio,Tresean Gore,Middleweight,0,KO/TKO Punch,2,3:16
UFC 314: Volkanovski vs. Lopes,Nora Cornolle,Hailey Cowan,Women's Bantamweight,0,SUB Rear Naked Choke,2,1:52
UFC Fight Night: Emmett vs. Murphy,Lerone Murphy,Josh Emmett,Featherweight,0,U-DEC,5,5:00
UFC Fight Night: Emmett vs. Murphy,Pat Sabatini,Joanderson Brito,Featherweight,0,U-DEC,3,5:00
UFC Fight Night: Emmett vs. Murphy,ChangHo Lee,Cortavious Romious,Bantamweight,0,KO/TKO Elbows,2,3:48
UFC Fight Night: Emmett vs. Murphy,Brad Tavares,Gerald Meerschaert,Middleweight,0,U-DEC,3,5:00
UFC Fight Night: Emmett vs. Murphy,Ode Osbourne,Luis Gurule,Flyweight,0,KO/TKO Punch,2,1:54
UFC Fight Night: Emmett vs. Murphy,Torrez Finney,Robert Valentin,Middleweight,0,S-DEC,3,5:00
UFC Fight Night: Emmett vs. Murphy,Dione Barbosa,Diana Belbita,Women's Flyweight,0,SUB Arm Triangle,1,4:13
UFC Fight Night: Emmett vs. Murphy,Rhys McKee,Daniel Frunza,Welterweight,0,KO/TKO,1,5:00
UFC Fight Night: Emmett vs. Murphy,Loma Lookboonmee,Istela Nunes,Women's Strawweight,0,U-DEC,3,5:00
UFC Fight Night: Emmett vs. Murphy,Victor Henry,Pedro Falcao,Bantamweight,0,U-DEC,3,5:00
UFC Fight Night: Emmett vs. Murphy,Martin Buday,Uran Satybaldiev,Heavyweight,0,U-DEC,3,5:00
UFC Fight Night: Emmett vs. Murphy,Talita Alencar,Vanessa Demopoulos,Women's Strawweight,0,U-DEC,3,5:00
UFC Fight Night: Moreno vs. Erceg,Brandon Moreno,Steve Erceg,Flyweight,0,U-DEC,5,5:00
UFC Fight Night: Moreno vs. Erceg,Manuel Torres,Drew Dober,Lightweight,0,KO/TKO Punches,1,1:45
UFC Fight Night: Moreno vs. Erceg,Edgar Chairez,CJ Vergara,Flyweight,0,SUB Rear Naked Choke,1,2:30
UFC Fight Night: Moreno vs. Erceg,Raul Rosas Jr.,Vince Morales,Bantamweight,0,U-DEC,3,5:00
UFC Fight Night: Moreno vs. Erceg,David Martinez,Saimon Oliveira,Bantamweight,0,KO/TKO Knee,1,4:38
UFC Fight Night: Moreno vs. Erceg,Kevin Borjas,Ronaldo Rodriguez,Flyweight,0,U-DEC,3,5:00
UFC Fight Night: Moreno vs. Erceg,Ateba Gautier,Jose Daniel Medina,Middleweight,0,KO/TKO Knee,1,3:32
UFC Fight Night: Moreno vs. Erceg,Melquizael Costa,Christian Rodriguez,Featherweight,0,U-DEC,3,5:00
UFC Fight Night: Moreno vs. Erceg,Loopy Godinez,Julia Polastri,Women's Strawweight,0,U-DEC,3,5:00
UFC Fight Night: Moreno vs. Erceg,Rafa Garcia,Vinc Pichel,Lightweight,0,U-DEC,3,5:00
UFC Fight Night: Moreno vs. Erceg,Jamall Emmers,Gabriel Miranda,Featherweight,0,KO/TKO Punch,1,4:06
UFC Fight Night: Moreno vs. Erceg,MarQuel Mederos,Austin Hubbard,Lightweight,0,S-DEC,3,5:00
UFC Fight Night: Edwards vs. Brady,Sean Brady,Leon Edwards,Welterweight,0,SUB Guillotine Choke,4,1:39
UFC Fight Night: Edwards vs. Brady,Carlos Ulberg,Jan Blachowicz,Light Heavyweight,0,U-DEC,3,5:00
UFC Fight Night: Edwards vs. Brady,Kevin Holland,Gunnar Nelson,Welterweight,0,U-DEC,3,5:00
UFC Fight Night: Edwards vs. Brady,Alexia Thainara,Molly McCann,Women's Strawweight,0,SUB Rear Naked Choke,1,4:32
UFC Fight Night: Edwards vs. Brady,Chris Duncan,Jordan Vucenic,Lightweight,0,SUB Guillotine Choke,2,3:42
UFC Fight Night: Edwards vs. Brady,Nathaniel Wood,Morgan Charriere,Featherweight,0,U-DEC,3,5:00
UFC Fight Night: Edwards vs. Brady,Chris Padilla,Jai Herbert,Lightweight,0,S-DEC,3,5:00
UFC Fight Night: Edwards vs. Brady,Lone'er Kavanagh,Felipe dos Santos,Flyweight,0,U-DEC,3,5:00
UFC Fight Night: Edwards vs. Brady,Marcin Tybura,Mick Parkin,Heavyweight,0,U-DEC,3,5:00
UFC Fight Night: Edwards vs. Brady,Christian Leroy Duncan,Andrey Pulyaev,Middleweight,0,U-DEC,3,5:00
UFC Fight Night: Edwards vs. Brady,Shauna Bannon,Puja Tomar,Women's Strawweight,0,SUB Armbar,2,3:22
UFC Fight Night: Edwards vs. Brady,Caolan Loughran,Nathan Fletcher,Bantamweight,0,S-DEC,3,5:00
UFC Fight Night: Edwards vs. Brady,Kaue Fernandes,Guram Kutateladze,Lightweight,0,U-DEC,3,5:00
UFC Fight Night: Vettori vs. Dolidze 2,Roman Dolidze,Marvin Vettori,Middleweight,0,U-DEC,5,5:00
UFC Fight Night: Vettori vs. Dolidze 2,Chidi Njokuani,Elizeu Zaleski dos Santos,Welterweight,0,KO/TKO Knee,2,2:19
UFC Fight Night: Vettori vs. Dolidze 2,Alexander Hernandez,Kurt Holobaugh,Lightweight,0,U-DEC,3,5:00
UFC Fight Night: Vettori vs. Dolidze 2,Da'Mon Blackshear,Cody Gibson,Bantamweight,0,SUB Kimura,2,4:09
UFC Fight Night: Vettori vs. Dolidze 2,Brendson Ribeiro,Diyar Nurgozhay,Light Heavyweight,0,SUB Kimura,2,1:28
UFC Fight Night: Vettori vs. Dolidze 2,Kevin Vallejos,SeungWoo Choi,Featherweight,0,KO/TKO Punches,1,3:09
UFC Fight Night: Vettori vs. Dolidze 2,Waldo Cortes Acosta,Ryan Spann,Heavyweight,0,KO/TKO Punches,2,4:48
UFC Fight Night: Vettori vs. Dolidze 2,SuYoung You,AJ Cunningham,Bantamweight,0,U-DEC,3,5:00
UFC Fight Night: Vettori vs. Dolidze 2,Carlos Vera,Josias Musasa,Bantamweight,0,SUB Rear Naked Choke,1,3:16
UFC Fight Night: Vettori vs. Dolidze 2,Sam Hughes,Stephanie Luciano,Women's Strawweight,0,S-DEC,3,5:00
UFC Fight Night: Vettori vs. Dolidze 2,Andre Lima,Daniel Barez,Flyweight,0,SUB Rear Naked Choke,3,3:05
UFC Fight Night: Vettori vs. Dolidze 2,Priscila Cachoeira,Josiane Nunes,Women's Bantamweight,0,KO/TKO Punch,1,2:46
UFC Fight Night: Vettori vs. Dolidze 2,Carli Judice,Yuneisy Duben,Women's Flyweight,0,KO/TKO Kick,1,1:40
UFC 313: Pereira vs. Ankalaev,Magomed Ankalaev,Alex Pereira,Light Heavyweight,1,U-DEC,5,5:00
UFC 313: Pereira vs. Ankalaev,Justin Gaethje,Rafael Fiziev,Lightweight,0,U-DEC,3,5:00
UFC 313: Pereira vs. Ankalaev,Ignacio Bahamondes,Jalin Turner,Lightweight,0,SUB Triangle Choke,1,2:29
UFC 313: Pereira vs. Ankalaev,Amanda Lemos,Iasmin Lucindo,Women's Strawweight,0,U-DEC,3,5:00
UFC 313: Pereira vs. Ankalaev,Mauricio Ruffy,King Green,Lightweight,0,KO/TKO Kick,1,2:07
UFC 313: Pereira vs. Ankalaev,Joshua Van,Rei Tsuruya,Flyweight,0,U-DEC,3,5:00
UFC 313: Pereira vs. Ankalaev,Brunno Ferreira,Armen Petrosyan,Middleweight,0,SUB Armbar,2,4:27
UFC 313: Pereira vs. Ankalaev,Carlos Leal,Alex Morono,Welterweight,0,KO/TKO Punches,1,4:16
UFC 313: Pereira vs. Ankalaev,Mairon Santos,Francis Marshall,Featherweight,0,S-DEC,3,5:00
UFC 313: Pereira vs. Ankalaev,Ozzy Diaz,Djorden Santos,Middleweight,0,U-DEC,3,5:00
UFC Fight Night: Kape vs. Almabayev,Manel Kape,Asu Almabayev,Flyweight,0,KO/TKO Punches,3,2:16
UFC Fight Night: Kape vs. Almabayev,Cody Brundage,Julian Marquez,Middleweight,0,KO/TKO Punches,1,4:45
UFC Fight Night: Kape vs. Almabayev,Nasrat Haqparast,Esteban Ribovics,Lightweight,0,S-DEC,3,5:00
UFC Fight Night: Kape vs. Almabayev,Hyder Amil,William Gomis,Featherweight,0,S-DEC,3,5:00
UFC Fight Night: Kape vs. Almabayev,Sam Patterson,Danny Barlow,Welterweight,0,KO/TKO Punch,1,3:10
UFC Fight Night: Kape vs. Almabayev,Mario Pinto,Austen Lane,Heavyweight,0,KO/TKO Punch,2,0:39
UFC Fight Night: Kape vs. Almabayev,Chepe Mariscal,Ricardo Ramos,Featherweight,0,U-DEC,3,5:00
UFC Fight Night: Kape vs. Almabayev,Danny Silva,Lucas Almeida,Featherweight,0,S-DEC,3,5:00
UFC Fight Night: Kape vs. Almabayev,JJ Aldrich,Andrea Lee,Women's Flyweight,0,U-DEC,3,5:00
UFC Fight Night: Kape vs. Almabayev,Ramazan Temirov,Charles Johnson,Flyweight,0,U-DEC,3,5:00
UFC Fight Night: Cejudo vs. Song,Song Yadong,Henry Cejudo,Bantamweight,0,U-DEC,3,5:00
UFC Fight Night: Cejudo vs. Song,Anthony Hernandez,Brendan Allen,Middleweight,0,U-DEC,3,5:00
UFC Fight Night: Cejudo vs. Song,Rob Font,Jean Matsumoto,Catch Weight,0,S-DEC,3,5:00
UFC Fight Night: Cejudo vs. Song,Jean Silva,Melsik Baghdasaryan,Featherweight,0,KO/TKO Punch,1,4:15
UFC Fight Night: Cejudo vs. Song,Alonzo Menifield,Julius Walker,Light Heavyweight,0,S-DEC,3,5:00
UFC Fight Night: Cejudo vs. Song,Ion Cutelaba,Ibo Aslan,Light Heavyweight,0,SUB Arm Triangle,1,2:51
UFC Fight Night: Cejudo vs. Song,Melquizael Costa,Andre Fili,Featherweight,0,SUB Guillotine Choke,1,4:30
UFC Fight Night: Cejudo vs. Song,Mansur Abdul-Malik,Nick Klein,Middleweight,0,KO/TKO Punches,2,3:24
UFC Fight Night: Cejudo vs. Song,Ricky Simon,Javid Basharat,Bantamweight,0,KO/TKO Punch,1,3:58
UFC Fight Night: Cejudo vs. Song,Austin Vanderford,Nikolay Veretennikov,Catch Weight,0,KO/TKO Punches,2,4:13
UFC Fight Night: Cejudo vs. Song,Nursulton Ruziboev,Eric McConico,Middleweight,0,KO/TKO Punch,2,0:33
UFC Fight Night: Cejudo vs. Song,Modestas Bukauskas,Rafael Cerqueira,Light Heavyweight,0,KO/TKO Punches,1,2:12
UFC Fight Night: Cannonier vs. Rodrigues,Jared Cannonier,Gregory Rodrigues,Middleweight,0,KO/TKO Punches,4,0:21
UFC Fight Night: Cannonier vs. Rodrigues,Youssef Zalal,Calvin Kattar,Featherweight,0,U-DEC,3,5:00
UFC Fight Night: Cannonier vs. Rodrigues,Edmen Shahbazyan,Dylan Budka,Middleweight,0,KO/TKO Punch,1,1:35
UFC Fight Night: Cannonier vs. Rodrigues,Nazim Sadykhov,Ismael Bonfim,Lightweight,0,KO/TKO,1,5:00
UFC Fight Night: Cannonier vs. Rodrigues,Andre Petroski,Rodolfo Vieira,Middleweight,0,U-DEC,3,5:00
UFC Fight Night: Cannonier vs. Rodrigues,Jose Delgado,Connor Matthews,Featherweight,0,KO/TKO Punches,1,2:58
UFC Fight Night: Cannonier vs. Rodrigues,Angela Hill,Ketlen Souza,Women's Strawweight,0,S-DEC,3,5:00
UFC Fight Night: Cannonier vs. Rodrigues,Rafael Estevam,Jesus Aguilar,Flyweight,0,U-DEC,3,5:00
UFC Fight Night: Cannonier vs. Rodrigues,Gabriel Bonfim,Khaos Williams,Welterweight,0,SUB D'Arce Choke,2,4:58
UFC Fight Night: Cannonier vs. Rodrigues,Elijah Smith,Vince Morales,Bantamweight,0,U-DEC,3,5:00
UFC Fight Night: Cannonier vs. Rodrigues,Valter Walker,Don'Tale Mayes,Heavyweight,0,SUB Heel Hook,1,1:17
UFC Fight Night: Cannonier vs. Rodrigues,Jacqueline Cavalcanti,Julia Avila,Women's Bantamweight,0,U-DEC,3,5:00
UFC 312: Du Plessis vs. Strickland 2,Dricus Du Plessis,Sean Strickland,Middleweight,1,U-DEC,5,5:00
UFC 312: Du Plessis vs. Strickland 2,Zhang Weili,Tatiana Suarez,Women's Strawweight,1,U-DEC,5,5:00
UFC 312: Du Plessis vs. Strickland 2,Tallison Teixeira,Justin Tafa,Heavyweight,0,KO/TKO Elbow,1,0:35
UFC 312: Du Plessis vs. Strickland 2,Jimmy Crute,Rodolfo Bellato,Light Heavyweight,0,M-DEC,3,5:00
UFC 312: Du Plessis vs. Strickland 2,Jake Matthews,Francisco Prado,Welterweight,0,U-DEC,3,5:00
UFC 312: Du Plessis vs. Strickland 2,Gabriel Santos,Jack Jenkins,Featherweight,0,SUB Rear Naked Choke,3,2:06
UFC 312: Du Plessis vs. Strickland 2,Tom Nolan,Viacheslav Borshchev,Lightweight,0,U-DEC,3,5:00
UFC 312: Du Plessis vs. Strickland 2,Wang Cong,Bruna Brasil,Women's Flyweight,0,U-DEC,3,5:00
UFC 312: Du Plessis vs. Strickland 2,Aleksandre Topuria,Colby Thicknesse,Bantamweight,0,U-DEC,3,5:00
UFC 312: Du Plessis vs. Strickland 2,Rongzhu,Kody Steele,Lightweight,0,U-DEC,3,5:00
UFC 312: Du Plessis vs. Strickland 2,Jonathan Micallef,Kevin Jousset,Welterweight,0,U-DEC,3,5:00
UFC 312: Du Plessis vs. Strickland 2,Quillan Salkilld,Anshul Jubli,Lightweight,0,KO/TKO Punch,1,0:19
UFC Fight Night: Adesanya vs. Imavov,Nassourdine Imavov,Israel Adesanya,Middleweight,0,KO/TKO Punch,2,0:30
UFC Fight Night: Adesanya vs. Imavov,Michael Page,Shara Magomedov,Middleweight,0,U-DEC,3,5:00
UFC Fight Night: Adesanya vs. Imavov,Sergei Pavlovich,Jairzinho Rozenstruik,Heavyweight,0,U-DEC,3,5:00
UFC Fight Night: Adesanya vs. Imavov,Vinicius Oliveira,Said Nurmagomedov,Bantamweight,0,U-DEC,3,5:00
UFC Fight Night: Adesanya vs. Imavov,Fares Ziam,Mike Davis,Lightweight,0,U-DEC,3,5:00
UFC Fight Night: Adesanya vs. Imavov,Muhammad Naimov,Kaan Ofli,Featherweight,0,U-DEC,3,5:00
UFC Fight Night: Adesanya vs. Imavov,Shamil Gaziev,Thomas Petersen,Heavyweight,0,KO/TKO Punch,1,3:12
UFC Fight Night: Adesanya vs. Imavov,Terrance McKinney,Damir Hadzovic,Lightweight,0,KO/TKO Punches,1,2:01
UFC Fight Night: Adesanya vs. Imavov,Jasmine Jasudavicius,Mayra Bueno Silva,Women's Flyweight,0,U-DEC,3,5:00
UFC Fight Night: Adesanya vs. Imavov,Bogdan Grad,Lucas Alexander,Featherweight,0,KO/TKO Punches,2,4:22
UFC Fight Night: Adesanya vs. Imavov,Hamdy Abdelwahab,Jamal Pogues,Heavyweight,0,S-DEC,3,5:00
UFC 311: Makhachev vs. Moicano,Islam Makhachev,Renato Moicano,Lightweight,1,SUB D'Arce Choke,1,4:05
UFC 311: Makhachev vs. Moicano,Merab Dvalishvili,Umar Nurmagomedov,Bantamweight,1,U-DEC,5,5:00
UFC 311: Makhachev vs. Moicano,Jiri Prochazka,Jamahal Hill,Light Heavyweight,0,KO/TKO Punches,3,3:01
UFC 311: Makhachev vs. Moicano,Jailton Almeida,Serghei Spivac,Heavyweight,0,KO/TKO Punches,1,4:53
UFC 311: Makhachev vs. Moicano,Reinier de Ridder,Kevin Holland,Middleweight,0,SUB Rear Naked Choke,1,3:31
UFC 311: Makhachev vs. Moicano,Raoni Barcelos,Payton Talbott,Bantamweight,0,U-DEC,3,5:00
UFC 311: Makhachev vs. Moicano,Azamat Bekoev,Zach Reese,Middleweight,0,KO/TKO Punches,1,3:04
UFC 311: Makhachev vs. Moicano,Bogdan Guskov,Billy Elekana,Light Heavyweight,0,SUB Guillotine Choke,2,3:33
UFC 311: Makhachev vs. Moicano,Grant Dawson,Diego Ferreira,Lightweight,0,U-DEC,3,5:00
UFC 311: Makhachev vs. Moicano,Ailin Perez,Karol Rosa,Women's Bantamweight,0,U-DEC,3,5:00
UFC 311: Makhachev vs. Moicano,Muin Gafurov,Rinya Nakamura,Bantamweight,0,U-DEC,3,5:00
UFC 311: Makhachev vs. Moicano,Benardo Sopaj,Ricky Turcios,Bantamweight,0,U-DEC,3,5:00
UFC 311: Makhachev vs. Moicano,Tagir Ulanbekov,Clayton Carpenter,Flyweight,0,U-DEC,3,5:00
UFC Fight Night: Dern vs. Ribas 2,Mackenzie Dern,Amanda Ribas,Women's Strawweight,0,SUB Armbar,3,4:56
UFC Fight Night: Dern vs. Ribas 2,Santiago Ponzinibbio,Carlston Harris,Welterweight,0,KO/TKO Punches,3,3:13
UFC Fight Night: Dern vs. Ribas 2,Cesar Almeida,Abdul Razak Alhassan,Middleweight,0,KO/TKO Punch,1,4:16
UFC Fight Night: Dern vs. Ribas 2,Roman Kopylov,Chris Curtis,Middleweight,0,KO/TKO Kick,3,4:59
UFC Fight Night: Dern vs. Ribas 2,Christian Rodriguez,Austin Bashi,Featherweight,0,U-DEC,3,5:00
UFC Fight Night: Dern vs. Ribas 2,Punahele Soriano,Uros Medic,Welterweight,0,KO/TKO Punch,1,0:31
UFC Fight Night: Dern vs. Ribas 2,Felipe Bunes,Jose Johnson,Flyweight,0,SUB Armbar,1,2:04
UFC Fight Night: Dern vs. Ribas 2,Marco Tulio,Ihor Potieria,Middleweight,0,KO/TKO Punches,1,3:04
UFC Fight Night: Dern vs. Ribas 2,Thiago Moises,Trey Ogden,Lightweight,0,U-DEC,3,5:00
UFC Fight Night: Dern vs. Ribas 2,Jacobe Smith,Preston Parsons,Welterweight,0,KO/TKO Punch,1,1:13
UFC Fight Night: Dern vs. Ribas 2,Ernesta Kareckaite,Nicolle Caliari,Women's Flyweight,0,S-DEC,3,5:00
UFC Fight Night: Dern vs. Ribas 2,Bruno Lopes,Magomed Gadzhiyasulov,Light Heavyweight,0,U-DEC,3,5:00
UFC Fight Night: Dern vs. Ribas 2,Fatima Kline,Viktoriia Dudakova,Women's Strawweight,0,KO/TKO Elbows,2,4:27
UFC Fight Night: Dern vs. Ribas 2,Nurullo Aliev,Joe Solecki,Lightweight,0,U-DEC,3,5:00
UFC Fight Night: Covington vs. Buckley,Joaquin Buckley,Colby Covington,Welterweight,0,KO/TKO,3,4:42
UFC Fight Night: Covington vs. Buckley,Cub Swanson,Billy Quarantillo,Featherweight,0,KO/TKO Punch,3,1:36
UFC Fight Night: Covington vs. Buckley,Manel Kape,Bruno Silva,Flyweight,0,KO/TKO Punches,3,1:57
UFC Fight Night: Covington vs. Buckley,Dustin Jacoby,Vitor Petrino,Light Heavyweight,0,KO/TKO Punch,3,3:44
UFC Fight Night: Covington vs. Buckley,Daniel Marcos,Adrian Yanez,Bantamweight,0,S-DEC,3,5:00
UFC Fight Night: Covington vs. Buckley,Navajo Stirling,Tuco Tokkos,Light Heavyweight,0,U-DEC,3,5:00
UFC Fight Night: Covington vs. Buckley,Michael Johnson,Ottman Azaitar,Lightweight,0,KO/TKO Punch,2,2:03
UFC Fight Night: Covington vs. Buckley,Joel Alvarez,Drakkar Klose,Lightweight,0,KO/TKO Knee,1,2:48
UFC Fight Night: Covington vs. Buckley,Sean Woodson,Fernando Padilla,Featherweight,0,KO/TKO Punches,1,4:58
UFC Fight Night: Covington vs. Buckley,Felipe Lima,Miles Johns,Featherweight,0,U-DEC,3,5:00
UFC Fight Night: Covington vs. Buckley,Miranda Maverick,Jamey-Lyn Horth,Women's Flyweight,0,U-DEC,3,5:00
UFC Fight Night: Covington vs. Buckley,Davey Grant,Ramon Taveras,Bantamweight,0,U-DEC,3,5:00
UFC Fight Night: Covington vs. Buckley,Piera Rodriguez,Josefine Knutsson,Women's Strawweight,0,U-DEC,3,5:00
UFC 310: Pantoja vs. Asakura,Alexandre Pantoja,Kai Asakura,Flyweight,1,SUB Rear Naked Choke,2,2:05
UFC 310: Pantoja vs. Asakura,Shavkat Rakhmonov,Ian Machado Garry,Welterweight,0,U-DEC,5,5:00
UFC 310: Pantoja vs. Asakura,Ciryl Gane,Alexander Volkov,Heavyweight,0,S-DEC,3,5:00
UFC 310: Pantoja vs. Asakura,Bryce Mitchell,Kron Gracie,Featherweight,0,KO/TKO Elbows,3,0:39
UFC 310: Pantoja vs. Asakura,Dooho Choi,Nate Landwehr,Featherweight,0,KO/TKO Elbows,3,3:21
UFC 310: Pantoja vs. Asakura,Dominick Reyes,Anthony Smith,Light Heavyweight,0,KO/TKO Punches,2,4:46
UFC 310: Pantoja vs. Asakura,Vicente Luque,Themba Gorimbo,Welterweight,0,SUB Anaconda Choke,1,0:52
UFC 310: Pantoja vs. Asakura,Movsar Evloev,Aljamain Sterling,Featherweight,0,U-DEC,3,5:00
UFC 310: Pantoja vs. Asakura,Bryan Battle,Randy Brown,Welterweight,0,S-DEC,3,5:00
UFC 310: Pantoja vs. Asakura,Eryk Anders,Chris Weidman,Catch Weight,0,KO/TKO Punches,2,4:51
UFC 310: Pantoja vs. Asakura,Joshua Van,Cody Durden,Flyweight,0,U-DEC,3,5:00
UFC 310: Pantoja vs. Asakura,Michael Chiesa,Max Griffin,Welterweight,0,SUB Rear Naked Choke,3,1:56
UFC 310: Pantoja vs. Asakura,Chase Hooper,Clay Guida,Lightweight,0,SUB Armbar,1,3:41
UFC 310: Pantoja vs. Asakura,Kennedy Nzechukwu,Lukasz Brzeski,Heavyweight,0,KO/TKO Punch,1,4:51
UFC Fight Night: Yan vs. Figueiredo,Petr Yan,Deiveson Figueiredo,Bantamweight,0,U-DEC,5,5:00
UFC Fight Night: Yan vs. Figueiredo,Yan Xiaonan,Tabatha Ricci,Women's Strawweight,0,U-DEC,3,5:00
UFC Fight Night: Yan vs. Figueiredo,Muslim Salikhov,Song Kenan,Welterweight,0,KO/TKO Kick,1,3:49
UFC Fight Night: Yan vs. Figueiredo,Gabriella Fernandes,Wang Cong,Women's Flyweight,0,SUB Rear Naked Choke,2,3:49
UFC Fight Night: Yan vs. Figueiredo,Carlos Ulberg,Volkan Oezdemir,Light Heavyweight,0,U-DEC,3,5:00
UFC Fight Night: Yan vs. Figueiredo,Zhang Mingyang,Ozzy Diaz,Light Heavyweight,0,KO/TKO Elbow,1,2:25
UFC Fight Night: Yan vs. Figueiredo,SuYoung You,Baergeng Jieleyisi,Bantamweight,1,U-DEC,3,5:00
UFC Fight Night: Yan vs. Figueiredo,DongHun Choi,Kiru Sahota,Flyweight,1,KO/TKO Punch,1,2:36
UFC Fight Night: Yan vs. Figueiredo,Shi Ming,Feng Xiaocan,Women's Strawweight,1,KO/TKO Kick,3,0:46
UFC Fight Night: Yan vs. Figueiredo,Carlos Hernandez,Nyamjargal Tumendemberel,Flyweight,0,S-DEC,3,5:00
UFC Fight Night: Yan vs. Figueiredo,Lone'er Kavanagh,Jose Ochoa,Flyweight,0,U-DEC,3,5:00
UFC Fight Night: Yan vs. Figueiredo,Xiao Long,Quang Le,Bantamweight,0,KO/TKO Punch,3,1:28
UFC Fight Night: Yan vs. Figueiredo,Nikolas Motta,Maheshate,Lightweight,0,U-DEC,3,5:00
UFC 309: Jones vs. Miocic,Jon Jones,Stipe Miocic,Heavyweight,1,KO/TKO Spinning Back Kick,3,4:29
UFC 309: Jones vs. Miocic,Charles Oliveira,Michael Chandler,Lightweight,0,U-DEC,5,5:00
UFC 309: Jones vs. Miocic,Bo Nickal,Paul Craig,Middleweight,0,U-DEC,3,5:00
UFC 309: Jones vs. Miocic,Viviane Araujo,Karine Silva,Women's Flyweight,0,U-DEC,3,5:00
UFC 309: Jones vs. Miocic,Mauricio Ruffy,James Llontop,Catch Weight,0,U-DEC,3,5:00
UFC 309: Jones vs. Miocic,Marcus McGhee,Jonathan Martinez,Bantamweight,0,U-DEC,3,5:00
UFC 309: Jones vs. Miocic,Jim Miller,Damon Jackson,Lightweight,0,SUB Guillotine Choke,1,2:44
UFC 309: Jones vs. Miocic,David Onama,Roberto Romero,Lightweight,0,U-DEC,3,5:00
UFC 309: Jones vs. Miocic,Marcin Tybura,Jhonata Diniz,Heavyweight,0,KO/TKO,2,5:00
UFC 309: Jones vs. Miocic,Ramiz Brahimaj,Mickey Gall,Welterweight,0,KO/TKO Punch,1,2:55
UFC 309: Jones vs. Miocic,Oban Elliott,Bassil Hafez,Welterweight,0,KO/TKO Punch,3,0:40
UFC 309: Jones vs. Miocic,Eduarda Moura,Veronica Hardy,Women's Flyweight,0,U-DEC,3,5:00
UFC Fight Night: Magny vs. Prates,Carlos Prates,Neil Magny,Welterweight,0,KO/TKO Punch,1,4:50
UFC Fight Night: Magny vs. Prates,Reinier de Ridder,Gerald Meerschaert,Middleweight,0,SUB Arm Triangle,3,1:44
UFC Fight Night: Magny vs. Prates,Gaston Bolanos,Cortavious Romious,Bantamweight,0,U-DEC,3,5:00
UFC Fight Night: Magny vs. Prates,Gillian Robertson,Luana Pinheiro,Women's Strawweight,0,U-DEC,3,5:00
UFC Fight Night: Magny vs. Prates,Mansur Abdul-Malik,Dusko Todorovic,Middleweight,0,KO/TKO Punches,1,2:44
UFC Fight Night: Magny vs. Prates,Denise Gomes,Karolina Kowalkiewicz,Women's Strawweight,0,U-DEC,3,5:00
UFC Fight Night: Magny vs. Prates,Elizeu Zaleski dos Santos,Zachary Scroggin,Welterweight,0,KO/TKO Punches,1,1:15
UFC Fight Night: Magny vs. Prates,Charles Radtke,Matthew Semelsberger,Welterweight,0,KO/TKO Punches,1,0:51
UFC Fight Night: Magny vs. Prates,Da'Mon Blackshear,Cody Stamann,Bantamweight,0,SUB Rear Naked Choke,1,4:19
UFC Fight Night: Magny vs. Prates,Tresean Gore,Antonio Trocoli,Middleweight,0,SUB Guillotine Choke,1,1:23
UFC Fight Night: Magny vs. Prates,Melissa Mullins,Klaudia Sygula,Women's Bantamweight,0,KO/TKO Punches,2,1:20
UFC Fight Night: Moreno vs. Albazi,Brandon Moreno,Amir Albazi,Flyweight,0,U-DEC,5,5:00
UFC Fight Night: Moreno vs. Albazi,Erin Blanchfield,Rose Namajunas,Women's Flyweight,0,U-DEC,5,5:00
UFC Fight Night: Moreno vs. Albazi,Brendson Ribeiro,Caio Machado,Light Heavyweight,0,S-DEC,3,5:00
UFC Fight Night: Moreno vs. Albazi,Jasmine Jasudavicius,Ariane da Silva,Women's Flyweight,0,SUB D'Arce Choke,3,2:28
UFC Fight Night: Moreno vs. Albazi,Dustin Stoltzfus,Marc-Andre Barriault,Middleweight,0,KO/TKO Punch,1,4:28
UFC Fight Night: Moreno vs. Albazi,Mike Malott,Trevin Giles,Welterweight,0,U-DEC,3,5:00
UFC Fight Night: Moreno vs. Albazi,Aiemann Zahabi,Pedro Munhoz,Bantamweight,0,U-DEC,3,5:00
UFC Fight Night: Moreno vs. Albazi,Charles Jourdain,Victor Henry,Bantamweight,0,SUB Guillotine Choke,2,3:43
UFC Fight Night: Moreno vs. Albazi,Youssef Zalal,Jack Shore,Featherweight,0,SUB Arm Triangle,2,0:59
UFC Fight Night: Moreno vs. Albazi,Alexandr Romanov,Rodrigo Nascimento,Heavyweight,0,U-DEC,3,5:00
UFC Fight Night: Moreno vs. Albazi,Serhiy Sidey,Garrett Armfield,Bantamweight,0,S-DEC,3,5:00
UFC Fight Night: Moreno vs. Albazi,Cody Gibson,Chad Anheliger,Bantamweight,0,U-DEC,3,5:00
UFC Fight Night: Moreno vs. Albazi,Jamey-Lyn Horth,Ivana Petrovic,Women's Flyweight,0,S-DEC,3,5:00
UFC 308: Topuria vs. Holloway,Ilia Topuria,Max Holloway,Featherweight,1,KO/TKO Punch,3,1:34
UFC 308: Topuria vs. Holloway,Khamzat Chimaev,Robert Whittaker,Middleweight,0,SUB Rear Naked Choke,1,3:34
UFC 308: Topuria vs. Holloway,Magomed Ankalaev,Aleksandar Rakic,Light Heavyweight,0,U-DEC,3,5:00
UFC 308: Topuria vs. Holloway,Lerone Murphy,Dan Ige,Featherweight,0,U-DEC,3,5:00
UFC 308: Topuria vs. Holloway,Shara Magomedov,Armen Petrosyan,Middleweight,0,KO/TKO Spinning Back Fist,2,4:52
UFC 308: Topuria vs. Holloway,Ibo Aslan,Rafael Cerqueira,Light Heavyweight,0,KO/TKO Punches,1,0:51
UFC 308: Topuria vs. Holloway,Geoff Neal,Rafael Dos Anjos,Welterweight,0,KO/TKO,1,1:30
UFC 308: Topuria vs. Holloway,Mateusz Rebecki,Myktybek Orolbai,Catch Weight,0,S-DEC,3,5:00
UFC 308: Topuria vs. Holloway,Abus Magomedov,Brunno Ferreira,Middleweight,0,SUB Arm Triangle,3,3:14
UFC 308: Topuria vs. Holloway,Kennedy Nzechukwu,Chris Barnett,Heavyweight,0,KO/TKO Knee,1,4:27
UFC 308: Topuria vs. Holloway,Farid Basharat,Victor Hugo,Featherweight,0,U-DEC,3,5:00
UFC 308: Topuria vs. Holloway,Ismail Naurdiev,Bruno Silva,Middleweight,0,U-DEC,3,5:00
UFC 308: Topuria vs. Holloway,Rinat Fakhretdinov,Carlos Leal,Welterweight,0,U-DEC,3,5:00
UFC Fight Night: Hernandez vs. Pereira,Anthony Hernandez,Michel Pereira,Middleweight,0,KO/TKO Elbows,5,2:22
UFC Fight Night: Hernandez vs. Pereira,Rob Font,Kyler Phillips,Bantamweight,0,U-DEC,3,5:00
UFC Fight Night: Hernandez vs. Pereira,Charles Johnson,Sumudaerji,Flyweight,0,U-DEC,3,5:00
UFC Fight Night: Hernandez vs. Pereira,Cameron Smotherman,Jake Hadley,Bantamweight,0,U-DEC,3,5:00
UFC Fight Night: Hernandez vs. Pereira,Darren Elkins,Daniel Pineda,Featherweight,0,U-DEC,3,5:00
UFC Fight Night: Hernandez vs. Pereira,Asu Almabayev,Matheus Nicolau,Flyweight,0,U-DEC,3,5:00
UFC Fight Night: Hernandez vs. Pereira,Jean Matsumoto,Brad Katona,Bantamweight,0,U-DEC,3,5:00
UFC Fight Night: Hernandez vs. Pereira,Joselyne Edwards,Tamires Vidal,Women's Bantamweight,0,SUB Rear Naked Choke,3,4:33
UFC Fight Night: Hernandez vs. Pereira,Elise Reed,Jessica Penne,Women's Strawweight,0,U-DEC,3,5:00
UFC Fight Night: Hernandez vs. Pereira,Melissa Martinez,Alice Ardelean,Women's Strawweight,0,U-DEC,3,5:00
UFC Fight Night: Hernandez vs. Pereira,Austen Lane,Robelis Despaigne,Heavyweight,0,U-DEC,3,5:00
UFC Fight Night: Royval vs. Taira,Brandon Royval,Tatsuro Taira,Flyweight,0,S-DEC,5,5:00
UFC Fight Night: Royval vs. Taira,JunYong Park,Brad Tavares,Middleweight,0,S-DEC,3,5:00
UFC Fight Night: Royval vs. Taira,Chidi Njokuani,Jared Gooden,Welterweight,0,U-DEC,3,5:00
UFC Fight Night: Royval vs. Taira,Grant Dawson,Rafa Garcia,Lightweight,0,KO/TKO Punches,2,1:42
UFC Fight Night: Royval vs. Taira,Daniel Rodriguez,Alex Morono,Welterweight,0,S-DEC,3,5:00
UFC Fight Night: Royval vs. Taira,Ramazan Temirov,CJ Vergara,Flyweight,0,KO/TKO Punch,1,2:50
UFC Fight Night: Royval vs. Taira,Pat Sabatini,Jonathan Pearce,Featherweight,0,SUB Rear Naked Choke,1,4:06
UFC Fight Night: Royval vs. Taira,Themba Gorimbo,Niko Price,Welterweight,0,U-DEC,3,5:00
UFC Fight Night: Royval vs. Taira,Junior Tafa,Sean Sharaf,Heavyweight,0,KO/TKO Punches,2,2:15
UFC Fight Night: Royval vs. Taira,Julia Polastri,Cory McKenna,Women's Strawweight,0,S-DEC,3,5:00
UFC Fight Night: Royval vs. Taira,Cody Haddon,Dan Argueta,Bantamweight,0,U-DEC,3,5:00
UFC Fight Night: Royval vs. Taira,Clayton Carpenter,Lucas Rocha,Flyweight,0,SUB Rear Naked Choke,2,2:12
UFC 307: Pereira vs. Rountree Jr.,Alex Pereira,Khalil Rountree Jr.,Light Heavyweight,1,KO/TKO Punch,4,4:32
UFC 307: Pereira vs. Rountree Jr.,Julianna Pena,Raquel Pennington,Women's Bantamweight,1,S-DEC,5,5:00
UFC 307: Pereira vs. Rountree Jr.,Mario Bautista,Jose Aldo,Bantamweight,0,S-DEC,3,5:00
UFC 307: Pereira vs. Rountree Jr.,Roman Dolidze,Kevin Holland,Middleweight,0,KO/TKO,1,5:00
UFC 307: Pereira vs. Rountree Jr.,Kayla Harrison,Ketlen Vieira,Women's Bantamweight,0,U-DEC,3,5:00
UFC 307: Pereira vs. Rountree Jr.,Joaquin Buckley,Stephen Thompson,Welterweight,0,KO/TKO Punch,3,2:17
UFC 307: Pereira vs. Rountree Jr.,Iasmin Lucindo,Marina Rodriguez,Women's Strawweight,0,S-DEC,3,5:00
UFC 307: Pereira vs. Rountree Jr.,Alexander Hernandez,Austin Hubbard,Lightweight,0,S-DEC,3,5:00
UFC 307: Pereira vs. Rountree Jr.,Cesar Almeida,Ihor Potieria,Middleweight,0,U-DEC,3,5:00
UFC 307: Pereira vs. Rountree Jr.,Ryan Spann,Ovince Saint Preux,Light Heavyweight,0,SUB Guillotine Choke,1,1:35
UFC 307: Pereira vs. Rountree Jr.,Tecia Pennington,Carla Esparza,Women's Strawweight,0,U-DEC,3,5:00
UFC 307: Pereira vs. Rountree Jr.,Court McGee,Tim Means,Welterweight,0,SUB Rear Naked Choke,1,3:19
UFC Fight Night: Moicano vs. Saint Denis,Renato Moicano,Benoit Saint Denis,Lightweight,0,KO/TKO,2,5:00
UFC Fight Night: Moicano vs. Saint Denis,Nassourdine Imavov,Brendan Allen,Middleweight,0,U-DEC,3,5:00
UFC Fight Night: Moicano vs. Saint Denis,William Gomis,Joanderson Brito,Featherweight,0,S-DEC,3,5:00
UFC Fight Night: Moicano vs. Saint Denis,Bryan Battle,Kevin Jousset,Welterweight,0,KO/TKO Punches,2,3:47
UFC Fight Night: Moicano vs. Saint Denis,Morgan Charriere,Gabriel Miranda,Featherweight,0,KO/TKO Punch,2,0:27
UFC Fight Night: Moicano vs. Saint Denis,Fares Ziam,Matt Frevola,Lightweight,0,KO/TKO Knee,3,2:59
UFC Fight Night: Moicano vs. Saint Denis,Ion Cutelaba,Ivan Erslan,Light Heavyweight,0,S-DEC,3,5:00
UFC Fight Night: Moicano vs. Saint Denis,Oumar Sy,Da Woon Jung,Light Heavyweight,0,U-DEC,3,5:00
UFC Fight Night: Moicano vs. Saint Denis,Ludovit Klein,Roosevelt Roberts,Lightweight,0,U-DEC,3,5:00
UFC Fight Night: Moicano vs. Saint Denis,Taylor Lapilus,Vince Morales,Bantamweight,0,U-DEC,3,5:00
UFC Fight Night: Moicano vs. Saint Denis,Ailin Perez,Daria Zhelezniakova,Women's Bantamweight,0,SUB Arm Triangle,1,3:52
UFC Fight Night: Moicano vs. Saint Denis,Daniel Barez,Victor Altamirano,Flyweight,0,U-DEC,3,5:00
UFC Fight Night: Moicano vs. Saint Denis,Jacqueline Cavalcanti,Nora Cornolle,Women's Bantamweight,0,S-DEC,3,5:00
UFC Fight Night: Moicano vs. Saint Denis,Chris Duncan,Bolaji Oki,Lightweight,0,SUB Guillotine Choke,1,3:34
UFC 306: Riyadh Season Noche UFC,Merab Dvalishvili,Sean O'Malley,Bantamweight,1,U-DEC,5,5:00
UFC 306: Riyadh Season Noche UFC,Valentina Shevchenko,Alexa Grasso,Women's Flyweight,1,U-DEC,5,5:00
UFC 306: Riyadh Season Noche UFC,Diego Lopes,Brian Ortega,Featherweight,0,U-DEC,3,5:00
UFC 306: Riyadh Season Noche UFC,Esteban Ribovics,Daniel Zellhuber,Lightweight,0,S-DEC,3,5:00
UFC 306: Riyadh Season Noche UFC,Ronaldo Rodriguez,Ode Osbourne,Flyweight,0,U-DEC,3,5:00
UFC 306: Riyadh Season Noche UFC,Norma Dumont,Irene Aldana,Women's Bantamweight,0,U-DEC,3,5:00
UFC 306: Riyadh Season Noche UFC,Ignacio Bahamondes,Manuel Torres,Lightweight,0,KO/TKO Punch,1,4:02
UFC 306: Riyadh Season Noche UFC,Ketlen Souza,Yazmin Jauregui,Women's Strawweight,0,SUB Rear Naked Choke,1,3:02
UFC 306: Riyadh Season Noche UFC,Joshua Van,Edgar Chairez,Flyweight,0,U-DEC,3,5:00
UFC 306: Riyadh Season Noche UFC,Raul Rosas Jr.,Aoriqileng,Bantamweight,0,U-DEC,3,5:00
UFC Fight Night: Burns vs. Brady,Sean Brady,Gilbert Burns,Welterweight,0,U-DEC,5,5:00
UFC Fight Night: Burns vs. Brady,Natalia Silva,Jessica Andrade,Women's Flyweight,0,U-DEC,3,5:00
UFC Fight Night: Burns vs. Brady,Steve Garcia,Kyle Nelson,Featherweight,0,KO/TKO Elbows,1,3:59
UFC Fight Night: Burns vs. Brady,Cody Durden,Matt Schnell,Bantamweight,0,SUB Guillotine Choke,2,0:29
UFC Fight Night: Burns vs. Brady,Yanal Ashmouz,Trevor Peek,Lightweight,0,U-DEC,3,5:00
UFC Fight Night: Burns vs. Brady,Chris Padilla,Rongzhu,Lightweight,0,KO/TKO,2,4:14
UFC Fight Night: Burns vs. Brady,Isaac Dulgarian,Brendon Marotte,Featherweight,0,SUB Arm Triangle,2,4:19
UFC Fight Night: Burns vs. Brady,Andre Lima,Felipe dos Santos,Flyweight,0,U-DEC,3,5:00
UFC Fight Night: Burns vs. Brady,Gabriel Santos,Yizha,Featherweight,0,U-DEC,3,5:00
UFC Fight Night: Burns vs. Brady,Jaqueline Amorim,Vanessa Demopoulos,Women's Strawweight,0,SUB Armbar,1,3:28
UFC Fight Night: Burns vs. Brady,Andre Petroski,Dylan Budka,Middleweight,0,U-DEC,3,5:00
UFC Fight Night: Burns vs. Brady,Nathan Fletcher,Zygimantas Ramaska,Featherweight,0,SUB Arm Triangle,2,1:14
UFC Fight Night: Cannonier vs. Borralho,Caio Borralho,Jared Cannonier,Middleweight,0,U-DEC,5,5:00
UFC Fight Night: Cannonier vs. Borralho,Tabatha Ricci,Angela Hill,Women's Strawweight,0,U-DEC,3,5:00
UFC Fight Night: Cannonier vs. Borralho,Ryan Loder,Robert Valentin,Middleweight,1,KO/TKO Elbows,2,1:49
UFC Fight Night: Cannonier vs. Borralho,Mairon Santos,Kaan Ofli,Featherweight,1,KO/TKO Punch,2,1:30
UFC Fight Night: Cannonier vs. Borralho,Michael Morales,Neil Magny,Welterweight,0,KO/TKO Punches,1,4:39
UFC Fight Night: Cannonier vs. Borralho,Gerald Meerschaert,Edmen Shahbazyan,Middleweight,0,SUB Arm Triangle,2,4:12
UFC Fight Night: Cannonier vs. Borralho,Francis Marshall,Dennis Buzukja,Lightweight,0,S-DEC,3,5:00
UFC Fight Night: Cannonier vs. Borralho,Zach Reese,Jose Daniel Medina,Middleweight,0,U-DEC,3,5:00
UFC Fight Night: Cannonier vs. Borralho,Viacheslav Borshchev,James Llontop,Lightweight,0,S-DEC,3,5:00
UFC Fight Night: Cannonier vs. Borralho,Jacqueline Cavalcanti,Josiane Nunes,Women's Bantamweight,0,S-DEC,3,5:00
UFC Fight Night: Cannonier vs. Borralho,Wang Cong,Victoria Leonardo,Women's Flyweight,0,KO/TKO Punches,1,1:02
UFC 305: Du Plessis vs. Adesanya,Dricus Du Plessis,Israel Adesanya,Middleweight,1,SUB Rear Naked Choke,4,3:38
UFC 305: Du Plessis vs. Adesanya,Kai Kara-France,Steve Erceg,Flyweight,0,KO/TKO Punch,1,4:04
UFC 305: Du Plessis vs. Adesanya,Dan Hooker,Mateusz Gamrot,Lightweight,0,S-DEC,3,5:00
UFC 305: Du Plessis vs. Adesanya,Jairzinho Rozenstruik,Tai Tuivasa,Heavyweight,0,S-DEC,3,5:00
UFC 305: Du Plessis vs. Adesanya,Carlos Prates,Li Jingliang,Welterweight,0,KO/TKO Punch,2,4:02
UFC 305: Du Plessis vs. Adesanya,Valter Walker,Junior Tafa,Heavyweight,0,SUB Heel Hook,1,4:56
UFC 305: Du Plessis vs. Adesanya,Ricardo Ramos,Josh Culibao,Featherweight,0,S-DEC,3,5:00
UFC 305: Du Plessis vs. Adesanya,Casey O'Neill,Luana Santos,Women's Flyweight,0,U-DEC,3,5:00
UFC 305: Du Plessis vs. Adesanya,Jack Jenkins,Herbert Burns,Featherweight,0,KO/TKO Punches,3,0:48
UFC 305: Du Plessis vs. Adesanya,Tom Nolan,Alex Reyes,Lightweight,0,U-DEC,3,5:00
UFC 305: Du Plessis vs. Adesanya,Song Kenan,Ricky Glenn,Welterweight,0,U-DEC,3,5:00
UFC 305: Du Plessis vs. Adesanya,Jesus Aguilar,Stewart Nicoll,Flyweight,0,SUB Guillotine Choke,1,2:39
UFC Fight Night: Tybura vs. Spivac 2,Serghei Spivac,Marcin Tybura,Heavyweight,0,SUB Armbar,1,1:44
UFC Fight Night: Tybura vs. Spivac 2,Chepe Mariscal,Damon Jackson,Featherweight,0,U-DEC,3,5:00
UFC Fight Night: Tybura vs. Spivac 2,Danny Barlow,Nikolay Veretennikov,Welterweight,0,S-DEC,3,5:00
UFC Fight Night: Tybura vs. Spivac 2,Chris Gutierrez,Quang Le,Bantamweight,0,U-DEC,3,5:00
UFC Fight Night: Tybura vs. Spivac 2,Yana Santos,Chelsea Chandler,Women's Bantamweight,0,U-DEC,3,5:00
UFC Fight Night: Tybura vs. Spivac 2,Toshiomi Kazama,Charalampos Grigoriou,Bantamweight,0,SUB Triangle Choke,2,1:55
UFC Fight Night: Tybura vs. Spivac 2,Karol Rosa,Pannie Kianzad,Women's Bantamweight,0,U-DEC,3,5:00
UFC Fight Night: Tybura vs. Spivac 2,Jhonata Diniz,Karl Williams,Heavyweight,0,U-DEC,3,5:00
UFC Fight Night: Tybura vs. Spivac 2,Youssef Zalal,Jarno Errens,Featherweight,0,SUB Rear Naked Choke,1,3:52
UFC Fight Night: Tybura vs. Spivac 2,Stephanie Luciano,Talita Alencar,Women's Strawweight,0,U-DEC,3,5:00
UFC Fight Night: Sandhagen vs. Nurmagomedov,Umar Nurmagomedov,Cory Sandhagen,Bantamweight,0,U-DEC,5,5:00
UFC Fight Night: Sandhagen vs. Nurmagomedov,Shara Magomedov,Michal Oleksiejczuk,Middleweight,0,U-DEC,3,5:00
UFC Fight Night: Sandhagen vs. Nurmagomedov,Deiveson Figueiredo,Marlon Vera,Bantamweight,0,U-DEC,3,5:00
UFC Fight Night: Sandhagen vs. Nurmagomedov,Michael Chiesa,Tony Ferguson,Welterweight,0,SUB Rear Naked Choke,1,3:44
UFC Fight Night: Sandhagen vs. Nurmagomedov,Mackenzie Dern,Loopy Godinez,Women's Strawweight,0,U-DEC,3,5:00
UFC Fight Night: Sandhagen vs. Nurmagomedov,Joel Alvarez,Elves Brener,Lightweight,0,KO/TKO Knees,3,3:36
UFC Fight Night: Sandhagen vs. Nurmagomedov,Azamat Murzakanov,Alonzo Menifield,Light Heavyweight,0,KO/TKO Punches,2,3:18
UFC Fight Night: Sandhagen vs. Nurmagomedov,Kaue Fernandes,Mohammad Yahya,Lightweight,0,KO/TKO Punches,1,4:45
UFC Fight Night: Sandhagen vs. Nurmagomedov,Shamil Gaziev,Don'Tale Mayes,Heavyweight,0,U-DEC,3,5:00
UFC Fight Night: Sandhagen vs. Nurmagomedov,Guram Kutateladze,Jordan Vucenic,Lightweight,0,U-DEC,3,5:00
UFC Fight Night: Sandhagen vs. Nurmagomedov,Sam Hughes,Viktoriia Dudakova,Women's Strawweight,0,S-DEC,3,5:00
UFC Fight Night: Sandhagen vs. Nurmagomedov,Jai Herbert,Rolando Bedoya,Lightweight,0,U-DEC,3,5:00
UFC Fight Night: Sandhagen vs. Nurmagomedov,Sedriques Dumas,Denis Tiuliulin,Middleweight,0,U-DEC,3,5:00
UFC 304: Edwards vs. Muhammad 2,Belal Muhammad,Leon Edwards,Welterweight,1,U-DEC,5,5:00
UFC 304: Edwards vs. Muhammad 2,Tom Aspinall,Curtis Blaydes,Heavyweight,1,KO/TKO Punch,1,1:00
UFC 304: Edwards vs. Muhammad 2,Paddy Pimblett,King Green,Lightweight,0,SUB Triangle Choke,1,3:22
UFC 304: Edwards vs. Muhammad 2,Gregory Rodrigues,Christian Leroy Duncan,Middleweight,0,U-DEC,3,5:00
UFC 304: Edwards vs. Muhammad 2,Arnold Allen,Giga Chikadze,Featherweight,0,U-DEC,3,5:00
UFC 304: Edwards vs. Muhammad 2,Nathaniel Wood,Daniel Pineda,Featherweight,0,U-DEC,3,5:00
UFC 304: Edwards vs. Muhammad 2,Bruna Brasil,Molly McCann,Women's Strawweight,0,U-DEC,3,5:00
UFC 304: Edwards vs. Muhammad 2,Jake Hadley,Caolan Loughran,Bantamweight,0,U-DEC,3,5:00
UFC 304: Edwards vs. Muhammad 2,Muhammad Mokaev,Manel Kape,Flyweight,0,U-DEC,3,5:00
UFC 304: Edwards vs. Muhammad 2,Oban Elliott,Preston Parsons,Welterweight,0,U-DEC,3,5:00
UFC 304: Edwards vs. Muhammad 2,Modestas Bukauskas,Marcin Prachnio,Light Heavyweight,0,SUB Arm Triangle,3,3:12
UFC 304: Edwards vs. Muhammad 2,Sam Patterson,Kiefer Crosbie,Welterweight,0,SUB Arm Triangle,1,2:50
UFC 304: Edwards vs. Muhammad 2,Mick Parkin,Lukasz Brzeski,Heavyweight,0,KO/TKO Punches,1,3:23
UFC 304: Edwards vs. Muhammad 2,Shauna Bannon,Alice Ardelean,Women's Strawweight,0,S-DEC,3,5:00
UFC Fight Night: Lemos vs. Jandiroba,Virna Jandiroba,Amanda Lemos,Women's Strawweight,0,SUB Armbar,2,4:48
UFC Fight Night: Lemos vs. Jandiroba,Steve Garcia,SeungWoo Choi,Featherweight,0,KO/TKO Punch,1,1:36
UFC Fight Night: Lemos vs. Jandiroba,Kurt Holobaugh,Kaynan Kruschewsky,Lightweight,0,U-DEC,3,5:00
UFC Fight Night: Lemos vs. Jandiroba,Bruno Silva,Cody Durden,Flyweight,0,KO/TKO Punches,2,2:58
UFC Fight Night: Lemos vs. Jandiroba,Dooho Choi,Bill Algeo,Featherweight,0,KO/TKO Punch,2,3:38
UFC Fight Night: Lemos vs. Jandiroba,Hyder Amil,JeongYeong Lee,Featherweight,0,KO/TKO Punches,1,1:05
UFC Fight Night: Lemos vs. Jandiroba,Cody Gibson,Brian Kelleher,Bantamweight,0,SUB Arm Triangle,1,3:58
UFC Fight Night: Lemos vs. Jandiroba,Miranda Maverick,Dione Barbosa,Women's Flyweight,0,U-DEC,3,5:00
UFC Fight Night: Lemos vs. Jandiroba,Trey Ogden,Loik Radzhabov,Lightweight,0,U-DEC,3,5:00
UFC Fight Night: Lemos vs. Jandiroba,Luana Carolina,Lucie Pudilova,Women's Flyweight,0,U-DEC,3,5:00
UFC Fight Night: Lemos vs. Jandiroba,Thomas Petersen,Mohammed Usman,Heavyweight,0,U-DEC,3,5:00
UFC Fight Night: Namajunas vs. Cortez,Rose Namajunas,Tracy Cortez,Women's Flyweight,0,U-DEC,5,5:00
UFC Fight Night: Namajunas vs. Cortez,Muslim Salikhov,Santiago Ponzinibbio,Welterweight,0,S-DEC,3,5:00
UFC Fight Night: Namajunas vs. Cortez,Jean Silva,Drew Dober,Lightweight,0,KO/TKO,3,1:28
UFC Fight Night: Namajunas vs. Cortez,Gabriel Bonfim,Ange Loosa,Welterweight,0,U-DEC,3,5:00
UFC Fight Night: Namajunas vs. Cortez,Julian Erosa,Christian Rodriguez,Featherweight,0,SUB Guillotine Choke,1,4:49
UFC Fight Night: Namajunas vs. Cortez,Abdul Razak Alhassan,Cody Brundage,Middleweight,0,CNC,1,0:37
UFC Fight Night: Namajunas vs. Cortez,Charles Johnson,Joshua Van,Flyweight,0,KO/TKO Punch,3,0:20
UFC Fight Night: Namajunas vs. Cortez,Jasmine Jasudavicius,Fatima Kline,Women's Flyweight,0,U-DEC,3,5:00
UFC Fight Night: Namajunas vs. Cortez,Montel Jackson,Da'Mon Blackshear,Bantamweight,0,KO/TKO Punch,1,0:18
UFC Fight Night: Namajunas vs. Cortez,Luana Santos,Mariya Agapova,Women's Flyweight,0,SUB Rear Naked Choke,1,3:27
UFC Fight Night: Namajunas vs. Cortez,Andre Petroski,Josh Fremd,Middleweight,0,U-DEC,3,5:00
UFC Fight Night: Namajunas vs. Cortez,Evan Elder,Darrius Flowers,Welterweight,0,SUB Arm Triangle,2,1:46
UFC 303: Pereira vs. Prochazka 2,Alex Pereira,Jiri Prochazka,Light Heavyweight,1,KO/TKO Kick,2,0:13
UFC 303: Pereira vs. Prochazka 2,Diego Lopes,Dan Ige,Catch Weight,0,U-DEC,3,5:00
UFC 303: Pereira vs. Prochazka 2,Roman Dolidze,Anthony Smith,Light Heavyweight,0,U-DEC,3,5:00
UFC 303: Pereira vs. Prochazka 2,Macy Chiasson,Mayra Bueno Silva,Women's Bantamweight,0,KO/TKO,2,1:58
UFC 303: Pereira vs. Prochazka 2,Ian Machado Garry,Michael Page,Welterweight,0,U-DEC,3,5:00
UFC 303: Pereira vs. Prochazka 2,Joe Pyfer,Marc-Andre Barriault,Middleweight,0,KO/TKO Punch,1,1:25
UFC 303: Pereira vs. Prochazka 2,Andre Fili,Cub Swanson,Featherweight,0,S-DEC,3,5:00
UFC 303: Pereira vs. Prochazka 2,Jean Silva,Charles Jourdain,Featherweight,0,KO/TKO Punch,2,1:22
UFC 303: Pereira vs. Prochazka 2,Payton Talbott,Yanis Ghemmouri,Bantamweight,0,KO/TKO Punch,1,0:19
UFC 303: Pereira vs. Prochazka 2,Gillian Robertson,Michelle Waterson-Gomez,Women's Strawweight,0,U-DEC,3,5:00
UFC 303: Pereira vs. Prochazka 2,Martin Buday,Andrei Arlovski,Heavyweight,0,S-DEC,3,5:00
UFC 303: Pereira vs. Prochazka 2,Rei Tsuruya,Carlos Hernandez,Flyweight,0,U-DEC,3,5:00
UFC 303: Pereira vs. Prochazka 2,Vinicius Oliveira,Ricky Simon,Bantamweight,0,U-DEC,3,5:00
UFC Fight Night: Whittaker vs. Aliskerov,Robert Whittaker,Ikram Aliskerov,Middleweight,0,KO/TKO Punch,1,1:49
UFC Fight Night: Whittaker vs. Aliskerov,Alexander Volkov,Sergei Pavlovich,Heavyweight,0,U-DEC,3,5:00
UFC Fight Night: Whittaker vs. Aliskerov,Kelvin Gastelum,Daniel Rodriguez,Middleweight,0,U-DEC,3,5:00
UFC Fight Night: Whittaker vs. Aliskerov,Shara Magomedov,Antonio Trocoli,Middleweight,0,KO/TKO Punches,3,2:27
UFC Fight Night: Whittaker vs. Aliskerov,Volkan Oezdemir,Johnny Walker,Light Heavyweight,0,KO/TKO Punch,1,2:28
UFC Fight Night: Whittaker vs. Aliskerov,Nasrat Haqparast,Jared Gordon,Lightweight,0,S-DEC,3,5:00
UFC Fight Night: Whittaker vs. Aliskerov,Felipe Lima,Muhammad Naimov,Featherweight,0,SUB Rear Naked Choke,3,1:15
UFC Fight Night: Whittaker vs. Aliskerov,Rinat Fakhretdinov,Nicolas Dalby,Welterweight,0,S-DEC,3,5:00
UFC Fight Night: Whittaker vs. Aliskerov,Muin Gafurov,Kyung Ho Kang,Bantamweight,0,U-DEC,3,5:00
UFC Fight Night: Whittaker vs. Aliskerov,Magomed Gadzhiyasulov,Brendson Ribeiro,Light Heavyweight,0,M-DEC,3,5:00
UFC Fight Night: Whittaker vs. Aliskerov,ChangHo Lee,Xiao Long,Bantamweight,0,S-DEC,3,5:00
UFC Fight Night: Perez vs. Taira,Tatsuro Taira,Alex Perez,Flyweight,0,KO/TKO,2,2:59
UFC Fight Night: Perez vs. Taira,Miles Johns,Douglas Silva de Andrade,Bantamweight,0,U-DEC,3,5:00
UFC Fight Night: Perez vs. Taira,Lucas Almeida,Timmy Cuamba,Featherweight,0,U-DEC,3,5:00
UFC Fight Night: Perez vs. Taira,Brady Hiestand,Garrett Armfield,Bantamweight,0,SUB Rear Naked Choke,3,1:52
UFC Fight Night: Perez vs. Taira,Asu Almabayev,Jose Johnson,Flyweight,0,U-DEC,3,5:00
UFC Fight Night: Perez vs. Taira,Adam Fugitt,Josh Quinlan,Welterweight,0,S-DEC,3,5:00
UFC Fight Night: Perez vs. Taira,Nate Maness,Jimmy Flick,Flyweight,0,U-DEC,3,5:00
UFC Fight Night: Perez vs. Taira,Gabriella Fernandes,Carli Judice,Women's Flyweight,0,S-DEC,3,5:00
UFC Fight Night: Perez vs. Taira,Westin Wilson,Jeka Saragih,Featherweight,0,SUB Triangle Armbar,1,1:49
UFC Fight Night: Perez vs. Taira,Melquizael Costa,Shayilan Nuerdanbieke,Featherweight,0,SUB Rear Naked Choke,3,1:50
UFC Fight Night: Perez vs. Taira,Josefine Knutsson,Julia Polastri,Women's Strawweight,0,U-DEC,3,5:00
UFC Fight Night: Cannonier vs. Imavov,Nassourdine Imavov,Jared Cannonier,Middleweight,0,KO/TKO Punches,4,1:34
UFC Fight Night: Cannonier vs. Imavov,Dominick Reyes,Dustin Jacoby,Light Heavyweight,0,KO/TKO Punches,1,2:00
UFC Fight Night: Cannonier vs. Imavov,Raul Rosas Jr.,Ricky Turcios,Bantamweight,0,SUB Rear Naked Choke,2,2:22
UFC Fight Night: Cannonier vs. Imavov,Brunno Ferreira,Dustin Stoltzfus,Middleweight,0,KO/TKO Spinning Back Elbow,1,4:51
UFC Fight Night: Cannonier vs. Imavov,Zach Reese,Julian Marquez,Middleweight,0,KO/TKO Punch,1,0:20
UFC Fight Night: Cannonier vs. Imavov,Punahele Soriano,Miguel Baeza,Welterweight,0,U-DEC,3,5:00
UFC Fight Night: Cannonier vs. Imavov,Ludovit Klein,Thiago Moises,Lightweight,0,U-DEC,3,5:00
UFC Fight Night: Cannonier vs. Imavov,Carlos Prates,Charles Radtke,Welterweight,0,KO/TKO Knee,1,4:47
UFC Fight Night: Cannonier vs. Imavov,Brad Katona,Jesse Butler,Bantamweight,0,U-DEC,3,5:00
UFC Fight Night: Cannonier vs. Imavov,Montana De La Rosa,Andrea Lee,Women's Flyweight,0,S-DEC,3,5:00
UFC Fight Night: Cannonier vs. Imavov,Daniel Marcos,John Castaneda,Bantamweight,0,U-DEC,3,5:00
UFC Fight Night: Cannonier vs. Imavov,Denise Gomes,Eduarda Moura,Women's Strawweight,0,S-DEC,3,5:00
UFC Fight Night: Cannonier vs. Imavov,Taylor Lapilus,Cody Stamann,Bantamweight,0,U-DEC,3,5:00
UFC Fight Night: Cannonier vs. Imavov,Puja Tomar,Rayanne dos Santos,Women's Strawweight,0,S-DEC,3,5:00
UFC 302: Makhachev vs. Poirier,Islam Makhachev,Dustin Poirier,Lightweight,1,SUB D'Arce Choke,5,2:42
UFC 302: Makhachev vs. Poirier,Sean Strickland,Paulo Costa,Middleweight,0,S-DEC,5,5:00
UFC 302: Makhachev vs. Poirier,Kevin Holland,Michal Oleksiejczuk,Middleweight,0,SUB Armbar,1,1:34
UFC 302: Makhachev vs. Poirier,Niko Price,Alex Morono,Welterweight,0,U-DEC,3,5:00
UFC 302: Makhachev vs. Poirier,Randy Brown,Elizeu Zaleski dos Santos,Welterweight,0,U-DEC,3,5:00
UFC 302: Makhachev vs. Poirier,Roman Kopylov,Cesar Almeida,Middleweight,0,S-DEC,3,5:00
UFC 302: Makhachev vs. Poirier,Jailton Almeida,Alexandr Romanov,Heavyweight,0,SUB Rear Naked Choke,1,2:27
UFC 302: Makhachev vs. Poirier,Grant Dawson,Joe Solecki,Lightweight,0,U-DEC,3,5:00
UFC 302: Makhachev vs. Poirier,Jake Matthews,Phil Rowe,Welterweight,0,U-DEC,3,5:00
UFC 302: Makhachev vs. Poirier,Bassil Hafez,Mickey Gall,Welterweight,0,U-DEC,3,5:00
UFC 302: Makhachev vs. Poirier,Ailin Perez,Joselyne Edwards,Women's Bantamweight,0,U-DEC,3,5:00
UFC 302: Makhachev vs. Poirier,Andre Lima,Mitch Raposo,Flyweight,0,S-DEC,3,5:00
UFC Fight Night: Barboza vs. Murphy,Lerone Murphy,Edson Barboza,Featherweight,0,U-DEC,5,5:00
UFC Fight Night: Barboza vs. Murphy,Khaos Williams,Carlston Harris,Welterweight,0,KO/TKO Punch,1,1:30
UFC Fight Night: Barboza vs. Murphy,Themba Gorimbo,Ramiz Brahimaj,Welterweight,0,U-DEC,3,5:00
UFC Fight Night: Barboza vs. Murphy,Adrian Yanez,Vinicius Salvador,Bantamweight,0,KO/TKO Punches,1,2:47
UFC Fight Night: Barboza vs. Murphy,Angela Hill,Luana Pinheiro,Women's Strawweight,0,SUB Guillotine Choke,2,4:12
UFC Fight Night: Barboza vs. Murphy,Tom Nolan,Victor Martinez,Lightweight,0,KO/TKO Knee,1,3:50
UFC Fight Night: Barboza vs. Murphy,Oumar Sy,Tuco Tokkos,Light Heavyweight,0,SUB Rear Naked Choke,1,3:43
UFC Fight Night: Barboza vs. Murphy,Melissa Gatto,Tamires Vidal,Women's Bantamweight,0,KO/TKO Punch,3,0:37
UFC Fight Night: Barboza vs. Murphy,Abus Magomedov,Warlley Alves,Middleweight,0,U-DEC,3,5:00
UFC Fight Night: Barboza vs. Murphy,Ariane Carnelossi,Piera Rodriguez,Women's Strawweight,0,DQ,2,3:16
UFC Fight Night: Barboza vs. Murphy,Alatengheili,Kleydson Rodrigues,Bantamweight,0,U-DEC,3,5:00
UFC Fight Night: Barboza vs. Murphy,Vanessa Demopoulos,Emily Ducote,Women's Strawweight,0,S-DEC,3,5:00
UFC Fight Night: Lewis vs. Nascimento,Derrick Lewis,Rodrigo Nascimento,Heavyweight,0,KO/TKO Punch,3,0:49
UFC Fight Night: Lewis vs. Nascimento,Joaquin Buckley,Nursulton Ruziboev,Welterweight,0,U-DEC,3,5:00
UFC Fight Night: Lewis vs. Nascimento,Carlos Ulberg,Alonzo Menifield,Light Heavyweight,0,KO/TKO Punches,1,0:12
UFC Fight Night: Lewis vs. Nascimento,Diego Ferreira,Mateusz Rebecki,Lightweight,0,KO/TKO Punches,3,4:51
UFC Fight Night: Lewis vs. Nascimento,Sean Woodson,Alex Caceres,Featherweight,0,U-DEC,3,5:00
UFC Fight Night: Lewis vs. Nascimento,Waldo Cortes Acosta,Robelis Despaigne,Heavyweight,0,U-DEC,3,5:00
UFC Fight Night: Lewis vs. Nascimento,Chase Hooper,Viacheslav Borshchev,Lightweight,0,SUB D'Arce Choke,2,3:00
UFC Fight Night: Lewis vs. Nascimento,Esteban Ribovics,Terrance McKinney,Lightweight,0,KO/TKO Kick,1,0:37
UFC Fight Night: Lewis vs. Nascimento,Tabatha Ricci,Tecia Pennington,Women's Strawweight,0,S-DEC,3,5:00
UFC Fight Night: Lewis vs. Nascimento,Trey Waters,Billy Ray Goff,Welterweight,0,U-DEC,3,5:00
UFC Fight Night: Lewis vs. Nascimento,Charles Johnson,Jake Hadley,Flyweight,0,U-DEC,3,5:00
UFC Fight Night: Lewis vs. Nascimento,Veronica Hardy,JJ Aldrich,Women's Flyweight,0,U-DEC,3,5:00
UFC 301: Pantoja vs. Erceg,Alexandre Pantoja,Steve Erceg,Flyweight,1,U-DEC,5,5:00
UFC 301: Pantoja vs. Erceg,Jose Aldo,Jonathan Martinez,Bantamweight,0,U-DEC,3,5:00
UFC 301: Pantoja vs. Erceg,Anthony Smith,Vitor Petrino,Light Heavyweight,0,SUB Guillotine Choke,1,2:00
UFC 301: Pantoja vs. Erceg,Michel Pereira,Ihor Potieria,Middleweight,0,SUB Guillotine Choke,1,0:54
UFC 301: Pantoja vs. Erceg,Caio Borralho,Paul Craig,Middleweight,0,KO/TKO Punches,2,2:10
UFC 301: Pantoja vs. Erceg,Joanderson Brito,Jack Shore,Featherweight,0,KO/TKO,2,3:35
UFC 301: Pantoja vs. Erceg,Iasmin Lucindo,Karolina Kowalkiewicz,Women's Strawweight,0,U-DEC,3,5:00
UFC 301: Pantoja vs. Erceg,Myktybek Orolbai,Elves Brener,Lightweight,0,U-DEC,3,5:00
UFC 301: Pantoja vs. Erceg,Drakkar Klose,Joaquim Silva,Lightweight,0,U-DEC,3,5:00
UFC 301: Pantoja vs. Erceg,Mauricio Ruffy,Jamie Mullarkey,Lightweight,0,KO/TKO Punches,1,4:42
UFC 301: Pantoja vs. Erceg,Dione Barbosa,Ernesta Kareckaite,Women's Flyweight,0,U-DEC,3,5:00
UFC 301: Pantoja vs. Erceg,Ismael Bonfim,Vinc Pichel,Lightweight,0,U-DEC,3,5:00
UFC 301: Pantoja vs. Erceg,Alessandro Costa,Kevin Borjas,Flyweight,0,KO/TKO Punches,2,1:35
UFC Fight Night: Nicolau vs. Perez,Alex Perez,Matheus Nicolau,Flyweight,0,KO/TKO Punch,2,2:16
UFC Fight Night: Nicolau vs. Perez,Bogdan Guskov,Ryan Spann,Light Heavyweight,0,KO/TKO Punches,2,3:16
UFC Fight Night: Nicolau vs. Perez,Karine Silva,Ariane da Silva,Women's Flyweight,0,U-DEC,3,5:00
UFC Fight Night: Nicolau vs. Perez,Jhonata Diniz,Austen Lane,Heavyweight,0,KO/TKO Punch,2,2:12
UFC Fight Night: Nicolau vs. Perez,David Onama,Jonathan Pearce,Featherweight,0,U-DEC,3,5:00
UFC Fight Night: Nicolau vs. Perez,Uros Medic,Tim Means,Welterweight,0,KO/TKO Punch,1,2:09
UFC Fight Night: Nicolau vs. Perez,Victor Henry,Rani Yahya,Bantamweight,0,KO/TKO Punches,3,2:36
UFC Fight Night: Nicolau vs. Perez,Austin Hubbard,Michal Figlak,Lightweight,0,U-DEC,3,5:00
UFC Fight Night: Nicolau vs. Perez,Don'Tale Mayes,Caio Machado,Heavyweight,0,U-DEC,3,5:00
UFC Fight Night: Nicolau vs. Perez,Ketlen Souza,Marnic Mann,Women's Strawweight,0,U-DEC,3,5:00
UFC Fight Night: Nicolau vs. Perez,Chris Padilla,James Llontop,Lightweight,0,SUB Rear Naked Choke,1,4:33
UFC Fight Night: Nicolau vs. Perez,Ivana Petrovic,Liang Na,Women's Flyweight,0,SUB Arm Triangle,3,1:29
UFC Fight Night: Nicolau vs. Perez,Maheshate,Gabriel Benitez,Lightweight,0,S-DEC,3,5:00
UFC 300: Pereira vs. Hill,Alex Pereira,Jamahal Hill,Light Heavyweight,1,KO/TKO Punch,1,3:14
UFC 300: Pereira vs. Hill,Zhang Weili,Yan Xiaonan,Women's Strawweight,1,U-DEC,5,5:00
UFC 300: Pereira vs. Hill,Max Holloway,Justin Gaethje,Lightweight,0,KO/TKO Punch,5,4:59
UFC 300: Pereira vs. Hill,Arman Tsarukyan,Charles Oliveira,Lightweight,0,S-DEC,3,5:00
UFC 300: Pereira vs. Hill,Bo Nickal,Cody Brundage,Middleweight,0,SUB Rear Naked Choke,2,3:38
UFC 300: Pereira vs. Hill,Jiri Prochazka,Aleksandar Rakic,Light Heavyweight,0,KO/TKO Punches,2,3:17
UFC 300: Pereira vs. Hill,Aljamain Sterling,Calvin Kattar,Featherweight,0,U-DEC,3,5:00
UFC 300: Pereira vs. Hill,Kayla Harrison,Holly Holm,Women's Bantamweight,0,SUB Rear Naked Choke,2,1:47
UFC 300: Pereira vs. Hill,Diego Lopes,Sodiq Yusuff,Featherweight,0,KO/TKO Punches,1,1:29
UFC 300: Pereira vs. Hill,Renato Moicano,Jalin Turner,Lightweight,0,KO/TKO Punches,2,4:11
UFC 300: Pereira vs. Hill,Jessica Andrade,Marina Rodriguez,Women's Strawweight,0,S-DEC,3,5:00
UFC 300: Pereira vs. Hill,King Green,Jim Miller,Lightweight,0,U-DEC,3,5:00
UFC 300: Pereira vs. Hill,Deiveson Figueiredo,Cody Garbrandt,Bantamweight,0,SUB Rear Naked Choke,2,4:02
UFC Fight Night: Allen vs. Curtis 2,Brendan Allen,Chris Curtis,Middleweight,0,S-DEC,5,5:00
UFC Fight Night: Allen vs. Curtis 2,Damon Jackson,Alexander Hernandez,Featherweight,0,S-DEC,3,5:00
UFC Fight Night: Allen vs. Curtis 2,Chepe Mariscal,Morgan Charriere,Featherweight,0,S-DEC,3,5:00
UFC Fight Night: Allen vs. Curtis 2,Ignacio Bahamondes,Christos Giagos,Lightweight,0,KO/TKO Kick,1,3:34
UFC Fight Night: Allen vs. Curtis 2,Charlie Campbell,Trevor Peek,Lightweight,0,U-DEC,3,5:00
UFC Fight Night: Allen vs. Curtis 2,Alex Morono,Court McGee,Welterweight,0,U-DEC,3,5:00
UFC Fight Night: Allen vs. Curtis 2,Lukasz Brzeski,Valter Walker,Heavyweight,0,U-DEC,3,5:00
UFC Fight Night: Allen vs. Curtis 2,Norma Dumont,Germaine de Randamie,Women's Bantamweight,0,U-DEC,3,5:00
UFC Fight Night: Allen vs. Curtis 2,Victor Hugo,Pedro Falcao,Bantamweight,0,U-DEC,3,5:00
UFC Fight Night: Allen vs. Curtis 2,Jean Matsumoto,Dan Argueta,Bantamweight,0,SUB Guillotine Choke,2,4:59
UFC Fight Night: Allen vs. Curtis 2,Cesar Almeida,Dylan Budka,Middleweight,0,KO/TKO Elbows,2,2:13
UFC Fight Night: Allen vs. Curtis 2,Nora Cornolle,Melissa Mullins,Women's Bantamweight,0,KO/TKO Knee,2,3:06
UFC Fight Night: Blanchfield vs. Fiorot,Manon Fiorot,Erin Blanchfield,Women's Flyweight,0,U-DEC,5,5:00
UFC Fight Night: Blanchfield vs. Fiorot,Joaquin Buckley,Vicente Luque,Welterweight,0,KO/TKO Punches,2,3:17
UFC Fight Night: Blanchfield vs. Fiorot,Chris Weidman,Bruno Silva,Middleweight,0,U-DEC,3,2:18
UFC Fight Night: Blanchfield vs. Fiorot,Nursulton Ruziboev,Sedriques Dumas,Middleweight,0,KO/TKO Punch,1,3:18
UFC Fight Night: Blanchfield vs. Fiorot,Kyle Nelson,Bill Algeo,Featherweight,0,KO/TKO Punches,1,4:00
UFC Fight Night: Blanchfield vs. Fiorot,Chidi Njokuani,Rhys McKee,Welterweight,0,S-DEC,3,5:00
UFC Fight Night: Blanchfield vs. Fiorot,Nate Landwehr,Jamall Emmers,Featherweight,0,KO/TKO Punch,1,4:43
UFC Fight Night: Blanchfield vs. Fiorot,Virna Jandiroba,Loopy Godinez,Women's Strawweight,0,U-DEC,3,5:00
UFC Fight Night: Blanchfield vs. Fiorot,Julio Arce,Herbert Burns,Featherweight,0,KO/TKO Punch,2,2:00
UFC Fight Night: Blanchfield vs. Fiorot,Dennis Buzukja,Connor Matthews,Featherweight,0,KO/TKO Punch,3,0:22
UFC Fight Night: Blanchfield vs. Fiorot,Ibo Aslan,Anton Turkalj,Light Heavyweight,0,KO/TKO Punch,3,1:32
UFC Fight Night: Blanchfield vs. Fiorot,Jacob Malkoun,Andre Petroski,Middleweight,0,KO/TKO Kick,2,0:39
UFC Fight Night: Blanchfield vs. Fiorot,Caolan Loughran,Angel Pacheco,Bantamweight,0,U-DEC,3,5:00
UFC Fight Night: Ribas vs. Namajunas,Rose Namajunas,Amanda Ribas,Women's Flyweight,0,U-DEC,5,5:00
UFC Fight Night: Ribas vs. Namajunas,Karl Williams,Justin Tafa,Heavyweight,0,U-DEC,3,5:00
UFC Fight Night: Ribas vs. Namajunas,Edmen Shahbazyan,AJ Dobson,Middleweight,0,KO/TKO Punches,1,4:33
UFC Fight Night: Ribas vs. Namajunas,Payton Talbott,Cameron Saaiman,Bantamweight,0,KO/TKO Punches,2,0:21
UFC Fight Night: Ribas vs. Namajunas,Youssef Zalal,Billy Quarantillo,Featherweight,0,SUB Rear Naked Choke,2,1:50
UFC Fight Night: Ribas vs. Namajunas,Fernando Padilla,Luis Pajuelo,Featherweight,0,SUB D'Arce Choke,1,2:45
UFC Fight Night: Ribas vs. Namajunas,Trey Ogden,Kurt Holobaugh,Lightweight,0,U-DEC,3,5:00
UFC Fight Night: Ribas vs. Namajunas,Julian Erosa,Ricardo Ramos,Featherweight,0,SUB Guillotine Choke,1,2:15
UFC Fight Night: Ribas vs. Namajunas,Miles Johns,Cody Gibson,Bantamweight,0,U-DEC,3,5:00
UFC Fight Night: Ribas vs. Namajunas,Jarno Errens,Steven Nguyen,Featherweight,0,U-DEC,3,5:00
UFC Fight Night: Ribas vs. Namajunas,Daria Zhelezniakova,Montse Rendon,Women's Bantamweight,0,U-DEC,3,5:00
UFC Fight Night: Ribas vs. Namajunas,Andre Lima,Igor Severino,Flyweight,0,DQ,2,2:52
UFC Fight Night: Ribas vs. Namajunas,Mick Parkin,Mohammed Usman,Heavyweight,0,U-DEC,3,5:00
UFC Fight Night: Tuivasa vs. Tybura,Marcin Tybura,Tai Tuivasa,Heavyweight,0,SUB Rear Naked Choke,1,4:08
UFC Fight Night: Tuivasa vs. Tybura,Bryan Battle,Ange Loosa,Welterweight,0,CNC,2,1:00
UFC Fight Night: Tuivasa vs. Tybura,Ovince Saint Preux,Kennedy Nzechukwu,Light Heavyweight,0,S-DEC,3,5:00
UFC Fight Night: Tuivasa vs. Tybura,Christian Rodriguez,Isaac Dulgarian,Featherweight,0,S-DEC,3,5:00
UFC Fight Night: Tuivasa vs. Tybura,Macy Chiasson,Pannie Kianzad,Women's Bantamweight,0,SUB Rear Naked Choke,1,3:54
UFC Fight Night: Tuivasa vs. Tybura,Gerald Meerschaert,Bryan Barberena,Middleweight,0,SUB Rear Naked Choke,2,4:23
UFC Fight Night: Tuivasa vs. Tybura,Mike Davis,Natan Levy,Lightweight,0,SUB Arm Triangle,2,1:43
UFC Fight Night: Tuivasa vs. Tybura,Chelsea Chandler,Josiane Nunes,Women's Bantamweight,0,U-DEC,3,5:00
UFC Fight Night: Tuivasa vs. Tybura,Jafel Filho,Ode Osbourne,Flyweight,0,SUB Rear Naked Choke,1,4:27
UFC Fight Night: Tuivasa vs. Tybura,Danny Silva,Josh Culibao,Featherweight,0,S-DEC,3,5:00
UFC Fight Night: Tuivasa vs. Tybura,Jaqueline Amorim,Cory McKenna,Women's Strawweight,0,SUB Armbar,1,1:38
UFC Fight Night: Tuivasa vs. Tybura,Thiago Moises,Mitch Ramirez,Lightweight,0,KO/TKO Kick,3,0:15
UFC Fight Night: Tuivasa vs. Tybura,Chad Anheliger,Charalampos Grigoriou,Bantamweight,0,U-DEC,3,5:00
UFC 299: O'Malley vs. Vera 2,Sean O'Malley,Marlon Vera,Bantamweight,1,U-DEC,5,5:00
UFC 299: O'Malley vs. Vera 2,Dustin Poirier,Benoit Saint Denis,Lightweight,0,KO/TKO Punch,2,2:32
UFC 299: O'Malley vs. Vera 2,Michael Page,Kevin Holland,Welterweight,0,U-DEC,3,5:00
UFC 299: O'Malley vs. Vera 2,Jack Della Maddalena,Gilbert Burns,Welterweight,0,KO/TKO Elbows,3,3:43
UFC 299: O'Malley vs. Vera 2,Petr Yan,Song Yadong,Bantamweight,0,U-DEC,3,5:00
UFC 299: O'Malley vs. Vera 2,Curtis Blaydes,Jailton Almeida,Heavyweight,0,KO/TKO Punches,2,0:36
UFC 299: O'Malley vs. Vera 2,Maycee Barber,Katlyn Cerminara,Women's Flyweight,0,U-DEC,3,5:00
UFC 299: O'Malley vs. Vera 2,Mateusz Gamrot,Rafael Dos Anjos,Lightweight,0,U-DEC,3,5:00
UFC 299: O'Malley vs. Vera 2,Kyler Phillips,Pedro Munhoz,Bantamweight,0,U-DEC,3,5:00
UFC 299: O'Malley vs. Vera 2,Philipe Lins,Ion Cutelaba,Light Heavyweight,0,U-DEC,3,5:00
UFC 299: O'Malley vs. Vera 2,Michel Pereira,Michal Oleksiejczuk,Middleweight,0,SUB Rear Naked Choke,1,1:01
UFC 299: O'Malley vs. Vera 2,Robelis Despaigne,Josh Parisian,Heavyweight,0,KO/TKO Punch,1,0:18
UFC 299: O'Malley vs. Vera 2,Asu Almabayev,CJ Vergara,Flyweight,0,U-DEC,3,5:00
UFC 299: O'Malley vs. Vera 2,Joanne Wood,Maryna Moroz,Women's Flyweight,0,S-DEC,3,5:00
UFC Fight Night: Rozenstruik vs. Gaziev,Jairzinho Rozenstruik,Shamil Gaziev,Heavyweight,0,KO/TKO,4,5:00
UFC Fight Night: Rozenstruik vs. Gaziev,Vitor Petrino,Tyson Pedro,Light Heavyweight,0,U-DEC,3,5:00
UFC Fight Night: Rozenstruik vs. Gaziev,Muhammad Mokaev,Alex Perez,Flyweight,0,U-DEC,3,5:00
UFC Fight Night: Rozenstruik vs. Gaziev,Umar Nurmagomedov,Bekzat Almakhan,Bantamweight,0,U-DEC,3,5:00
UFC Fight Night: Rozenstruik vs. Gaziev,Steve Erceg,Matt Schnell,Flyweight,0,KO/TKO Punch,2,0:26
UFC Fight Night: Rozenstruik vs. Gaziev,Eryk Anders,Jamie Pickett,Middleweight,0,U-DEC,3,5:00
UFC Fight Night: Rozenstruik vs. Gaziev,Vinicius Oliveira,Benardo Sopaj,Bantamweight,0,KO/TKO Flying Knee,3,4:41
UFC Fight Night: Rozenstruik vs. Gaziev,Aiemann Zahabi,Javid Basharat,Bantamweight,0,U-DEC,3,5:00
UFC Fight Night: Rozenstruik vs. Gaziev,Christian Leroy Duncan,Claudio Ribeiro,Middleweight,0,KO/TKO Punches,2,1:57
UFC Fight Night: Rozenstruik vs. Gaziev,Ludovit Klein,AJ Cunningham,Lightweight,0,KO/TKO Kick,1,4:36
UFC Fight Night: Rozenstruik vs. Gaziev,Loik Radzhabov,Abdul-Kareem Al-Selwady,Lightweight,0,KO/TKO Punch,3,0:49
UFC Fight Night: Moreno vs. Royval 2,Brandon Royval,Brandon Moreno,Flyweight,0,S-DEC,5,5:00
UFC Fight Night: Moreno vs. Royval 2,Brian Ortega,Yair Rodriguez,Featherweight,0,SUB Arm Triangle,3,0:58
UFC Fight Night: Moreno vs. Royval 2,Daniel Zellhuber,Francisco Prado,Lightweight,0,U-DEC,3,5:00
UFC Fight Night: Moreno vs. Royval 2,Yazmin Jauregui,Sam Hughes,Women's Strawweight,0,U-DEC,3,5:00
UFC Fight Night: Moreno vs. Royval 2,Manuel Torres,Chris Duncan,Lightweight,0,SUB Rear Naked Choke,1,1:46
UFC Fight Night: Moreno vs. Royval 2,Raoni Barcelos,Cristian Quinonez,Bantamweight,0,SUB Rear Naked Choke,3,2:04
UFC Fight Night: Moreno vs. Royval 2,Jesus Aguilar,Mateus Mendonca,Flyweight,0,S-DEC,3,5:00
UFC Fight Night: Moreno vs. Royval 2,Edgar Chairez,Daniel Lacerda,Flyweight,0,SUB Triangle Choke,1,2:17
UFC Fight Night: Moreno vs. Royval 2,Fares Ziam,Claudio Puelles,Lightweight,0,S-DEC,3,5:00
UFC Fight Night: Moreno vs. Royval 2,Ronaldo Rodriguez,Denys Bondar,Flyweight,0,SUB Rear Naked Choke,2,4:59
UFC Fight Night: Moreno vs. Royval 2,Felipe dos Santos,Victor Altamirano,Flyweight,0,S-DEC,3,5:00
UFC Fight Night: Moreno vs. Royval 2,Muhammad Naimov,Erik Silva,Featherweight,0,KO/TKO,1,0:44
UFC 298: Volkanovski vs. Topuria,Ilia Topuria,Alexander Volkanovski,Featherweight,1,KO/TKO Punch,2,3:32
UFC 298: Volkanovski vs. Topuria,Robert Whittaker,Paulo Costa,Middleweight,0,U-DEC,3,5:00
UFC 298: Volkanovski vs. Topuria,Ian Machado Garry,Geoff Neal,Welterweight,0,S-DEC,3,5:00
UFC 298: Volkanovski vs. Topuria,Merab Dvalishvili,Henry Cejudo,Bantamweight,0,U-DEC,3,5:00
UFC 298: Volkanovski vs. Topuria,Anthony Hernandez,Roman Kopylov,Middleweight,0,SUB Rear Naked Choke,2,3:23
UFC 298: Volkanovski vs. Topuria,Amanda Lemos,Mackenzie Dern,Women's Strawweight,0,U-DEC,3,5:00
UFC 298: Volkanovski vs. Topuria,Marcos Rogerio de Lima,Junior Tafa,Heavyweight,0,KO/TKO Kick,2,1:14
UFC 298: Volkanovski vs. Topuria,Rinya Nakamura,Carlos Vera,Bantamweight,0,U-DEC,3,5:00
UFC 298: Volkanovski vs. Topuria,Zhang Mingyang,Brendson Ribeiro,Light Heavyweight,0,KO/TKO Punch,1,1:41
UFC 298: Volkanovski vs. Topuria,Danny Barlow,Josh Quinlan,Welterweight,0,KO/TKO Punches,3,1:18
UFC 298: Volkanovski vs. Topuria,Oban Elliott,Val Woodburn,Welterweight,0,U-DEC,3,5:00
UFC 298: Volkanovski vs. Topuria,Miranda Maverick,Andrea Lee,Women's Flyweight,0,U-DEC,3,5:00
UFC Fight Night: Hermansson vs. Pyfer,Jack Hermansson,Joe Pyfer,Middleweight,0,U-DEC,5,5:00
UFC Fight Night: Hermansson vs. Pyfer,Dan Ige,Andre Fili,Featherweight,0,KO/TKO Punch,1,2:43
UFC Fight Night: Hermansson vs. Pyfer,Ihor Potieria,Robert Bryczek,Middleweight,0,U-DEC,3,5:00
UFC Fight Night: Hermansson vs. Pyfer,Gregory Rodrigues,Brad Tavares,Middleweight,0,KO/TKO Punches,3,0:55
UFC Fight Night: Hermansson vs. Pyfer,Michael Johnson,Darrius Flowers,Lightweight,0,U-DEC,3,5:00
UFC Fight Night: Hermansson vs. Pyfer,Rodolfo Vieira,Armen Petrosyan,Middleweight,0,SUB Arm Triangle,1,4:48
UFC Fight Night: Hermansson vs. Pyfer,Carlos Prates,Trevin Giles,Welterweight,0,KO/TKO Punch,2,4:03
UFC Fight Night: Hermansson vs. Pyfer,Bolaji Oki,Timmy Cuamba,Lightweight,0,S-DEC,3,5:00
UFC Fight Night: Hermansson vs. Pyfer,Loma Lookboonmee,Bruna Brasil,Women's Strawweight,0,U-DEC,3,5:00
UFC Fight Night: Hermansson vs. Pyfer,Marcin Prachnio,Devin Clark,Light Heavyweight,0,U-DEC,3,5:00
UFC Fight Night: Hermansson vs. Pyfer,Max Griffin,Jeremiah Wells,Welterweight,0,S-DEC,3,5:00
UFC Fight Night: Hermansson vs. Pyfer,Bogdan Guskov,Zac Pauga,Light Heavyweight,0,KO/TKO Punches,1,3:38
UFC Fight Night: Hermansson vs. Pyfer,Hyder Amil,Fernie Garcia,Featherweight,0,KO/TKO Punches,2,2:12
UFC Fight Night: Hermansson vs. Pyfer,Daniel Marcos,Aoriqileng,Bantamweight,0,CNC,2,3:28
UFC Fight Night: Dolidze vs. Imavov,Nassourdine Imavov,Roman Dolidze,Middleweight,0,M-DEC,5,5:00
UFC Fight Night: Dolidze vs. Imavov,Renato Moicano,Drew Dober,Lightweight,0,U-DEC,3,5:00
UFC Fight Night: Dolidze vs. Imavov,Randy Brown,Muslim Salikhov,Welterweight,0,KO/TKO Punch,1,3:17
UFC Fight Night: Dolidze vs. Imavov,Natalia Silva,Viviane Araujo,Women's Flyweight,0,U-DEC,3,5:00
UFC Fight Night: Dolidze vs. Imavov,Aliaskhab Khizriev,Makhmud Muradov,Middleweight,0,CNC,1,0:11
UFC Fight Night: Dolidze vs. Imavov,Charles Radtke,Gilbert Urbina,Welterweight,0,KO/TKO Punch,1,4:47
UFC Fight Night: Dolidze vs. Imavov,Molly McCann,Diana Belbita,Women's Strawweight,0,SUB Armbar,1,4:59
UFC Fight Night: Dolidze vs. Imavov,Charles Johnson,Azat Maksum,Flyweight,0,U-DEC,3,5:00
UFC Fight Night: Dolidze vs. Imavov,Themba Gorimbo,Pete Rodriguez,Welterweight,0,KO/TKO Punch,1,0:32
UFC Fight Night: Dolidze vs. Imavov,JeongYeong Lee,Blake Bilder,Featherweight,0,U-DEC,3,5:00
UFC Fight Night: Dolidze vs. Imavov,Luana Carolina,Julija Stoliarenko,Women's Flyweight,0,KO/TKO Punches,3,4:52
UFC Fight Night: Dolidze vs. Imavov,MarQuel Mederos,Landon Quinones,Lightweight,0,U-DEC,3,5:00
UFC Fight Night: Dolidze vs. Imavov,Jamal Pogues,Thomas Petersen,Heavyweight,0,U-DEC,3,5:00
UFC 297: Strickland vs. Du Plessis,Dricus Du Plessis,Sean Strickland,Middleweight,1,S-DEC,5,5:00
UFC 297: Strickland vs. Du Plessis,Raquel Pennington,Mayra Bueno Silva,Women's Bantamweight,1,U-DEC,5,5:00
UFC 297: Strickland vs. Du Plessis,Neil Magny,Mike Malott,Welterweight,0,KO/TKO Punches,3,4:45
UFC 297: Strickland vs. Du Plessis,Chris Curtis,Marc-Andre Barriault,Middleweight,0,S-DEC,3,5:00
UFC 297: Strickland vs. Du Plessis,Movsar Evloev,Arnold Allen,Featherweight,0,U-DEC,3,5:00
UFC 297: Strickland vs. Du Plessis,Garrett Armfield,Brad Katona,Bantamweight,0,U-DEC,3,5:00
UFC 297: Strickland vs. Du Plessis,Sean Woodson,Charles Jourdain,Featherweight,0,S-DEC,3,5:00
UFC 297: Strickland vs. Du Plessis,Ramon Taveras,Serhiy Sidey,Bantamweight,0,S-DEC,3,5:00
UFC 297: Strickland vs. Du Plessis,Gillian Robertson,Polyana Viana,Women's Strawweight,0,KO/TKO Punches,2,3:12
UFC 297: Strickland vs. Du Plessis,Sam Patterson,Yohan Lainesse,Welterweight,0,SUB Rear Naked Choke,1,2:03
UFC 297: Strickland vs. Du Plessis,Jasmine Jasudavicius,Priscila Cachoeira,Women's Bantamweight,0,SUB Anaconda Choke,3,4:21
UFC 297: Strickland vs. Du Plessis,Jimmy Flick,Malcolm Gordon,Flyweight,0,SUB Arm Triangle,2,1:17
UFC Fight Night: Ankalaev vs. Walker 2,Magomed Ankalaev,Johnny Walker,Light Heavyweight,0,KO/TKO Punch,2,2:42
UFC Fight Night: Ankalaev vs. Walker 2,Jim Miller,Gabriel Benitez,Lightweight,0,SUB Neck Crank,3,3:25
UFC Fight Night: Ankalaev vs. Walker 2,Mario Bautista,Ricky Simon,Bantamweight,0,U-DEC,3,5:00
UFC Fight Night: Ankalaev vs. Walker 2,Brunno Ferreira,Phil Hawes,Middleweight,0,KO/TKO Punch,1,4:55
UFC Fight Night: Ankalaev vs. Walker 2,Waldo Cortes Acosta,Andrei Arlovski,Heavyweight,0,U-DEC,3,5:00
UFC Fight Night: Ankalaev vs. Walker 2,Preston Parsons,Matthew Semelsberger,Welterweight,0,U-DEC,3,5:00
UFC Fight Night: Ankalaev vs. Walker 2,Marcus McGhee,Gaston Bolanos,Bantamweight,0,KO/TKO Punches,2,3:29
UFC Fight Night: Ankalaev vs. Walker 2,Farid Basharat,Taylor Lapilus,Bantamweight,0,U-DEC,3,5:00
UFC Fight Night: Ankalaev vs. Walker 2,Jean Silva,Westin Wilson,Featherweight,0,KO/TKO Punch,1,4:12
UFC Fight Night: Ankalaev vs. Walker 2,Nikolas Motta,Tom Nolan,Lightweight,0,KO/TKO Punches,1,1:03
UFC Fight Night: Ankalaev vs. Walker 2,Joshua Van,Felipe Bunes,Flyweight,0,KO/TKO Punches,2,4:31
UFC 296: Edwards vs. Covington,Leon Edwards,Colby Covington,Welterweight,1,U-DEC,5,5:00
UFC 296: Edwards vs. Covington,Alexandre Pantoja,Brandon Royval,Flyweight,1,U-DEC,5,5:00
UFC 296: Edwards vs. Covington,Shavkat Rakhmonov,Stephen Thompson,Welterweight,0,SUB Rear Naked Choke,2,4:56
UFC 296: Edwards vs. Covington,Paddy Pimblett,Tony Ferguson,Lightweight,0,U-DEC,3,5:00
UFC 296: Edwards vs. Covington,Josh Emmett,Bryce Mitchell,Featherweight,0,KO/TKO Punch,1,1:57
UFC 296: Edwards vs. Covington,Alonzo Menifield,Dustin Jacoby,Light Heavyweight,0,U-DEC,3,5:00
UFC 296: Edwards vs. Covington,Irene Aldana,Karol Rosa,Women's Bantamweight,0,U-DEC,3,5:00
UFC 296: Edwards vs. Covington,Cody Garbrandt,Brian Kelleher,Bantamweight,0,KO/TKO Punch,1,3:42
UFC 296: Edwards vs. Covington,Ariane da Silva,Casey O'Neill,Women's Flyweight,0,SUB Armbar,2,1:18
UFC 296: Edwards vs. Covington,Tagir Ulanbekov,Cody Durden,Flyweight,0,SUB Rear Naked Choke,2,4:25
UFC 296: Edwards vs. Covington,Andre Fili,Lucas Almeida,Featherweight,0,KO/TKO Punch,1,3:32
UFC 296: Edwards vs. Covington,Shamil Gaziev,Martin Buday,Heavyweight,0,KO/TKO Punches,2,0:56
UFC Fight Night: Song vs. Gutierrez,Song Yadong,Chris Gutierrez,Bantamweight,0,U-DEC,5,5:00
UFC Fight Night: Song vs. Gutierrez,Khalil Rountree Jr.,Anthony Smith,Light Heavyweight,0,KO/TKO Punch,3,0:56
UFC Fight Night: Song vs. Gutierrez,Nasrat Haqparast,Jamie Mullarkey,Lightweight,0,KO/TKO Punches,1,1:44
UFC Fight Night: Song vs. Gutierrez,Tim Elliott,Sumudaerji,Bantamweight,0,SUB Arm Triangle,1,4:02
UFC Fight Night: Song vs. Gutierrez,Andre Muniz,JunYong Park,Middleweight,0,S-DEC,3,5:00
UFC Fight Night: Song vs. Gutierrez,Kevin Jousset,Song Kenan,Welterweight,0,U-DEC,3,5:00
UFC Fight Night: Song vs. Gutierrez,HyunSung Park,Shannon Ross,Flyweight,0,KO/TKO Punch,2,3:59
UFC Fight Night: Song vs. Gutierrez,Steve Garcia,Melquizael Costa,Lightweight,0,KO/TKO Elbows,2,1:01
UFC Fight Night: Song vs. Gutierrez,Luana Santos,Stephanie Egger,Women's Bantamweight,0,U-DEC,3,5:00
UFC Fight Night: Song vs. Gutierrez,Tatsuro Taira,Carlos Hernandez,Flyweight,0,KO/TKO Punches,2,0:55
UFC Fight Night: Song vs. Gutierrez,Talita Alencar,Rayanne dos Santos,Women's Strawweight,0,S-DEC,3,5:00
UFC Fight Night: Dariush vs. Tsarukyan,Arman Tsarukyan,Beneil Dariush,Lightweight,0,KO/TKO Punch,1,1:04
UFC Fight Night: Dariush vs. Tsarukyan,Jalin Turner,King Green,Lightweight,0,KO/TKO Punches,1,2:49
UFC Fight Night: Dariush vs. Tsarukyan,Deiveson Figueiredo,Rob Font,Bantamweight,0,U-DEC,3,5:00
UFC Fight Night: Dariush vs. Tsarukyan,Sean Brady,Kelvin Gastelum,Welterweight,0,SUB Kimura,3,1:43
UFC Fight Night: Dariush vs. Tsarukyan,Joaquim Silva,Clay Guida,Lightweight,0,U-DEC,3,5:00
UFC Fight Night: Dariush vs. Tsarukyan,Dustin Stoltzfus,Punahele Soriano,Middleweight,0,SUB Rear Naked Choke,2,4:10
UFC Fight Night: Dariush vs. Tsarukyan,Miesha Tate,Julia Avila,Women's Bantamweight,0,SUB Rear Naked Choke,3,1:15
UFC Fight Night: Dariush vs. Tsarukyan,Cody Brundage,Zach Reese,Middleweight,0,KO/TKO Slam,1,1:49
UFC Fight Night: Dariush vs. Tsarukyan,Drakkar Klose,Joe Solecki,Lightweight,0,KO/TKO Slam,1,1:41
UFC Fight Night: Dariush vs. Tsarukyan,Rodolfo Bellato,Ihor Potieria,Light Heavyweight,0,KO/TKO Punches,2,4:17
UFC Fight Night: Dariush vs. Tsarukyan,Jared Gooden,Wellington Turman,Welterweight,0,SUB Rear Naked Choke,2,1:11
UFC Fight Night: Dariush vs. Tsarukyan,Veronica Hardy,Jamey-Lyn Horth,Women's Flyweight,0,S-DEC,3,5:00
UFC Fight Night: Allen vs. Craig,Brendan Allen,Paul Craig,Middleweight,0,SUB Rear Naked Choke,3,0:38
UFC Fight Night: Allen vs. Craig,Michael Morales,Jake Matthews,Welterweight,0,U-DEC,3,5:00
UFC Fight Night: Allen vs. Craig,Chase Hooper,Jordan Leavitt,Lightweight,0,SUB Rear Naked Choke,1,2:58
UFC Fight Night: Allen vs. Craig,Payton Talbott,Nick Aguirre,Bantamweight,0,SUB Rear Naked Choke,3,0:58
UFC Fight Night: Allen vs. Craig,Amanda Ribas,Luana Pinheiro,Women's Strawweight,0,KO/TKO Punches,3,3:53
UFC Fight Night: Allen vs. Craig,Myktybek Orolbai,Uros Medic,Welterweight,0,SUB Neck Crank,2,4:12
UFC Fight Night: Allen vs. Craig,Joanderson Brito,Jonathan Pearce,Featherweight,0,SUB Guillotine Choke,2,3:54
UFC Fight Night: Allen vs. Craig,Jose Johnson,Chad Anheliger,Bantamweight,0,SUB Rear Naked Choke,3,4:49
UFC Fight Night: Allen vs. Craig,Christian Leroy Duncan,Denis Tiuliulin,Middleweight,0,KO/TKO Punches,2,4:24
UFC Fight Night: Allen vs. Craig,Mick Parkin,Caio Machado,Heavyweight,0,U-DEC,3,5:00
UFC Fight Night: Allen vs. Craig,Jeka Saragih,Lucas Alexander,Featherweight,0,KO/TKO Punch,1,1:31
UFC Fight Night: Allen vs. Craig,Ailin Perez,Lucie Pudilova,Women's Bantamweight,0,U-DEC,3,5:00
UFC Fight Night: Allen vs. Craig,Trey Ogden,Nikolas Motta,Lightweight,0,Overturned,3,3:11
UFC Fight Night: Allen vs. Craig,Rafael Estevam,Charles Johnson,Flyweight,0,U-DEC,3,5:00
UFC 295: Prochazka vs. Pereira,Alex Pereira,Jiri Prochazka,Light Heavyweight,1,KO/TKO Elbows,2,4:08
UFC 295: Prochazka vs. Pereira,Tom Aspinall,Sergei Pavlovich,Heavyweight,1,KO/TKO Punch,1,1:09
UFC 295: Prochazka vs. Pereira,Jessica Andrade,Mackenzie Dern,Women's Strawweight,0,KO/TKO Punch,2,3:15
UFC 295: Prochazka vs. Pereira,Benoit Saint Denis,Matt Frevola,Lightweight,0,KO/TKO Kick,1,1:31
UFC 295: Prochazka vs. Pereira,Diego Lopes,Pat Sabatini,Featherweight,0,KO/TKO Punches,1,1:30
UFC 295: Prochazka vs. Pereira,Steve Erceg,Alessandro Costa,Flyweight,0,U-DEC,3,5:00
UFC 295: Prochazka vs. Pereira,Loopy Godinez,Tabatha Ricci,Women's Strawweight,0,S-DEC,3,5:00
UFC 295: Prochazka vs. Pereira,Mateusz Rebecki,Roosevelt Roberts,Lightweight,0,SUB Armbar,1,3:08
UFC 295: Prochazka vs. Pereira,Nazim Sadykhov,Viacheslav Borshchev,Lightweight,0,M-DEC,3,5:00
UFC 295: Prochazka vs. Pereira,Jared Gordon,Mark Madsen,Lightweight,0,KO/TKO Punch,1,4:42
UFC 295: Prochazka vs. Pereira,John Castaneda,Kyung Ho Kang,Catch Weight,0,U-DEC,3,5:00
UFC 295: Prochazka vs. Pereira,Joshua Van,Kevin Borjas,Flyweight,0,U-DEC,3,5:00
UFC 295: Prochazka vs. Pereira,Jamall Emmers,Dennis Buzukja,Featherweight,0,KO/TKO Punch,1,0:49
UFC Fight Night: Almeida vs. Lewis,Jailton Almeida,Derrick Lewis,Heavyweight,0,U-DEC,5,5:00
UFC Fight Night: Almeida vs. Lewis,Nicolas Dalby,Gabriel Bonfim,Welterweight,0,KO/TKO Knees,2,4:33
UFC Fight Night: Almeida vs. Lewis,Rodrigo Nascimento,Don'Tale Mayes,Heavyweight,0,U-DEC,3,5:00
UFC Fight Night: Almeida vs. Lewis,Caio Borralho,Abus Magomedov,Middleweight,0,U-DEC,3,5:00
UFC Fight Night: Almeida vs. Lewis,Elves Brener,Kaynan Kruschewsky,Catch Weight,0,KO/TKO Punch,1,4:01
UFC Fight Night: Almeida vs. Lewis,Rinat Fakhretdinov,Elizeu Zaleski dos Santos,Welterweight,0,M-DEC,3,5:00
UFC Fight Night: Almeida vs. Lewis,Vitor Petrino,Modestas Bukauskas,Light Heavyweight,0,KO/TKO Punch,2,1:03
UFC Fight Night: Almeida vs. Lewis,Angela Hill,Denise Gomes,Women's Strawweight,0,U-DEC,3,5:00
UFC Fight Night: Almeida vs. Lewis,Eduarda Moura,Montserrat Conejo Ruiz,Women's Strawweight,0,KO/TKO Punches,2,2:14
UFC Fight Night: Almeida vs. Lewis,Marc Diakiese,Kaue Fernandes,Lightweight,0,S-DEC,3,5:00
UFC 294: Makhachev vs. Volkanovski 2,Islam Makhachev,Alexander Volkanovski,Lightweight,1,KO/TKO Kick,1,3:06
UFC 294: Makhachev vs. Volkanovski 2,Khamzat Chimaev,Kamaru Usman,Middleweight,0,M-DEC,3,5:00
UFC 294: Makhachev vs. Volkanovski 2,Magomed Ankalaev,Johnny Walker,Light Heavyweight,0,CNC,1,3:13
UFC 294: Makhachev vs. Volkanovski 2,Ikram Aliskerov,Warlley Alves,Middleweight,0,KO/TKO Punches,1,2:07
UFC 294: Makhachev vs. Volkanovski 2,Said Nurmagomedov,Muin Gafurov,Bantamweight,0,SUB Guillotine Choke,1,1:13
UFC 294: Makhachev vs. Volkanovski 2,Muhammad Mokaev,Tim Elliott,Flyweight,0,SUB Arm Triangle,3,3:03
UFC 294: Makhachev vs. Volkanovski 2,Trevor Peek,Mohammad Yahya,Lightweight,0,U-DEC,3,5:00
UFC 294: Makhachev vs. Volkanovski 2,Javid Basharat,Victor Henry,Bantamweight,0,CNC,2,0:15
UFC 294: Makhachev vs. Volkanovski 2,Sedriques Dumas,Abu Azaitar,Middleweight,0,U-DEC,3,5:00
UFC 294: Makhachev vs. Volkanovski 2,Mike Breeden,Anshul Jubli,Lightweight,0,KO/TKO Punch,3,3:00
UFC 294: Makhachev vs. Volkanovski 2,Muhammad Naimov,Nathaniel Wood,Featherweight,0,U-DEC,3,5:00
UFC 294: Makhachev vs. Volkanovski 2,Viktoriia Dudakova,Jinh Yu Frey,Women's Strawweight,0,U-DEC,3,5:00
UFC 294: Makhachev vs. Volkanovski 2,Shara Magomedov,Bruno Silva,Middleweight,0,U-DEC,3,5:00
UFC Fight Night: Yusuff vs. Barboza,Edson Barboza,Sodiq Yusuff,Featherweight,0,U-DEC,5,5:00
UFC Fight Night: Yusuff vs. Barboza,Viviane Araujo,Jennifer Maia,Women's Flyweight,0,U-DEC,3,5:00
UFC Fight Night: Yusuff vs. Barboza,Jonathan Martinez,Adrian Yanez,Bantamweight,0,KO/TKO Kicks,2,2:26
UFC Fight Night: Yusuff vs. Barboza,Michel Pereira,Andre Petroski,Middleweight,0,KO/TKO Punch,1,1:06
UFC Fight Night: Yusuff vs. Barboza,Christian Rodriguez,Cameron Saaiman,Bantamweight,0,U-DEC,3,5:00
UFC Fight Night: Yusuff vs. Barboza,Darren Elkins,TJ Brown,Featherweight,0,SUB Rear Naked Choke,3,2:23
UFC Fight Night: Yusuff vs. Barboza,Tainara Lisboa,Ravena Oliveira,Women's Bantamweight,0,U-DEC,3,5:00
UFC Fight Night: Yusuff vs. Barboza,Terrance McKinney,Brendon Marotte,Lightweight,0,KO/TKO Knee,1,0:20
UFC Fight Night: Yusuff vs. Barboza,Melissa Mullins,Irina Alekseeva,Women's Bantamweight,0,U-DEC,3,5:00
UFC Fight Night: Yusuff vs. Barboza,Chris Gutierrez,Alatengheili,Bantamweight,0,U-DEC,3,5:00
UFC Fight Night: Yusuff vs. Barboza,Emily Ducote,Ashley Yoder,Women's Strawweight,0,U-DEC,3,5:00
UFC Fight Night: Dawson vs. Green,King Green,Grant Dawson,Lightweight,0,KO/TKO Punch,1,0:33
UFC Fight Night: Dawson vs. Green,Joe Pyfer,Abdul Razak Alhassan,Middleweight,0,SUB Arm Triangle,2,2:05
UFC Fight Night: Dawson vs. Green,Joaquin Buckley,Alex Morono,Welterweight,0,U-DEC,3,5:00
UFC Fight Night: Dawson vs. Green,Drew Dober,Ricky Glenn,Lightweight,0,KO/TKO Punches,1,2:36
UFC Fight Night: Dawson vs. Green,Bill Algeo,Alexander Hernandez,Featherweight,0,U-DEC,3,5:00
UFC Fight Night: Dawson vs. Green,Karolina Kowalkiewicz,Diana Belbita,Women's Strawweight,0,U-DEC,3,5:00
UFC Fight Night: Dawson vs. Green,Nate Maness,Mateus Mendonca,Flyweight,0,KO/TKO Punches,1,4:40
UFC Fight Night: Dawson vs. Green,Vanessa Demopoulos,Kanako Murata,Women's Strawweight,0,U-DEC,3,5:00
UFC Fight Night: Dawson vs. Green,Aoriqileng,Johnny Munoz,Bantamweight,0,U-DEC,3,5:00
UFC Fight Night: Dawson vs. Green,JJ Aldrich,Montana De La Rosa,Women's Flyweight,0,U-DEC,3,5:00
UFC Fight Night: Fiziev vs. Gamrot,Mateusz Gamrot,Rafael Fiziev,Lightweight,0,KO/TKO,2,2:03
UFC Fight Night: Fiziev vs. Gamrot,Bryce Mitchell,Dan Ige,Featherweight,0,U-DEC,3,5:00
UFC Fight Night: Fiziev vs. Gamrot,Marina Rodriguez,Michelle Waterson-Gomez,Women's Strawweight,0,KO/TKO Punches,2,2:42
UFC Fight Night: Fiziev vs. Gamrot,Bryan Battle,AJ Fletcher,Welterweight,0,SUB Rear Naked Choke,2,4:32
UFC Fight Night: Fiziev vs. Gamrot,Charles Jourdain,Ricardo Ramos,Featherweight,0,SUB Guillotine Choke,1,3:12
UFC Fight Night: Fiziev vs. Gamrot,Dan Argueta,Miles Johns,Bantamweight,0,Overturned,3,5:00
UFC Fight Night: Fiziev vs. Gamrot,Tim Means,Andre Fialho,Welterweight,0,KO/TKO Punches,3,1:15
UFC Fight Night: Fiziev vs. Gamrot,Cody Brundage,Jacob Malkoun,Middleweight,0,DQ,1,4:15
UFC Fight Night: Fiziev vs. Gamrot,Mohammed Usman,Jake Collier,Heavyweight,0,U-DEC,3,5:00
UFC Fight Night: Fiziev vs. Gamrot,Mizuki,Hannah Goldy,Women's Strawweight,0,U-DEC,3,5:00
UFC Fight Night: Fiziev vs. Gamrot,Montse Rendon,Tamires Vidal,Women's Bantamweight,0,S-DEC,3,5:00
UFC Fight Night: Grasso vs. Shevchenko 2,Alexa Grasso,Valentina Shevchenko,Women's Flyweight,1,S-DEC,5,5:00
UFC Fight Night: Grasso vs. Shevchenko 2,Jack Della Maddalena,Kevin Holland,Welterweight,0,S-DEC,3,5:00
UFC Fight Night: Grasso vs. Shevchenko 2,Raul Rosas Jr.,Terrence Mitchell,Bantamweight,0,KO/TKO Punches,1,0:54
UFC Fight Night: Grasso vs. Shevchenko 2,Daniel Zellhuber,Christos Giagos,Lightweight,0,SUB Anaconda Choke,2,3:26
UFC Fight Night: Grasso vs. Shevchenko 2,Kyle Nelson,Fernando Padilla,Featherweight,0,U-DEC,3,5:00
UFC Fight Night: Grasso vs. Shevchenko 2,Loopy Godinez,Elise Reed,Women's Strawweight,0,SUB Rear Naked Choke,2,3:38
UFC Fight Night: Grasso vs. Shevchenko 2,Roman Kopylov,Josh Fremd,Middleweight,0,KO/TKO Punch,2,4:44
UFC Fight Night: Grasso vs. Shevchenko 2,Edgar Chairez,Daniel Lacerda,Flyweight,0,Overturned,1,3:47
UFC Fight Night: Grasso vs. Shevchenko 2,Tracy Cortez,Jasmine Jasudavicius,Women's Flyweight,0,U-DEC,3,5:00
UFC Fight Night: Grasso vs. Shevchenko 2,Charlie Campbell,Alex Reyes,Lightweight,0,KO/TKO Punches,1,3:38
UFC Fight Night: Grasso vs. Shevchenko 2,Josefine Knutsson,Marnic Mann,Women's Strawweight,0,U-DEC,3,5:00
UFC 293: Adesanya vs. Strickland,Sean Strickland,Israel Adesanya,Middleweight,1,U-DEC,5,5:00
UFC 293: Adesanya vs. Strickland,Alexander Volkov,Tai Tuivasa,Heavyweight,0,SUB Ezekiel Choke,2,4:37
UFC 293: Adesanya vs. Strickland,Manel Kape,Felipe dos Santos,Flyweight,0,U-DEC,3,5:00
UFC 293: Adesanya vs. Strickland,Justin Tafa,Austen Lane,Heavyweight,0,KO/TKO Punch,1,1:22
UFC 293: Adesanya vs. Strickland,Tyson Pedro,Anton Turkalj,Light Heavyweight,0,KO/TKO Punch,1,2:12
UFC 293: Adesanya vs. Strickland,Carlos Ulberg,Da Woon Jung,Light Heavyweight,0,SUB Rear Naked Choke,3,4:49
UFC 293: Adesanya vs. Strickland,Chepe Mariscal,Jack Jenkins,Featherweight,0,KO/TKO,2,3:19
UFC 293: Adesanya vs. Strickland,Jamie Mullarkey,John Makdessi,Lightweight,0,U-DEC,3,5:00
UFC 293: Adesanya vs. Strickland,Nasrat Haqparast,Landon Quinones,Lightweight,0,U-DEC,3,5:00
UFC 293: Adesanya vs. Strickland,Charles Radtke,Blood Diamond,Welterweight,0,U-DEC,3,5:00
UFC 293: Adesanya vs. Strickland,Gabriel Miranda,Shane Young,Featherweight,0,SUB Rear Naked Choke,1,0:59
UFC 293: Adesanya vs. Strickland,Kevin Jousset,Kiefer Crosbie,Welterweight,0,SUB Rear Naked Choke,1,4:49
UFC Fight Night: Gane vs. Spivac,Ciryl Gane,Serghei Spivac,Heavyweight,0,KO/TKO Punches,2,3:44
UFC Fight Night: Gane vs. Spivac,Manon Fiorot,Rose Namajunas,Women's Flyweight,0,U-DEC,3,5:00
UFC Fight Night: Gane vs. Spivac,Benoit Saint Denis,Thiago Moises,Lightweight,0,KO/TKO Punches,2,4:44
UFC Fight Night: Gane vs. Spivac,Volkan Oezdemir,Bogdan Guskov,Light Heavyweight,0,SUB Rear Naked Choke,1,3:46
UFC Fight Night: Gane vs. Spivac,William Gomis,Yanis Ghemmouri,Featherweight,0,KO/TKO Kick,3,2:20
UFC Fight Night: Gane vs. Spivac,Morgan Charriere,Manolo Zecchini,Featherweight,0,KO/TKO Kicks,1,3:51
UFC Fight Night: Gane vs. Spivac,Taylor Lapilus,Caolan Loughran,Bantamweight,0,U-DEC,3,5:00
UFC Fight Night: Gane vs. Spivac,Ange Loosa,Rhys McKee,Welterweight,0,U-DEC,3,5:00
UFC Fight Night: Gane vs. Spivac,Nora Cornolle,Joselyne Edwards,Women's Bantamweight,0,U-DEC,3,5:00
UFC Fight Night: Gane vs. Spivac,Farid Basharat,Kleydson Rodrigues,Bantamweight,0,SUB Arm Triangle,1,4:15
UFC Fight Night: Gane vs. Spivac,Jacqueline Cavalcanti,Zarah Fairn,Catch Weight,0,U-DEC,3,5:00
UFC Fight Night: Holloway vs. The Korean Zombie,Max Holloway,Chan Sung Jung,Featherweight,0,KO/TKO Punch,3,0:23
UFC Fight Night: Holloway vs. The Korean Zombie,Anthony Smith,Ryan Spann,Light Heavyweight,0,S-DEC,3,5:00
UFC Fight Night: Holloway vs. The Korean Zombie,Giga Chikadze,Alex Caceres,Featherweight,0,U-DEC,3,5:00
UFC Fight Night: Holloway vs. The Korean Zombie,Rinya Nakamura,Fernie Garcia,Bantamweight,0,U-DEC,3,5:00
UFC Fight Night: Holloway vs. The Korean Zombie,Erin Blanchfield,Taila Santos,Women's Flyweight,0,U-DEC,3,5:00
UFC Fight Night: Holloway vs. The Korean Zombie,Junior Tafa,Parker Porter,Heavyweight,0,KO/TKO Punch,1,1:24
UFC Fight Night: Holloway vs. The Korean Zombie,Waldo Cortes Acosta,Lukasz Brzeski,Heavyweight,0,KO/TKO Punches,1,3:01
UFC Fight Night: Holloway vs. The Korean Zombie,Garrett Armfield,Toshiomi Kazama,Bantamweight,0,KO/TKO Punches,1,4:16
UFC Fight Night: Holloway vs. The Korean Zombie,Michal Oleksiejczuk,Chidi Njokuani,Middleweight,0,KO/TKO Punches,1,4:16
UFC Fight Night: Holloway vs. The Korean Zombie,Song Kenan,Rolando Bedoya,Welterweight,0,U-DEC,3,5:00
UFC Fight Night: Holloway vs. The Korean Zombie,Billy Ray Goff,Yusaku Kinoshita,Welterweight,0,KO/TKO Punch,1,3:49
UFC Fight Night: Holloway vs. The Korean Zombie,JJ Aldrich,Liang Na,Women's Flyweight,0,KO/TKO Elbows,2,4:49
UFC Fight Night: Holloway vs. The Korean Zombie,SeungWoo Choi,Jarno Errens,Featherweight,0,U-DEC,3,5:00
UFC 292: Sterling vs. O'Malley,Sean O'Malley,Aljamain Sterling,Bantamweight,1,KO/TKO Punches,2,0:51
UFC 292: Sterling vs. O'Malley,Zhang Weili,Amanda Lemos,Women's Strawweight,1,U-DEC,5,5:00
UFC 292: Sterling vs. O'Malley,Ian Machado Garry,Neil Magny,Welterweight,0,U-DEC,3,5:00
UFC 292: Sterling vs. O'Malley,Mario Bautista,Da'Mon Blackshear,Bantamweight,0,U-DEC,3,5:00
UFC 292: Sterling vs. O'Malley,Marlon Vera,Pedro Munhoz,Bantamweight,0,U-DEC,3,5:00
UFC 292: Sterling vs. O'Malley,Brad Tavares,Chris Weidman,Middleweight,0,U-DEC,3,5:00
UFC 292: Sterling vs. O'Malley,Gregory Rodrigues,Denis Tiuliulin,Middleweight,0,KO/TKO Elbows,1,1:43
UFC 292: Sterling vs. O'Malley,Kurt Holobaugh,Austin Hubbard,Lightweight,0,SUB Triangle Choke,2,2:39
UFC 292: Sterling vs. O'Malley,Brad Katona,Cody Gibson,Bantamweight,0,U-DEC,3,5:00
UFC 292: Sterling vs. O'Malley,Andre Petroski,Gerald Meerschaert,Middleweight,0,S-DEC,3,5:00
UFC 292: Sterling vs. O'Malley,Natalia Silva,Andrea Lee,Women's Flyweight,0,U-DEC,3,5:00
UFC 292: Sterling vs. O'Malley,Karine Silva,Maryna Moroz,Women's Flyweight,0,SUB Guillotine Choke,1,4:59
UFC Fight Night: Luque vs. Dos Anjos,Vicente Luque,Rafael Dos Anjos,Welterweight,0,U-DEC,5,5:00
UFC Fight Night: Luque vs. Dos Anjos,Cub Swanson,Hakeem Dawodu,Featherweight,0,U-DEC,3,5:00
UFC Fight Night: Luque vs. Dos Anjos,Khalil Rountree Jr.,Chris Daukaus,Light Heavyweight,0,KO/TKO Punch,1,2:40
UFC Fight Night: Luque vs. Dos Anjos,Iasmin Lucindo,Polyana Viana,Women's Strawweight,0,SUB Arm Triangle,2,3:42
UFC Fight Night: Luque vs. Dos Anjos,AJ Dobson,Tafon Nchukwi,Middleweight,0,U-DEC,3,5:00
UFC Fight Night: Luque vs. Dos Anjos,Josh Fremd,Jamie Pickett,Middleweight,0,U-DEC,3,5:00
UFC Fight Night: Luque vs. Dos Anjos,Marcus McGhee,JP Buys,Bantamweight,0,KO/TKO Punch,1,2:19
UFC Fight Night: Luque vs. Dos Anjos,Terrance McKinney,Mike Breeden,Lightweight,0,KO/TKO Punches,1,1:25
UFC Fight Night: Luque vs. Dos Anjos,Isaac Dulgarian,Francis Marshall,Featherweight,0,KO/TKO Elbows,1,4:48
UFC Fight Night: Luque vs. Dos Anjos,Martin Buday,Josh Parisian,Heavyweight,0,SUB Kimura,1,4:11
UFC Fight Night: Luque vs. Dos Anjos,Jaqueline Amorim,Montserrat Conejo Ruiz,Women's Strawweight,0,KO/TKO Punches,3,3:41
UFC Fight Night: Luque vs. Dos Anjos,Da'Mon Blackshear,Jose Johnson,Bantamweight,0,SUB Twister,1,3:47
UFC Fight Night: Luque vs. Dos Anjos,Luana Santos,Juliana Miller,Women's Flyweight,0,KO/TKO Punches,1,3:41
UFC Fight Night: Sandhagen vs. Font,Cory Sandhagen,Rob Font,Catch Weight,0,U-DEC,5,5:00
UFC Fight Night: Sandhagen vs. Font,Tatiana Suarez,Jessica Andrade,Women's Strawweight,0,SUB Guillotine Choke,2,1:31
UFC Fight Night: Sandhagen vs. Font,Dustin Jacoby,Kennedy Nzechukwu,Light Heavyweight,0,KO/TKO Punch,1,1:22
UFC Fight Night: Sandhagen vs. Font,Diego Lopes,Gavin Tucker,Featherweight,0,SUB Triangle Armbar,1,1:38
UFC Fight Night: Sandhagen vs. Font,Tanner Boser,Aleksa Camur,Light Heavyweight,0,U-DEC,3,5:00
UFC Fight Night: Sandhagen vs. Font,Ludovit Klein,Ignacio Bahamondes,Lightweight,0,U-DEC,3,5:00
UFC Fight Night: Sandhagen vs. Font,Kyler Phillips,Raoni Barcelos,Bantamweight,0,U-DEC,3,5:00
UFC Fight Night: Sandhagen vs. Font,Carlston Harris,Jeremiah Wells,Welterweight,0,SUB Anaconda Choke,3,1:50
UFC Fight Night: Sandhagen vs. Font,Billy Quarantillo,Damon Jackson,Featherweight,0,U-DEC,3,5:00
UFC Fight Night: Sandhagen vs. Font,Cody Durden,Jake Hadley,Flyweight,0,U-DEC,3,5:00
UFC Fight Night: Sandhagen vs. Font,Sean Woodson,Dennis Buzukja,Featherweight,0,U-DEC,3,5:00
UFC Fight Night: Sandhagen vs. Font,Asu Almabayev,Ode Osbourne,Flyweight,0,SUB Rear Naked Choke,2,3:11
UFC 291: Poirier vs. Gaethje 2,Justin Gaethje,Dustin Poirier,Lightweight,0,KO/TKO Kick,2,1:00
UFC 291: Poirier vs. Gaethje 2,Alex Pereira,Jan Blachowicz,Light Heavyweight,0,S-DEC,3,5:00
UFC 291: Poirier vs. Gaethje 2,Derrick Lewis,Marcos Rogerio de Lima,Heavyweight,0,KO/TKO Punches,1,0:33
UFC 291: Poirier vs. Gaethje 2,King Green,Tony Ferguson,Lightweight,0,SUB Arm Triangle,3,4:54
UFC 291: Poirier vs. Gaethje 2,Kevin Holland,Michael Chiesa,Welterweight,0,SUB D'Arce Choke,1,2:39
UFC 291: Poirier vs. Gaethje 2,Gabriel Bonfim,Trevin Giles,Welterweight,0,SUB Guillotine Choke,1,1:13
UFC 291: Poirier vs. Gaethje 2,CJ Vergara,Vinicius Salvador,Flyweight,0,U-DEC,3,5:00
UFC 291: Poirier vs. Gaethje 2,Roman Kopylov,Claudio Ribeiro,Middleweight,0,KO/TKO Kick,2,0:33
UFC 291: Poirier vs. Gaethje 2,Jake Matthews,Darrius Flowers,Welterweight,0,SUB Rear Naked Choke,2,2:37
UFC 291: Poirier vs. Gaethje 2,Uros Medic,Matthew Semelsberger,Welterweight,0,KO/TKO Spinning Back Elbow,3,2:36
UFC 291: Poirier vs. Gaethje 2,Miranda Maverick,Priscila Cachoeira,Women's Flyweight,0,SUB Armbar,3,2:11
UFC Fight Night: Aspinall vs. Tybura,Tom Aspinall,Marcin Tybura,Heavyweight,0,KO/TKO Punch,1,1:13
UFC Fight Night: Aspinall vs. Tybura,Julija Stoliarenko,Molly McCann,Women's Flyweight,0,SUB Armbar,1,1:55
UFC Fight Night: Aspinall vs. Tybura,Nathaniel Wood,Andre Fili,Featherweight,0,U-DEC,3,5:00
UFC Fight Night: Aspinall vs. Tybura,Paul Craig,Andre Muniz,Middleweight,0,KO/TKO Elbows,2,4:40
UFC Fight Night: Aspinall vs. Tybura,Fares Ziam,Jai Herbert,Lightweight,0,U-DEC,3,5:00
UFC Fight Night: Aspinall vs. Tybura,Lerone Murphy,Josh Culibao,Featherweight,0,U-DEC,3,5:00
UFC Fight Night: Aspinall vs. Tybura,Daniel Marcos,Davey Grant,Bantamweight,0,S-DEC,3,5:00
UFC Fight Night: Aspinall vs. Tybura,Jonny Parsons,Danny Roberts,Welterweight,0,KO/TKO Punches,2,4:57
UFC Fight Night: Aspinall vs. Tybura,Joel Alvarez,Marc Diakiese,Lightweight,0,SUB D'Arce Choke,2,4:26
UFC Fight Night: Aspinall vs. Tybura,Mick Parkin,Jamal Pogues,Heavyweight,0,U-DEC,3,5:00
UFC Fight Night: Aspinall vs. Tybura,Makhmud Muradov,Bryan Barberena,Middleweight,0,U-DEC,3,5:00
UFC Fight Night: Aspinall vs. Tybura,Ketlen Vieira,Pannie Kianzad,Women's Bantamweight,0,U-DEC,3,5:00
UFC Fight Night: Aspinall vs. Tybura,Chris Duncan,Yanal Ashmouz,Lightweight,0,U-DEC,3,5:00
UFC Fight Night: Aspinall vs. Tybura,Bruna Brasil,Shauna Bannon,Women's Strawweight,0,U-DEC,3,5:00
UFC Fight Night: Aspinall vs. Tybura,Jafel Filho,Daniel Barez,Flyweight,0,SUB Arm Triangle,1,3:26
UFC Fight Night: Holm vs. Bueno Silva,Holly Holm,Mayra Bueno Silva,Women's Bantamweight,0,Overturned Guillotine Choke,2,0:38
UFC Fight Night: Holm vs. Bueno Silva,Jack Della Maddalena,Bassil Hafez,Welterweight,0,S-DEC,3,5:00
UFC Fight Night: Holm vs. Bueno Silva,Francisco Prado,Ottman Azaitar,Lightweight,0,KO/TKO Punches,1,4:05
UFC Fight Night: Holm vs. Bueno Silva,JunYong Park,Albert Duraev,Middleweight,0,SUB Rear Naked Choke,2,4:45
UFC Fight Night: Holm vs. Bueno Silva,Norma Dumont,Chelsea Chandler,Women's Featherweight,0,U-DEC,3,5:00
UFC Fight Night: Holm vs. Bueno Silva,Nazim Sadykhov,Terrance McKinney,Lightweight,0,SUB Rear Naked Choke,2,1:07
UFC Fight Night: Holm vs. Bueno Silva,Melsik Baghdasaryan,Tucker Lutz,Featherweight,0,U-DEC,3,5:00
UFC Fight Night: Holm vs. Bueno Silva,Viktoriia Dudakova,Istela Nunes,Women's Strawweight,0,KO/TKO,1,0:34
UFC Fight Night: Holm vs. Bueno Silva,Melquizael Costa,Austin Lingo,Featherweight,0,U-DEC,3,5:00
UFC Fight Night: Holm vs. Bueno Silva,Evan Elder,Genaro Valdez,Lightweight,0,U-DEC,3,5:00
UFC Fight Night: Holm vs. Bueno Silva,Azat Maksum,Tyson Nam,Flyweight,0,S-DEC,3,5:00
UFC Fight Night: Holm vs. Bueno Silva,Alexander Munoz,Carl Deaton,Lightweight,0,U-DEC,3,5:00
UFC Fight Night: Holm vs. Bueno Silva,Ailin Perez,Ashlee Evans-Smith,Women's Bantamweight,0,U-DEC,3,5:00
UFC 290: Volkanovski vs. Rodriguez,Alexander Volkanovski,Yair Rodriguez,Featherweight,1,KO/TKO Punches,3,4:19
UFC 290: Volkanovski vs. Rodriguez,Alexandre Pantoja,Brandon Moreno,Flyweight,1,S-DEC,5,5:00
UFC 290: Volkanovski vs. Rodriguez,Dricus Du Plessis,Robert Whittaker,Middleweight,0,KO/TKO Punches,2,2:23
UFC 290: Volkanovski vs. Rodriguez,Dan Hooker,Jalin Turner,Lightweight,0,S-DEC,3,5:00
UFC 290: Volkanovski vs. Rodriguez,Bo Nickal,Val Woodburn,Middleweight,0,KO/TKO Punches,1,0:38
UFC 290: Volkanovski vs. Rodriguez,Robbie Lawler,Niko Price,Welterweight,0,KO/TKO Punches,1,0:38
UFC 290: Volkanovski vs. Rodriguez,Tatsuro Taira,Edgar Chairez,Catch Weight,0,U-DEC,3,5:00
UFC 290: Volkanovski vs. Rodriguez,Denise Gomes,Yazmin Jauregui,Women's Strawweight,0,KO/TKO Punches,1,0:20
UFC 290: Volkanovski vs. Rodriguez,Alonzo Menifield,Jimmy Crute,Light Heavyweight,0,SUB Guillotine Choke,2,1:55
UFC 290: Volkanovski vs. Rodriguez,Vitor Petrino,Marcin Prachnio,Light Heavyweight,0,SUB Arm Triangle,3,3:42
UFC 290: Volkanovski vs. Rodriguez,Cameron Saaiman,Terrence Mitchell,Bantamweight,0,KO/TKO Punches,1,3:10
UFC 290: Volkanovski vs. Rodriguez,Jesus Aguilar,Shannon Ross,Flyweight,0,KO/TKO Punch,1,0:17
UFC 290: Volkanovski vs. Rodriguez,Esteban Ribovics,Kamuela Kirk,Lightweight,0,U-DEC,3,5:00
UFC Fight Night: Strickland vs. Magomedov,Sean Strickland,Abus Magomedov,Middleweight,0,KO/TKO Punches,2,4:20
UFC Fight Night: Strickland vs. Magomedov,Grant Dawson,Damir Ismagulov,Lightweight,0,U-DEC,3,5:00
UFC Fight Night: Strickland vs. Magomedov,Michael Morales,Max Griffin,Welterweight,0,U-DEC,3,5:00
UFC Fight Night: Strickland vs. Magomedov,Ariane da Silva,Melissa Gatto,Women's Flyweight,0,S-DEC,3,5:00
UFC Fight Night: Strickland vs. Magomedov,Benoit Saint Denis,Ismael Bonfim,Lightweight,0,SUB Rear Naked Choke,1,4:48
UFC Fight Night: Strickland vs. Magomedov,Nursulton Ruziboev,Brunno Ferreira,Middleweight,0,KO/TKO Punches,1,1:17
UFC Fight Night: Strickland vs. Magomedov,Rinat Fakhretdinov,Kevin Lee,Welterweight,0,SUB Guillotine Choke,1,0:55
UFC Fight Night: Strickland vs. Magomedov,Joanderson Brito,Westin Wilson,Featherweight,0,KO/TKO Punches,1,2:54
UFC Fight Night: Strickland vs. Magomedov,Karol Rosa,Yana Santos,Women's Featherweight,0,S-DEC,3,5:00
UFC Fight Night: Strickland vs. Magomedov,Elves Brener,Guram Kutateladze,Lightweight,0,KO/TKO Punch,3,3:17
UFC Fight Night: Strickland vs. Magomedov,Luana Carolina,Ivana Petrovic,Women's Flyweight,0,U-DEC,3,5:00
UFC Fight Night: Strickland vs. Magomedov,Alexandr Romanov,Blagoy Ivanov,Heavyweight,0,U-DEC,3,5:00
UFC Fight Night: Emmett vs. Topuria,Ilia Topuria,Josh Emmett,Featherweight,0,U-DEC,5,5:00
UFC Fight Night: Emmett vs. Topuria,Maycee Barber,Amanda Ribas,Women's Flyweight,0,KO/TKO Elbows,2,3:42
UFC Fight Night: Emmett vs. Topuria,Austen Lane,Justin Tafa,Heavyweight,0,CNC,1,0:29
UFC Fight Night: Emmett vs. Topuria,David Onama,Gabriel Santos,Featherweight,0,KO/TKO Punch,2,4:13
UFC Fight Night: Emmett vs. Topuria,Brendan Allen,Bruno Silva,Middleweight,0,SUB Rear Naked Choke,1,4:39
UFC Fight Night: Emmett vs. Topuria,Neil Magny,Phil Rowe,Welterweight,0,S-DEC,3,5:00
UFC Fight Night: Emmett vs. Topuria,Randy Brown,Wellington Turman,Welterweight,0,U-DEC,3,5:00
UFC Fight Night: Emmett vs. Topuria,Mateusz Rebecki,Loik Radzhabov,Lightweight,0,KO/TKO Punch,2,2:36
UFC Fight Night: Emmett vs. Topuria,Tabatha Ricci,Gillian Robertson,Women's Strawweight,0,U-DEC,3,5:00
UFC Fight Night: Emmett vs. Topuria,Joshua Van,Zhalgas Zhumagulov,Flyweight,0,S-DEC,3,5:00
UFC Fight Night: Emmett vs. Topuria,Chepe Mariscal,Trevor Peek,Lightweight,0,U-DEC,3,5:00
UFC Fight Night: Emmett vs. Topuria,Jack Jenkins,Jamall Emmers,Featherweight,0,S-DEC,3,5:00
UFC Fight Night: Emmett vs. Topuria,Sedriques Dumas,Cody Brundage,Middleweight,0,U-DEC,3,5:00
UFC Fight Night: Vettori vs. Cannonier,Jared Cannonier,Marvin Vettori,Middleweight,0,U-DEC,5,5:00
UFC Fight Night: Vettori vs. Cannonier,Arman Tsarukyan,Joaquim Silva,Lightweight,0,KO/TKO Punches,3,3:25
UFC Fight Night: Vettori vs. Cannonier,Armen Petrosyan,Christian Leroy Duncan,Middleweight,0,U-DEC,3,5:00
UFC Fight Night: Vettori vs. Cannonier,Pat Sabatini,Lucas Almeida,Featherweight,0,SUB Arm Triangle,2,1:48
UFC Fight Night: Vettori vs. Cannonier,Manuel Torres,Nikolas Motta,Lightweight,0,KO/TKO Elbow,1,1:50
UFC Fight Night: Vettori vs. Cannonier,Nicolas Dalby,Muslim Salikhov,Welterweight,0,U-DEC,3,5:00
UFC Fight Night: Vettori vs. Cannonier,Alessandro Costa,Jimmy Flick,Flyweight,0,KO/TKO Elbows,2,1:03
UFC Fight Night: Vettori vs. Cannonier,Kyung Ho Kang,Cristian Quinonez,Bantamweight,0,SUB Rear Naked Choke,1,2:25
UFC Fight Night: Vettori vs. Cannonier,Carlos Hernandez,Denys Bondar,Flyweight,0,U-DEC,3,4:59
UFC Fight Night: Vettori vs. Cannonier,Tereza Bleda,Gabriella Fernandes,Women's Flyweight,0,U-DEC,3,5:00
UFC Fight Night: Vettori vs. Cannonier,Dan Argueta,Ronnie Lawrence,Bantamweight,0,Overturned,1,2:20
UFC Fight Night: Vettori vs. Cannonier,Modestas Bukauskas,Zac Pauga,Light Heavyweight,0,U-DEC,3,5:00
UFC 289: Nunes vs. Aldana,Amanda Nunes,Irene Aldana,Women's Bantamweight,1,U-DEC,5,5:00
UFC 289: Nunes vs. Aldana,Charles Oliveira,Beneil Dariush,Lightweight,0,KO/TKO Punches,1,4:10
UFC 289: Nunes vs. Aldana,Mike Malott,Adam Fugitt,Welterweight,0,SUB Guillotine Choke,2,1:06
UFC 289: Nunes vs. Aldana,Dan Ige,Nate Landwehr,Featherweight,0,U-DEC,3,5:00
UFC 289: Nunes vs. Aldana,Marc-Andre Barriault,Eryk Anders,Middleweight,0,U-DEC,3,5:00
UFC 289: Nunes vs. Aldana,Nassourdine Imavov,Chris Curtis,Middleweight,0,CNC,2,3:04
UFC 289: Nunes vs. Aldana,Jasmine Jasudavicius,Miranda Maverick,Women's Flyweight,0,U-DEC,3,5:00
UFC 289: Nunes vs. Aldana,Aiemann Zahabi,Aoriqileng,Bantamweight,0,KO/TKO Punch,1,1:04
UFC 289: Nunes vs. Aldana,Kyle Nelson,Blake Bilder,Featherweight,0,U-DEC,3,5:00
UFC 289: Nunes vs. Aldana,Steve Erceg,David Dvorak,Flyweight,0,U-DEC,3,5:00
UFC 289: Nunes vs. Aldana,Diana Belbita,Maria Oliveira,Women's Strawweight,0,U-DEC,3,5:00
UFC Fight Night: Kara-France vs. Albazi,Amir Albazi,Kai Kara-France,Flyweight,0,S-DEC,5,5:00
UFC Fight Night: Kara-France vs. Albazi,Alex Caceres,Daniel Pineda,Featherweight,0,U-DEC,3,5:00
UFC Fight Night: Kara-France vs. Albazi,Jim Miller,Jesse Butler,Lightweight,0,KO/TKO Punch,1,0:23
UFC Fight Night: Kara-France vs. Albazi,Tim Elliott,Victor Altamirano,Flyweight,0,U-DEC,3,5:00
UFC Fight Night: Kara-France vs. Albazi,Karine Silva,Ketlen Souza,Women's Flyweight,0,SUB Other - Lock,1,1:45
UFC Fight Night: Kara-France vs. Albazi,Elizeu Zaleski dos Santos,Abubakar Nurmagomedov,Welterweight,0,S-DEC,3,5:00
UFC Fight Night: Kara-France vs. Albazi,Daniel Santos,Johnny Munoz,Bantamweight,0,U-DEC,3,5:00
UFC Fight Night: Kara-France vs. Albazi,Don'Tale Mayes,Andrei Arlovski,Heavyweight,0,KO/TKO Punch,2,3:17
UFC Fight Night: Kara-France vs. Albazi,John Castaneda,Muin Gafurov,Bantamweight,0,U-DEC,3,5:00
UFC Fight Night: Kara-France vs. Albazi,Muhammad Naimov,Jamie Mullarkey,Lightweight,0,KO/TKO Punch,2,2:59
UFC Fight Night: Kara-France vs. Albazi,Elise Reed,Jinh Yu Frey,Women's Strawweight,0,U-DEC,3,5:00
UFC Fight Night: Kara-France vs. Albazi,Da'Mon Blackshear,Luan Lacerda,Bantamweight,0,KO/TKO Punches,2,3:54
UFC Fight Night: Kara-France vs. Albazi,Philipe Lins,Maxim Grishin,Light Heavyweight,0,U-DEC,3,5:00
UFC Fight Night: Dern vs. Hill,Mackenzie Dern,Angela Hill,Women's Strawweight,0,U-DEC,5,5:00
UFC Fight Night: Dern vs. Hill,Anthony Hernandez,Edmen Shahbazyan,Middleweight,0,KO/TKO Elbows,3,1:01
UFC Fight Night: Dern vs. Hill,Loopy Godinez,Emily Ducote,Catch Weight,0,U-DEC,3,5:00
UFC Fight Night: Dern vs. Hill,Joaquin Buckley,Andre Fialho,Welterweight,0,KO/TKO Kick,2,4:15
UFC Fight Night: Dern vs. Hill,Diego Ferreira,Michael Johnson,Lightweight,0,KO/TKO Punch,2,1:50
UFC Fight Night: Dern vs. Hill,Viacheslav Borshchev,Maheshate,Lightweight,0,KO/TKO Punch,2,2:37
UFC Fight Night: Dern vs. Hill,Karolina Kowalkiewicz,Vanessa Demopoulos,Women's Strawweight,0,U-DEC,3,5:00
UFC Fight Night: Dern vs. Hill,Gilbert Urbina,Orion Cosce,Welterweight,0,KO/TKO Kick,2,2:55
UFC Fight Night: Dern vs. Hill,Rodrigo Nascimento,Ilir Latifi,Heavyweight,0,S-DEC,3,5:00
UFC Fight Night: Dern vs. Hill,Chase Hooper,Nick Fiore,Lightweight,0,U-DEC,3,5:00
UFC Fight Night: Dern vs. Hill,Natalia Silva,Victoria Leonardo,Women's Flyweight,0,KO/TKO Punch,1,2:58
UFC Fight Night: Dern vs. Hill,Themba Gorimbo,Takashi Sato,Welterweight,0,U-DEC,3,5:00
UFC Fight Night: Rozenstruik vs. Almeida,Jailton Almeida,Jairzinho Rozenstruik,Heavyweight,0,SUB Rear Naked Choke,1,3:43
UFC Fight Night: Rozenstruik vs. Almeida,Johnny Walker,Anthony Smith,Light Heavyweight,0,U-DEC,3,5:00
UFC Fight Night: Rozenstruik vs. Almeida,Ian Machado Garry,Daniel Rodriguez,Welterweight,0,KO/TKO Kick,1,2:57
UFC Fight Night: Rozenstruik vs. Almeida,Carlos Ulberg,Ihor Potieria,Light Heavyweight,0,KO/TKO Punches,1,2:09
UFC Fight Night: Rozenstruik vs. Almeida,Alex Morono,Tim Means,Welterweight,0,SUB Guillotine Choke,2,2:09
UFC Fight Night: Rozenstruik vs. Almeida,Matt Brown,Court McGee,Welterweight,0,KO/TKO Punch,1,4:09
UFC Fight Night: Rozenstruik vs. Almeida,Karl Williams,Chase Sherman,Heavyweight,0,U-DEC,3,5:00
UFC Fight Night: Rozenstruik vs. Almeida,Douglas Silva de Andrade,Cody Stamann,Catch Weight,0,U-DEC,3,5:00
UFC Fight Night: Rozenstruik vs. Almeida,Mandy Bohm,Ji Yeon Kim,Women's Flyweight,0,S-DEC,3,1:55
UFC Fight Night: Rozenstruik vs. Almeida,Bryan Battle,Gabe Green,Welterweight,0,KO/TKO Punch,1,0:14
UFC Fight Night: Rozenstruik vs. Almeida,Tainara Lisboa,Jessica-Rose Clark,Women's Bantamweight,0,SUB Rear Naked Choke,3,4:20
UFC 288: Sterling vs. Cejudo,Aljamain Sterling,Henry Cejudo,Bantamweight,1,S-DEC,5,5:00
UFC 288: Sterling vs. Cejudo,Belal Muhammad,Gilbert Burns,Welterweight,0,U-DEC,5,5:00
UFC 288: Sterling vs. Cejudo,Yan Xiaonan,Jessica Andrade,Women's Strawweight,0,KO/TKO Punch,1,2:20
UFC 288: Sterling vs. Cejudo,Movsar Evloev,Diego Lopes,Featherweight,0,U-DEC,3,5:00
UFC 288: Sterling vs. Cejudo,Charles Jourdain,Kron Gracie,Featherweight,0,U-DEC,3,5:00
UFC 288: Sterling vs. Cejudo,Matt Frevola,Drew Dober,Lightweight,0,KO/TKO Punch,1,4:08
UFC 288: Sterling vs. Cejudo,Kennedy Nzechukwu,Devin Clark,Light Heavyweight,0,SUB Guillotine Choke,2,2:28
UFC 288: Sterling vs. Cejudo,Khaos Williams,Rolando Bedoya,Welterweight,0,S-DEC,3,5:00
UFC 288: Sterling vs. Cejudo,Virna Jandiroba,Marina Rodriguez,Women's Strawweight,0,U-DEC,3,5:00
UFC 288: Sterling vs. Cejudo,Parker Porter,Braxton Smith,Heavyweight,0,KO/TKO Punches,1,2:10
UFC 288: Sterling vs. Cejudo,Ikram Aliskerov,Phil Hawes,Middleweight,0,KO/TKO Punches,1,2:10
UFC 288: Sterling vs. Cejudo,Claudio Ribeiro,Joseph Holmes,Middleweight,0,KO/TKO Punches,2,3:21
UFC Fight Night: Song vs. Simon,Song Yadong,Ricky Simon,Bantamweight,0,KO/TKO Punch,5,1:10
UFC Fight Night: Song vs. Simon,Caio Borralho,Michal Oleksiejczuk,Middleweight,0,SUB Rear Naked Choke,2,2:49
UFC Fight Night: Song vs. Simon,Rodolfo Vieira,Cody Brundage,Middleweight,0,SUB Arm Triangle,2,1:28
UFC Fight Night: Song vs. Simon,Fernando Padilla,Julian Erosa,Featherweight,0,KO/TKO Punches,1,1:41
UFC Fight Night: Song vs. Simon,Marcos Rogerio de Lima,Waldo Cortes Acosta,Heavyweight,0,U-DEC,3,5:00
UFC Fight Night: Song vs. Simon,Trey Waters,Josh Quinlan,Welterweight,0,U-DEC,3,5:00
UFC Fight Night: Song vs. Simon,Martin Buday,Jake Collier,Heavyweight,0,U-DEC,3,5:00
UFC Fight Night: Song vs. Simon,Cody Durden,Charles Johnson,Flyweight,0,U-DEC,3,5:00
UFC Fight Night: Song vs. Simon,Irina Alekseeva,Stephanie Egger,Women's Bantamweight,0,SUB Kneebar,1,2:11
UFC Fight Night: Song vs. Simon,Marcus McGhee,Journey Newson,Catch Weight,0,SUB Rear Naked Choke,2,2:03
UFC Fight Night: Song vs. Simon,Jamey-Lyn Horth,Hailey Cowan,Women's Bantamweight,0,U-DEC,3,5:00
UFC Fight Night: Pavlovich vs. Blaydes,Sergei Pavlovich,Curtis Blaydes,Heavyweight,0,KO/TKO Punches,1,3:08
UFC Fight Night: Pavlovich vs. Blaydes,Bruno Silva,Brad Tavares,Middleweight,0,KO/TKO Punch,1,3:35
UFC Fight Night: Pavlovich vs. Blaydes,King Green,Jared Gordon,Lightweight,0,CNC,1,4:35
UFC Fight Night: Pavlovich vs. Blaydes,Iasmin Lucindo,Brogan Walker,Women's Flyweight,0,U-DEC,3,5:00
UFC Fight Night: Pavlovich vs. Blaydes,Jeremiah Wells,Matthew Semelsberger,Welterweight,0,S-DEC,3,5:00
UFC Fight Night: Pavlovich vs. Blaydes,Christos Giagos,Ricky Glenn,Lightweight,0,KO/TKO Punch,1,1:35
UFC Fight Night: Pavlovich vs. Blaydes,Montel Jackson,Rani Yahya,Bantamweight,0,KO/TKO Punch,1,3:42
UFC Fight Night: Pavlovich vs. Blaydes,Norma Dumont,Karol Rosa,Women's Featherweight,0,U-DEC,3,5:00
UFC Fight Night: Pavlovich vs. Blaydes,Mohammed Usman,Junior Tafa,Heavyweight,0,U-DEC,3,5:00
UFC Fight Night: Pavlovich vs. Blaydes,William Gomis,Francis Marshall,Featherweight,0,S-DEC,3,5:00
UFC Fight Night: Pavlovich vs. Blaydes,Brady Hiestand,Batgerel Danaa,Bantamweight,0,KO/TKO Punches,3,4:21
UFC Fight Night: Holloway vs. Allen,Max Holloway,Arnold Allen,Featherweight,0,U-DEC,5,5:00
UFC Fight Night: Holloway vs. Allen,Edson Barboza,Billy Quarantillo,Featherweight,0,KO/TKO Knee,1,2:37
UFC Fight Night: Holloway vs. Allen,Azamat Murzakanov,Dustin Jacoby,Light Heavyweight,0,U-DEC,3,5:00
UFC Fight Night: Holloway vs. Allen,Ion Cutelaba,Tanner Boser,Light Heavyweight,0,KO/TKO Punches,1,2:05
UFC Fight Night: Holloway vs. Allen,Pedro Munhoz,Chris Gutierrez,Bantamweight,0,U-DEC,3,5:00
UFC Fight Night: Holloway vs. Allen,Rafa Garcia,Clay Guida,Lightweight,0,U-DEC,3,5:00
UFC Fight Night: Holloway vs. Allen,Bill Algeo,TJ Brown,Featherweight,0,SUB Rear Naked Choke,2,1:40
UFC Fight Night: Holloway vs. Allen,Brandon Royval,Matheus Nicolau,Flyweight,0,KO/TKO Knee,1,2:09
UFC Fight Night: Holloway vs. Allen,Zak Cummings,Ed Herman,Light Heavyweight,0,KO/TKO Punches,3,4:13
UFC Fight Night: Holloway vs. Allen,Gillian Robertson,Piera Rodriguez,Women's Strawweight,0,SUB Armbar,2,4:21
UFC Fight Night: Holloway vs. Allen,Daniel Zellhuber,Lando Vannata,Lightweight,0,U-DEC,3,5:00
UFC Fight Night: Holloway vs. Allen,Denise Gomes,Bruna Brasil,Women's Strawweight,0,KO/TKO Punches,2,2:42
UFC Fight Night: Holloway vs. Allen,Gaston Bolanos,Aaron Phillips,Bantamweight,0,U-DEC,3,5:00
UFC Fight Night: Holloway vs. Allen,Joselyne Edwards,Lucie Pudilova,Women's Bantamweight,0,S-DEC,3,5:00
UFC 287: Pereira vs. Adesanya 2,Israel Adesanya,Alex Pereira,Middleweight,1,KO/TKO Punch,2,4:21
UFC 287: Pereira vs. Adesanya 2,Gilbert Burns,Jorge Masvidal,Welterweight,0,U-DEC,3,5:00
UFC 287: Pereira vs. Adesanya 2,Rob Font,Adrian Yanez,Bantamweight,0,KO/TKO Punch,1,2:57
UFC 287: Pereira vs. Adesanya 2,Kevin Holland,Santiago Ponzinibbio,Welterweight,0,KO/TKO Punch,3,3:16
UFC 287: Pereira vs. Adesanya 2,Christian Rodriguez,Raul Rosas Jr.,Bantamweight,0,U-DEC,3,5:00
UFC 287: Pereira vs. Adesanya 2,Kelvin Gastelum,Chris Curtis,Middleweight,0,U-DEC,3,5:00
UFC 287: Pereira vs. Adesanya 2,Luana Pinheiro,Michelle Waterson-Gomez,Women's Strawweight,0,S-DEC,3,5:00
UFC 287: Pereira vs. Adesanya 2,Joe Pyfer,Gerald Meerschaert,Middleweight,0,KO/TKO Punches,1,3:15
UFC 287: Pereira vs. Adesanya 2,Loopy Godinez,Cynthia Calvillo,Women's Strawweight,0,S-DEC,3,5:00
UFC 287: Pereira vs. Adesanya 2,Ignacio Bahamondes,Trey Ogden,Catch Weight,0,U-DEC,3,5:00
UFC 287: Pereira vs. Adesanya 2,Steve Garcia,Shayilan Nuerdanbieke,Featherweight,0,KO/TKO Punch,2,0:36
UFC 287: Pereira vs. Adesanya 2,Sam Hughes,Jaqueline Amorim,Women's Strawweight,0,U-DEC,3,5:00
UFC Fight Night: Vera vs. Sandhagen,Cory Sandhagen,Marlon Vera,Bantamweight,0,S-DEC,5,5:00
UFC Fight Night: Vera vs. Sandhagen,Holly Holm,Yana Santos,Women's Bantamweight,0,U-DEC,3,5:00
UFC Fight Night: Vera vs. Sandhagen,Nate Landwehr,Austin Lingo,Featherweight,0,SUB Rear Naked Choke,2,4:11
UFC Fight Night: Vera vs. Sandhagen,Maycee Barber,Andrea Lee,Women's Flyweight,0,S-DEC,3,5:00
UFC Fight Night: Vera vs. Sandhagen,Albert Duraev,Chidi Njokuani,Middleweight,0,S-DEC,3,5:00
UFC Fight Night: Vera vs. Sandhagen,Daniel Pineda,Tucker Lutz,Featherweight,0,SUB Guillotine Choke,2,2:50
UFC Fight Night: Vera vs. Sandhagen,Lucas Alexander,Steven Peterson,Featherweight,0,U-DEC,3,5:00
UFC Fight Night: Vera vs. Sandhagen,Trevin Giles,Preston Parsons,Welterweight,0,S-DEC,3,5:00
UFC Fight Night: Vera vs. Sandhagen,CJ Vergara,Daniel Lacerda,Flyweight,0,KO/TKO Elbows,2,4:04
UFC Fight Night: Vera vs. Sandhagen,Victor Altamirano,Vinicius Salvador,Flyweight,0,U-DEC,3,5:00
UFC 286: Edwards vs. Usman 3,Leon Edwards,Kamaru Usman,Welterweight,1,M-DEC,5,5:00
UFC 286: Edwards vs. Usman 3,Justin Gaethje,Rafael Fiziev,Lightweight,0,M-DEC,3,5:00
UFC 286: Edwards vs. Usman 3,Gunnar Nelson,Bryan Barberena,Welterweight,0,SUB Armbar,1,4:51
UFC 286: Edwards vs. Usman 3,Jennifer Maia,Casey O'Neill,Women's Flyweight,0,U-DEC,3,5:00
UFC 286: Edwards vs. Usman 3,Marvin Vettori,Roman Dolidze,Middleweight,0,U-DEC,3,5:00
UFC 286: Edwards vs. Usman 3,Jack Shore,Makwan Amirkhani,Featherweight,0,SUB Rear Naked Choke,2,4:27
UFC 286: Edwards vs. Usman 3,Chris Duncan,Omar Morales,Lightweight,0,S-DEC,3,5:00
UFC 286: Edwards vs. Usman 3,Yanal Ashmouz,Sam Patterson,Lightweight,0,KO/TKO Punches,1,1:15
UFC 286: Edwards vs. Usman 3,Muhammad Mokaev,Jafel Filho,Flyweight,0,SUB Neck Crank,3,4:32
UFC 286: Edwards vs. Usman 3,Lerone Murphy,Gabriel Santos,Featherweight,0,S-DEC,3,5:00
UFC 286: Edwards vs. Usman 3,Christian Leroy Duncan,Dusko Todorovic,Middleweight,0,KO/TKO,1,1:52
UFC 286: Edwards vs. Usman 3,Jake Hadley,Malcolm Gordon,Flyweight,0,KO/TKO Punch,1,1:01
UFC 286: Edwards vs. Usman 3,Joanne Wood,Luana Carolina,Women's Flyweight,0,S-DEC,3,5:00
UFC 286: Edwards vs. Usman 3,Jai Herbert,Ludovit Klein,Lightweight,0,M-DEC,3,5:00
UFC 286: Edwards vs. Usman 3,Veronica Hardy,Juliana Miller,Women's Flyweight,0,U-DEC,3,5:00
UFC Fight Night: Yan vs. Dvalishvili,Merab Dvalishvili,Petr Yan,Bantamweight,0,U-DEC,5,5:00
UFC Fight Night: Yan vs. Dvalishvili,Alexander Volkov,Alexandr Romanov,Heavyweight,0,KO/TKO Punches,1,2:16
UFC Fight Night: Yan vs. Dvalishvili,Nikita Krylov,Ryan Spann,Catch Weight,0,SUB Triangle Choke,1,3:38
UFC Fight Night: Yan vs. Dvalishvili,Jonathan Martinez,Said Nurmagomedov,Bantamweight,0,U-DEC,3,5:00
UFC Fight Night: Yan vs. Dvalishvili,Mario Bautista,Guido Cannetti,Bantamweight,0,SUB Rear Naked Choke,1,3:18
UFC Fight Night: Yan vs. Dvalishvili,Vitor Petrino,Anton Turkalj,Light Heavyweight,0,U-DEC,3,5:00
UFC Fight Night: Yan vs. Dvalishvili,Karl Williams,Lukasz Brzeski,Heavyweight,0,U-DEC,3,5:00
UFC Fight Night: Yan vs. Dvalishvili,Davey Grant,Raphael Assuncao,Bantamweight,0,SUB Inverted Triangle,3,4:43
UFC Fight Night: Yan vs. Dvalishvili,Josh Fremd,Sedriques Dumas,Middleweight,0,SUB Guillotine Choke,2,3:00
UFC Fight Night: Yan vs. Dvalishvili,Victor Henry,Tony Gravely,Bantamweight,0,S-DEC,3,5:00
UFC Fight Night: Yan vs. Dvalishvili,Ariane da Silva,JJ Aldrich,Women's Flyweight,0,U-DEC,3,5:00
UFC Fight Night: Yan vs. Dvalishvili,Bruno Silva,Tyson Nam,Flyweight,0,SUB Rear Naked Choke,2,1:23
UFC Fight Night: Yan vs. Dvalishvili,Carlston Harris,Jared Gooden,Welterweight,0,U-DEC,3,5:00
UFC 285: Jones vs. Gane,Jon Jones,Ciryl Gane,Heavyweight,1,SUB Guillotine Choke,1,2:04
UFC 285: Jones vs. Gane,Alexa Grasso,Valentina Shevchenko,Women's Flyweight,1,SUB Rear Naked Choke,4,4:34
UFC 285: Jones vs. Gane,Shavkat Rakhmonov,Geoff Neal,Welterweight,0,SUB Rear Naked Choke,3,4:17
UFC 285: Jones vs. Gane,Mateusz Gamrot,Jalin Turner,Lightweight,0,S-DEC,3,5:00
UFC 285: Jones vs. Gane,Bo Nickal,Jamie Pickett,Middleweight,0,SUB Arm Triangle,1,2:54
UFC 285: Jones vs. Gane,Cody Garbrandt,Trevin Jones,Bantamweight,0,U-DEC,3,5:00
UFC 285: Jones vs. Gane,Dricus Du Plessis,Derek Brunson,Middleweight,0,KO/TKO Punches,2,4:59
UFC 285: Jones vs. Gane,Amanda Ribas,Viviane Araujo,Women's Flyweight,0,U-DEC,3,5:00
UFC 285: Jones vs. Gane,Marc-Andre Barriault,Julian Marquez,Middleweight,0,KO/TKO Punches,2,4:12
UFC 285: Jones vs. Gane,Ian Machado Garry,Song Kenan,Welterweight,0,KO/TKO Punches,3,4:22
UFC 285: Jones vs. Gane,Cameron Saaiman,Mana Martinez,Bantamweight,0,M-DEC,3,5:00
UFC 285: Jones vs. Gane,Tabatha Ricci,Jessica Penne,Women's Strawweight,0,SUB Armbar,2,2:14
UFC 285: Jones vs. Gane,Farid Basharat,Da'Mon Blackshear,Bantamweight,0,U-DEC,3,5:00
UFC 285: Jones vs. Gane,Loik Radzhabov,Esteban Ribovics,Lightweight,0,U-DEC,3,5:00
UFC Fight Night: Muniz vs. Allen,Brendan Allen,Andre Muniz,Middleweight,0,SUB Rear Naked Choke,3,4:25
UFC Fight Night: Muniz vs. Allen,Augusto Sakai,Don'Tale Mayes,Heavyweight,0,U-DEC,3,5:00
UFC Fight Night: Muniz vs. Allen,Tatiana Suarez,Montana De La Rosa,Women's Flyweight,0,SUB Guillotine Choke,2,2:51
UFC Fight Night: Muniz vs. Allen,Mike Malott,Yohan Lainesse,Welterweight,0,SUB Arm Triangle,1,4:15
UFC Fight Night: Muniz vs. Allen,Trevor Peek,Erick Gonzalez,Lightweight,0,KO/TKO Punch,1,4:59
UFC Fight Night: Muniz vs. Allen,Jasmine Jasudavicius,Gabriella Fernandes,Women's Flyweight,0,U-DEC,3,5:00
UFC Fight Night: Muniz vs. Allen,Jordan Leavitt,Victor Martinez,Lightweight,0,KO/TKO Knees,1,2:27
UFC Fight Night: Muniz vs. Allen,Ode Osbourne,Charles Johnson,Catch Weight,0,S-DEC,3,5:00
UFC Fight Night: Muniz vs. Allen,Joe Solecki,Carl Deaton,Lightweight,0,SUB Rear Naked Choke,2,4:55
UFC Fight Night: Muniz vs. Allen,Nurullo Aliev,Rafael Alves,Lightweight,0,M-DEC,3,5:00
UFC Fight Night: Andrade vs. Blanchfield,Erin Blanchfield,Jessica Andrade,Women's Flyweight,0,SUB Rear Naked Choke,2,1:37
UFC Fight Night: Andrade vs. Blanchfield,Zac Pauga,Jordan Wright,Light Heavyweight,0,U-DEC,3,5:00
UFC Fight Night: Andrade vs. Blanchfield,Jamal Pogues,Josh Parisian,Heavyweight,0,U-DEC,3,5:00
UFC Fight Night: Andrade vs. Blanchfield,Marcin Prachnio,William Knight,Light Heavyweight,0,U-DEC,3,5:00
UFC Fight Night: Andrade vs. Blanchfield,Alexander Hernandez,Jim Miller,Lightweight,0,U-DEC,3,5:00
UFC Fight Night: Andrade vs. Blanchfield,Nazim Sadykhov,Evan Elder,Lightweight,0,KO/TKO,3,0:38
UFC Fight Night: Andrade vs. Blanchfield,Mayra Bueno Silva,Lina Lansberg,Women's Bantamweight,0,SUB Kneebar,2,4:45
UFC Fight Night: Andrade vs. Blanchfield,Jamall Emmers,Khusein Askhabov,Featherweight,0,U-DEC,3,5:00
UFC Fight Night: Andrade vs. Blanchfield,Philipe Lins,Ovince Saint Preux,Light Heavyweight,0,KO/TKO Punch,1,0:49
UFC Fight Night: Andrade vs. Blanchfield,AJ Fletcher,Themba Gorimbo,Welterweight,0,SUB Guillotine Choke,2,1:37
UFC Fight Night: Andrade vs. Blanchfield,Clayton Carpenter,Juancamilo Ronderos,Flyweight,0,SUB Rear Naked Choke,1,3:13
UFC 284: Makhachev vs. Volkanovski,Islam Makhachev,Alexander Volkanovski,Lightweight,1,U-DEC,5,5:00
UFC 284: Makhachev vs. Volkanovski,Yair Rodriguez,Josh Emmett,Featherweight,1,SUB Triangle Choke,2,4:19
UFC 284: Makhachev vs. Volkanovski,Jack Della Maddalena,Randy Brown,Welterweight,0,SUB Rear Naked Choke,1,2:13
UFC 284: Makhachev vs. Volkanovski,Justin Tafa,Parker Porter,Heavyweight,0,KO/TKO Punch,1,1:06
UFC 284: Makhachev vs. Volkanovski,Jimmy Crute,Alonzo Menifield,Light Heavyweight,0,M-DEC,3,5:00
UFC 284: Makhachev vs. Volkanovski,Modestas Bukauskas,Tyson Pedro,Light Heavyweight,0,U-DEC,3,5:00
UFC 284: Makhachev vs. Volkanovski,Josh Culibao,Melsik Baghdasaryan,Featherweight,0,SUB Rear Naked Choke,2,2:02
UFC 284: Makhachev vs. Volkanovski,Kleydson Rodrigues,Shannon Ross,Flyweight,0,KO/TKO Punches,1,0:59
UFC 284: Makhachev vs. Volkanovski,Jamie Mullarkey,Francisco Prado,Lightweight,0,U-DEC,3,5:00
UFC 284: Makhachev vs. Volkanovski,Jack Jenkins,Don Shainis,Featherweight,0,U-DEC,3,5:00
UFC 284: Makhachev vs. Volkanovski,Loma Lookboonmee,Elise Reed,Women's Strawweight,0,SUB Rear Naked Choke,2,0:44
UFC 284: Makhachev vs. Volkanovski,Blake Bilder,Shane Young,Featherweight,0,U-DEC,3,5:00
UFC 284: Makhachev vs. Volkanovski,Elves Brener,Zubaira Tukhugov,Lightweight,0,S-DEC,3,5:00
UFC Fight Night: Lewis vs. Spivac,Serghei Spivac,Derrick Lewis,Heavyweight,0,SUB Arm Triangle,1,3:05
UFC Fight Night: Lewis vs. Spivac,Devin Clark,Da Woon Jung,Light Heavyweight,0,U-DEC,3,5:00
UFC Fight Night: Lewis vs. Spivac,Marcin Tybura,Blagoy Ivanov,Heavyweight,0,U-DEC,3,5:00
UFC Fight Night: Lewis vs. Spivac,Dooho Choi,Kyle Nelson,Featherweight,0,M-DEC,3,5:00
UFC Fight Night: Lewis vs. Spivac,Adam Fugitt,Yusaku Kinoshita,Welterweight,0,KO/TKO Elbows,1,4:36
UFC Fight Night: Lewis vs. Spivac,Anshul Jubli,Jeka Saragih,Lightweight,1,KO/TKO Elbows,2,3:44
UFC Fight Night: Lewis vs. Spivac,JeongYeong Lee,Yizha,Featherweight,1,S-DEC,3,5:00
UFC Fight Night: Lewis vs. Spivac,Rinya Nakamura,Toshiomi Kazama,Bantamweight,1,KO/TKO Punch,1,0:33
UFC Fight Night: Lewis vs. Spivac,HyunSung Park,SeungGuk Choi,Flyweight,1,SUB Rear Naked Choke,3,3:11
UFC Fight Night: Lewis vs. Spivac,JunYong Park,Denis Tiuliulin,Middleweight,0,SUB Rear Naked Choke,1,4:05
UFC Fight Night: Lewis vs. Spivac,Tatsuro Taira,Jesus Aguilar,Flyweight,0,SUB Triangle Armbar,1,4:20
UFC 283: Teixeira vs. Hill,Jamahal Hill,Glover Teixeira,Light Heavyweight,1,U-DEC,5,5:00
UFC 283: Teixeira vs. Hill,Brandon Moreno,Deiveson Figueiredo,Flyweight,1,KO/TKO,3,5:00
UFC 283: Teixeira vs. Hill,Gilbert Burns,Neil Magny,Welterweight,0,SUB Arm Triangle,1,4:15
UFC 283: Teixeira vs. Hill,Jessica Andrade,Lauren Murphy,Women's Flyweight,0,U-DEC,3,5:00
UFC 283: Teixeira vs. Hill,Johnny Walker,Paul Craig,Light Heavyweight,0,KO/TKO Punches,1,2:16
UFC 283: Teixeira vs. Hill,Ihor Potieria,Mauricio Rua,Light Heavyweight,0,KO/TKO Punches,1,4:05
UFC 283: Teixeira vs. Hill,Brunno Ferreira,Gregory Rodrigues,Middleweight,0,KO/TKO Punch,1,4:13
UFC 283: Teixeira vs. Hill,Thiago Moises,Melquizael Costa,Lightweight,0,SUB Rear Naked Choke,2,4:05
UFC 283: Teixeira vs. Hill,Gabriel Bonfim,Mounir Lazzez,Welterweight,0,SUB Guillotine Choke,1,0:49
UFC 283: Teixeira vs. Hill,Jailton Almeida,Shamil Abdurakhimov,Heavyweight,0,KO/TKO Punches,2,2:56
UFC 283: Teixeira vs. Hill,Cody Stamann,Luan Lacerda,Bantamweight,0,U-DEC,3,5:00
UFC 283: Teixeira vs. Hill,Ismael Bonfim,Terrance McKinney,Lightweight,0,KO/TKO Flying Knee,2,2:17
UFC 283: Teixeira vs. Hill,Nicolas Dalby,Warlley Alves,Welterweight,0,S-DEC,3,5:00
UFC 283: Teixeira vs. Hill,Josiane Nunes,Zarah Fairn,Women's Featherweight,0,U-DEC,3,5:00
UFC 283: Teixeira vs. Hill,Daniel Marcos,Saimon Oliveira,Bantamweight,0,KO/TKO Knees,2,2:18
UFC Fight Night: Strickland vs. Imavov,Sean Strickland,Nassourdine Imavov,Light Heavyweight,0,U-DEC,5,5:00
UFC Fight Night: Strickland vs. Imavov,Dan Ige,Damon Jackson,Featherweight,0,KO/TKO Punch,2,4:13
UFC Fight Night: Strickland vs. Imavov,Roman Kopylov,Punahele Soriano,Middleweight,0,KO/TKO Kick,2,3:19
UFC Fight Night: Strickland vs. Imavov,Raquel Pennington,Ketlen Vieira,Women's Bantamweight,0,S-DEC,3,5:00
UFC Fight Night: Strickland vs. Imavov,Umar Nurmagomedov,Raoni Barcelos,Bantamweight,0,KO/TKO Punch,1,4:40
UFC Fight Night: Strickland vs. Imavov,Javid Basharat,Mateus Mendonca,Bantamweight,0,U-DEC,3,5:00
UFC Fight Night: Strickland vs. Imavov,Abdul Razak Alhassan,Claudio Ribeiro,Middleweight,0,KO/TKO Punches,2,0:28
UFC Fight Night: Strickland vs. Imavov,Mateusz Rebecki,Nick Fiore,Lightweight,0,U-DEC,3,5:00
UFC Fight Night: Strickland vs. Imavov,Allan Nascimento,Carlos Hernandez,Flyweight,0,SUB Rear Naked Choke,1,3:16
UFC Fight Night: Strickland vs. Imavov,Dan Argueta,Nick Aguirre,Featherweight,0,U-DEC,3,5:00
UFC Fight Night: Strickland vs. Imavov,Charles Johnson,Jimmy Flick,Flyweight,0,KO/TKO Punches,1,4:33
UFC Fight Night: Cannonier vs. Strickland,Jared Cannonier,Sean Strickland,Middleweight,0,S-DEC,5,5:00
UFC Fight Night: Cannonier vs. Strickland,Arman Tsarukyan,Damir Ismagulov,Lightweight,0,U-DEC,3,5:00
UFC Fight Night: Cannonier vs. Strickland,Amir Albazi,Alessandro Costa,Flyweight,0,KO/TKO Punch,3,2:13
UFC Fight Night: Cannonier vs. Strickland,Alex Caceres,Julian Erosa,Featherweight,0,KO/TKO Kick,1,3:04
UFC Fight Night: Cannonier vs. Strickland,Drew Dober,King Green,Lightweight,0,KO/TKO Punch,2,2:45
UFC Fight Night: Cannonier vs. Strickland,Michal Oleksiejczuk,Cody Brundage,Middleweight,0,KO/TKO Punch,1,3:16
UFC Fight Night: Cannonier vs. Strickland,Cory McKenna,Cheyanne Vlismas,Women's Strawweight,0,U-DEC,3,5:00
UFC Fight Night: Cannonier vs. Strickland,Matthew Semelsberger,Jake Matthews,Welterweight,0,U-DEC,3,5:00
UFC Fight Night: Cannonier vs. Strickland,Said Nurmagomedov,Saidyokub Kakhramonov,Bantamweight,0,SUB Guillotine Choke,2,3:50
UFC Fight Night: Cannonier vs. Strickland,Rafa Garcia,Maheshate,Lightweight,0,U-DEC,3,5:00
UFC Fight Night: Cannonier vs. Strickland,Rinat Fakhretdinov,Bryan Battle,Welterweight,0,U-DEC,3,5:00
UFC Fight Night: Cannonier vs. Strickland,Manel Kape,David Dvorak,Flyweight,0,U-DEC,3,5:00
UFC Fight Night: Cannonier vs. Strickland,Sergey Morozov,Journey Newson,Bantamweight,0,U-DEC,3,5:00
UFC 282: Blachowicz vs. Ankalaev,Jan Blachowicz,Magomed Ankalaev,Light Heavyweight,1,S-DEC,5,5:00
UFC 282: Blachowicz vs. Ankalaev,Paddy Pimblett,Jared Gordon,Lightweight,0,U-DEC,3,5:00
UFC 282: Blachowicz vs. Ankalaev,Santiago Ponzinibbio,Alex Morono,Catch Weight,0,KO/TKO Punches,3,2:29
UFC 282: Blachowicz vs. Ankalaev,Dricus Du Plessis,Darren Till,Middleweight,0,SUB Neck Crank,3,2:43
UFC 282: Blachowicz vs. Ankalaev,Ilia Topuria,Bryce Mitchell,Featherweight,0,SUB Arm Triangle,2,3:10
UFC 282: Blachowicz vs. Ankalaev,Raul Rosas Jr.,Jay Perrin,Bantamweight,0,SUB Neck Crank,1,2:44
UFC 282: Blachowicz vs. Ankalaev,Jairzinho Rozenstruik,Chris Daukaus,Heavyweight,0,KO/TKO Punch,1,0:23
UFC 282: Blachowicz vs. Ankalaev,Edmen Shahbazyan,Dalcha Lungiambula,Middleweight,0,KO/TKO Punches,2,4:41
UFC 282: Blachowicz vs. Ankalaev,Chris Curtis,Joaquin Buckley,Middleweight,0,KO/TKO Punch,2,2:49
UFC 282: Blachowicz vs. Ankalaev,Billy Quarantillo,Alexander Hernandez,Featherweight,0,KO/TKO Punches,2,4:30
UFC 282: Blachowicz vs. Ankalaev,TJ Brown,Erik Silva,Featherweight,0,SUB Arm Triangle,3,3:41
UFC 282: Blachowicz vs. Ankalaev,Cameron Saaiman,Steven Koslow,Bantamweight,0,KO/TKO Punches,3,4:13
UFC Fight Night: Thompson vs. Holland,Stephen Thompson,Kevin Holland,Welterweight,0,KO/TKO,4,5:00
UFC Fight Night: Thompson vs. Holland,Rafael Dos Anjos,Bryan Barberena,Welterweight,0,SUB Rear Naked Choke,2,3:20
UFC Fight Night: Thompson vs. Holland,Matheus Nicolau,Matt Schnell,Flyweight,0,KO/TKO Punch,2,1:44
UFC Fight Night: Thompson vs. Holland,Sergei Pavlovich,Tai Tuivasa,Heavyweight,0,KO/TKO Punches,1,0:54
UFC Fight Night: Thompson vs. Holland,Roman Dolidze,Jack Hermansson,Middleweight,0,KO/TKO Punches,2,4:06
UFC Fight Night: Thompson vs. Holland,Eryk Anders,Kyle Daukaus,Middleweight,0,KO/TKO Punches,2,2:45
UFC Fight Night: Thompson vs. Holland,Phil Rowe,Niko Price,Welterweight,0,KO/TKO Punches,3,3:26
UFC Fight Night: Thompson vs. Holland,Angela Hill,Emily Ducote,Women's Strawweight,0,U-DEC,3,5:00
UFC Fight Night: Thompson vs. Holland,Clay Guida,Scott Holtzman,Lightweight,0,S-DEC,3,5:00
UFC Fight Night: Thompson vs. Holland,Michael Johnson,Marc Diakiese,Lightweight,0,U-DEC,3,5:00
UFC Fight Night: Thompson vs. Holland,Jonathan Pearce,Darren Elkins,Featherweight,0,U-DEC,3,5:00
UFC Fight Night: Thompson vs. Holland,Natan Levy,Genaro Valdez,Lightweight,0,U-DEC,3,5:00
UFC Fight Night: Thompson vs. Holland,Francis Marshall,Marcelo Rojo,Featherweight,0,KO/TKO Punch,2,1:14
UFC Fight Night: Thompson vs. Holland,Yazmin Jauregui,Istela Nunes,Women's Strawweight,0,KO/TKO Punches,2,4:06
UFC Fight Night: Nzechukwu vs. Cutelaba,Kennedy Nzechukwu,Ion Cutelaba,Light Heavyweight,0,KO/TKO Knee,2,1:02
UFC Fight Night: Nzechukwu vs. Cutelaba,Waldo Cortes Acosta,Chase Sherman,Heavyweight,0,U-DEC,3,5:00
UFC Fight Night: Nzechukwu vs. Cutelaba,Muslim Salikhov,Andre Fialho,Welterweight,0,KO/TKO Kick,3,1:03
UFC Fight Night: Nzechukwu vs. Cutelaba,Jack Della Maddalena,Danny Roberts,Welterweight,0,KO/TKO Punches,1,3:24
UFC Fight Night: Nzechukwu vs. Cutelaba,Charles Johnson,Zhalgas Zhumagulov,Flyweight,0,S-DEC,3,5:00
UFC Fight Night: Nzechukwu vs. Cutelaba,Jennifer Maia,Maryna Moroz,Women's Flyweight,0,U-DEC,3,5:00
UFC Fight Night: Nzechukwu vs. Cutelaba,Miles Johns,Vince Morales,Bantamweight,0,U-DEC,3,5:00
UFC Fight Night: Nzechukwu vs. Cutelaba,Ricky Turcios,Kevin Natividad,Bantamweight,0,S-DEC,3,5:00
UFC Fight Night: Nzechukwu vs. Cutelaba,Vanessa Demopoulos,Maria Oliveira,Women's Strawweight,0,U-DEC,3,5:00
UFC Fight Night: Nzechukwu vs. Cutelaba,Brady Hiestand,Fernie Garcia,Bantamweight,0,U-DEC,3,5:00
UFC Fight Night: Nzechukwu vs. Cutelaba,Natalia Silva,Tereza Bleda,Women's Flyweight,0,KO/TKO Spinning Back Kick,3,1:27
UFC 281: Adesanya vs. Pereira,Alex Pereira,Israel Adesanya,Middleweight,1,KO/TKO Punches,5,2:01
UFC 281: Adesanya vs. Pereira,Zhang Weili,Carla Esparza,Women's Strawweight,1,SUB Rear Naked Choke,2,1:05
UFC 281: Adesanya vs. Pereira,Dustin Poirier,Michael Chandler,Lightweight,0,SUB Rear Naked Choke,3,2:00
UFC 281: Adesanya vs. Pereira,Chris Gutierrez,Frankie Edgar,Bantamweight,0,KO/TKO Knee,1,2:01
UFC 281: Adesanya vs. Pereira,Dan Hooker,Claudio Puelles,Lightweight,0,KO/TKO Kick,2,4:06
UFC 281: Adesanya vs. Pereira,Renato Moicano,Brad Riddell,Lightweight,0,SUB Rear Naked Choke,1,3:20
UFC 281: Adesanya vs. Pereira,Ryan Spann,Dominick Reyes,Light Heavyweight,0,KO/TKO Punch,1,1:20
UFC 281: Adesanya vs. Pereira,Erin Blanchfield,Molly McCann,Women's Flyweight,0,SUB Kimura,1,3:37
UFC 281: Adesanya vs. Pereira,Andre Petroski,Wellington Turman,Middleweight,0,U-DEC,3,5:00
UFC 281: Adesanya vs. Pereira,Matt Frevola,Ottman Azaitar,Lightweight,0,KO/TKO Punch,1,2:30
UFC 281: Adesanya vs. Pereira,Karolina Kowalkiewicz,Silvana Gomez Juarez,Women's Strawweight,0,U-DEC,3,5:00
UFC 281: Adesanya vs. Pereira,Michael Trizano,SeungWoo Choi,Featherweight,0,KO/TKO Punch,1,4:51
UFC 281: Adesanya vs. Pereira,Montel Jackson,Julio Arce,Bantamweight,0,U-DEC,3,5:00
UFC 281: Adesanya vs. Pereira,Carlos Ulberg,Nicolae Negumereanu,Light Heavyweight,0,KO/TKO Punch,1,3:44
UFC Fight Night: Rodriguez vs. Lemos,Amanda Lemos,Marina Rodriguez,Women's Strawweight,0,KO/TKO Punches,3,0:54
UFC Fight Night: Rodriguez vs. Lemos,Neil Magny,Daniel Rodriguez,Welterweight,0,SUB D'Arce Choke,3,3:33
UFC Fight Night: Rodriguez vs. Lemos,Shayilan Nuerdanbieke,Darrick Minner,Featherweight,0,KO/TKO Elbows,1,1:07
UFC Fight Night: Rodriguez vs. Lemos,Tagir Ulanbekov,Nate Maness,Flyweight,0,SUB Guillotine Choke,1,2:11
UFC Fight Night: Rodriguez vs. Lemos,Grant Dawson,Mark Madsen,Lightweight,0,SUB Rear Naked Choke,3,2:05
UFC Fight Night: Rodriguez vs. Lemos,Miranda Maverick,Shanna Young,Women's Flyweight,0,U-DEC,3,5:00
UFC Fight Night: Rodriguez vs. Lemos,Mario Bautista,Benito Lopez,Bantamweight,0,SUB Triangle Armbar,1,4:54
UFC Fight Night: Rodriguez vs. Lemos,Polyana Viana,Jinh Yu Frey,Women's Strawweight,0,KO/TKO Punches,1,0:47
UFC Fight Night: Rodriguez vs. Lemos,Johnny Munoz,Liudvik Sholinian,Bantamweight,0,U-DEC,3,5:00
UFC Fight Night: Rodriguez vs. Lemos,Jake Hadley,Carlos Candelario,Flyweight,0,SUB Triangle Choke,2,2:39
UFC Fight Night: Rodriguez vs. Lemos,Tamires Vidal,Ramona Pascual,Women's Bantamweight,0,KO/TKO Flying Knee,1,3:06
UFC Fight Night: Kattar vs. Allen,Arnold Allen,Calvin Kattar,Featherweight,0,KO/TKO,2,0:08
UFC Fight Night: Kattar vs. Allen,Max Griffin,Tim Means,Welterweight,0,S-DEC,3,5:00
UFC Fight Night: Kattar vs. Allen,Waldo Cortes Acosta,Jared Vanderaa,Heavyweight,0,U-DEC,3,5:00
UFC Fight Night: Kattar vs. Allen,Tresean Gore,Josh Fremd,Middleweight,0,SUB Guillotine Choke,2,0:49
UFC Fight Night: Kattar vs. Allen,Khalil Rountree Jr.,Dustin Jacoby,Light Heavyweight,0,S-DEC,3,5:00
UFC Fight Night: Kattar vs. Allen,Roman Dolidze,Phil Hawes,Middleweight,0,KO/TKO Punches,1,4:09
UFC Fight Night: Kattar vs. Allen,Marcos Rogerio de Lima,Andrei Arlovski,Heavyweight,0,SUB Rear Naked Choke,1,1:50
UFC Fight Night: Kattar vs. Allen,JunYong Park,Joseph Holmes,Middleweight,0,SUB Rear Naked Choke,2,3:04
UFC Fight Night: Kattar vs. Allen,Steve Garcia,Chase Hooper,Featherweight,0,KO/TKO Punches,1,1:32
UFC Fight Night: Kattar vs. Allen,Cody Durden,Carlos Mota,Flyweight,0,U-DEC,3,5:00
UFC Fight Night: Kattar vs. Allen,Christian Rodriguez,Joshua Weems,Bantamweight,0,SUB Anaconda Choke,1,4:07
UFC 280: Oliveira vs. Makhachev,Islam Makhachev,Charles Oliveira,Lightweight,1,SUB Arm Triangle,2,3:16
UFC 280: Oliveira vs. Makhachev,Aljamain Sterling,TJ Dillashaw,Bantamweight,1,KO/TKO Punches,2,3:44
UFC 280: Oliveira vs. Makhachev,Sean O'Malley,Petr Yan,Bantamweight,0,S-DEC,3,5:00
UFC 280: Oliveira vs. Makhachev,Beneil Dariush,Mateusz Gamrot,Lightweight,0,U-DEC,3,5:00
UFC 280: Oliveira vs. Makhachev,Manon Fiorot,Katlyn Cerminara,Women's Flyweight,0,U-DEC,3,5:00
UFC 280: Oliveira vs. Makhachev,Belal Muhammad,Sean Brady,Welterweight,0,KO/TKO Punches,2,4:47
UFC 280: Oliveira vs. Makhachev,Caio Borralho,Makhmud Muradov,Middleweight,0,U-DEC,3,5:00
UFC 280: Oliveira vs. Makhachev,Nikita Krylov,Volkan Oezdemir,Light Heavyweight,0,U-DEC,3,5:00
UFC 280: Oliveira vs. Makhachev,Abubakar Nurmagomedov,Gadzhi Omargadzhiev,Welterweight,0,U-DEC,3,5:00
UFC 280: Oliveira vs. Makhachev,Armen Petrosyan,AJ Dobson,Middleweight,0,U-DEC,3,5:00
UFC 280: Oliveira vs. Makhachev,Muhammad Mokaev,Malcolm Gordon,Flyweight,0,SUB Armbar,3,4:26
UFC 280: Oliveira vs. Makhachev,Karol Rosa,Lina Lansberg,Women's Bantamweight,0,M-DEC,3,5:00
UFC Fight Night: Grasso vs. Araujo,Alexa Grasso,Viviane Araujo,Women's Flyweight,0,U-DEC,5,5:00
UFC Fight Night: Grasso vs. Araujo,Jonathan Martinez,Cub Swanson,Bantamweight,0,KO/TKO Kick,2,4:19
UFC Fight Night: Grasso vs. Araujo,Dusko Todorovic,Jordan Wright,Middleweight,0,KO/TKO Elbows,2,3:12
UFC Fight Night: Grasso vs. Araujo,Raphael Assuncao,Victor Henry,Bantamweight,0,U-DEC,3,5:00
UFC Fight Night: Grasso vs. Araujo,Alonzo Menifield,Misha Cirkunov,Light Heavyweight,0,KO/TKO Punch,1,1:28
UFC Fight Night: Grasso vs. Araujo,Mana Martinez,Brandon Davis,Bantamweight,0,S-DEC,3,5:00
UFC Fight Night: Grasso vs. Araujo,Jacob Malkoun,Nick Maximov,Middleweight,0,U-DEC,3,5:00
UFC Fight Night: Grasso vs. Araujo,Joanderson Brito,Lucas Alexander,Featherweight,0,SUB Rear Naked Choke,1,2:02
UFC Fight Night: Grasso vs. Araujo,Piera Rodriguez,Sam Hughes,Women's Strawweight,0,U-DEC,3,5:00
UFC Fight Night: Grasso vs. Araujo,Tatsuro Taira,CJ Vergara,Flyweight,0,SUB Armbar,2,4:19
UFC Fight Night: Grasso vs. Araujo,Pete Rodriguez,Mike Jackson,Welterweight,0,KO/TKO Knee,1,1:33
UFC Fight Night: Dern vs. Yan,Yan Xiaonan,Mackenzie Dern,Women's Strawweight,0,M-DEC,5,5:00
UFC Fight Night: Dern vs. Yan,Randy Brown,Francisco Trinaldo,Welterweight,0,U-DEC,3,5:00
UFC Fight Night: Dern vs. Yan,Raoni Barcelos,Trevin Jones,Bantamweight,0,U-DEC,3,5:00
UFC Fight Night: Dern vs. Yan,Sodiq Yusuff,Don Shainis,Featherweight,0,SUB Guillotine Choke,1,0:30
UFC Fight Night: Dern vs. Yan,Mike Davis,Viacheslav Borshchev,Lightweight,0,U-DEC,3,5:00
UFC Fight Night: Dern vs. Yan,Daniel Santos,John Castaneda,Catch Weight,0,KO/TKO Knee,2,4:28
UFC Fight Night: Dern vs. Yan,Ilir Latifi,Aleksei Oleinik,Heavyweight,0,U-DEC,3,5:00
UFC Fight Night: Dern vs. Yan,Joaquim Silva,Jesse Ronson,Lightweight,0,KO/TKO Flying Knee,2,3:08
UFC Fight Night: Dern vs. Yan,Brendan Allen,Krzysztof Jotko,Middleweight,0,SUB Rear Naked Choke,1,4:17
UFC Fight Night: Dern vs. Yan,Chelsea Chandler,Julija Stoliarenko,Catch Weight,0,KO/TKO Punches,1,4:15
UFC Fight Night: Dern vs. Yan,Guido Cannetti,Randy Costa,Bantamweight,0,SUB Rear Naked Choke,1,1:04
UFC Fight Night: Sandhagen vs. Song,Cory Sandhagen,Song Yadong,Bantamweight,0,KO/TKO,4,5:00
UFC Fight Night: Sandhagen vs. Song,Gregory Rodrigues,Chidi Njokuani,Middleweight,0,KO/TKO Punches,2,1:27
UFC Fight Night: Sandhagen vs. Song,Andre Fili,Bill Algeo,Featherweight,0,S-DEC,3,5:00
UFC Fight Night: Sandhagen vs. Song,Joe Pyfer,Alen Amedovski,Middleweight,0,KO/TKO Punch,1,3:55
UFC Fight Night: Sandhagen vs. Song,Rodrigo Nascimento,Tanner Boser,Heavyweight,0,S-DEC,3,5:00
UFC Fight Night: Sandhagen vs. Song,Anthony Hernandez,Marc-Andre Barriault,Middleweight,0,SUB Arm Triangle,3,1:53
UFC Fight Night: Sandhagen vs. Song,Damon Jackson,Pat Sabatini,Featherweight,0,KO/TKO Punches,1,1:09
UFC Fight Night: Sandhagen vs. Song,Trevin Giles,Louis Cosce,Welterweight,0,U-DEC,3,5:00
UFC Fight Night: Sandhagen vs. Song,Loma Lookboonmee,Denise Gomes,Women's Strawweight,0,U-DEC,3,5:00
UFC Fight Night: Sandhagen vs. Song,Trey Ogden,Daniel Zellhuber,Lightweight,0,U-DEC,3,5:00
UFC Fight Night: Sandhagen vs. Song,Gillian Robertson,Mariya Agapova,Women's Flyweight,0,SUB Rear Naked Choke,2,2:19
UFC Fight Night: Sandhagen vs. Song,Javid Basharat,Tony Gravely,Bantamweight,0,U-DEC,3,5:00
UFC Fight Night: Sandhagen vs. Song,Nikolas Motta,Cameron VanCamp,Lightweight,0,KO/TKO Punch,1,3:49
UFC 279: Diaz vs. Ferguson,Nate Diaz,Tony Ferguson,Welterweight,0,SUB Guillotine Choke,4,2:52
UFC 279: Diaz vs. Ferguson,Khamzat Chimaev,Kevin Holland,Catch Weight,0,SUB D'Arce Choke,1,2:13
UFC 279: Diaz vs. Ferguson,Daniel Rodriguez,Li Jingliang,Catch Weight,0,S-DEC,3,5:00
UFC 279: Diaz vs. Ferguson,Irene Aldana,Macy Chiasson,Catch Weight,0,KO/TKO Kick,3,2:21
UFC 279: Diaz vs. Ferguson,Johnny Walker,Ion Cutelaba,Light Heavyweight,0,SUB Rear Naked Choke,1,4:37
UFC 279: Diaz vs. Ferguson,Julian Erosa,Hakeem Dawodu,Featherweight,0,U-DEC,3,5:00
UFC 279: Diaz vs. Ferguson,Jailton Almeida,Anton Turkalj,Catch Weight,0,SUB Rear Naked Choke,1,4:27
UFC 279: Diaz vs. Ferguson,Denis Tiuliulin,Jamie Pickett,Middleweight,0,KO/TKO Punches,2,4:52
UFC 279: Diaz vs. Ferguson,Chris Barnett,Jake Collier,Heavyweight,0,KO/TKO Punches,2,2:24
UFC 279: Diaz vs. Ferguson,Norma Dumont,Danyelle Wolf,Women's Featherweight,0,U-DEC,3,5:00
UFC 279: Diaz vs. Ferguson,Alatengheili,Chad Anheliger,Bantamweight,0,U-DEC,3,5:00
UFC 279: Diaz vs. Ferguson,Elise Reed,Melissa Martinez,Women's Strawweight,0,U-DEC,3,5:00
UFC 279: Diaz vs. Ferguson,Yohan Lainesse,Darian Weeks,Welterweight,0,S-DEC,3,5:00
UFC Fight Night: Gane vs. Tuivasa,Ciryl Gane,Tai Tuivasa,Heavyweight,0,KO/TKO Punches,3,4:23
UFC Fight Night: Gane vs. Tuivasa,Robert Whittaker,Marvin Vettori,Middleweight,0,U-DEC,3,5:00
UFC Fight Night: Gane vs. Tuivasa,Nassourdine Imavov,Joaquin Buckley,Middleweight,0,U-DEC,3,5:00
UFC Fight Night: Gane vs. Tuivasa,Roman Kopylov,Alessio Di Chirico,Middleweight,0,KO/TKO Punches,3,1:09
UFC Fight Night: Gane vs. Tuivasa,William Gomis,Jarno Errens,Featherweight,0,M-DEC,3,5:00
UFC Fight Night: Gane vs. Tuivasa,Nathaniel Wood,Charles Jourdain,Featherweight,0,U-DEC,3,5:00
UFC Fight Night: Gane vs. Tuivasa,Abus Magomedov,Dustin Stoltzfus,Middleweight,0,KO/TKO Punches,1,0:19
UFC Fight Night: Gane vs. Tuivasa,Nasrat Haqparast,John Makdessi,Lightweight,0,U-DEC,3,5:00
UFC Fight Night: Gane vs. Tuivasa,Fares Ziam,Michal Figlak,Lightweight,0,U-DEC,3,5:00
UFC Fight Night: Gane vs. Tuivasa,Benoit Saint Denis,Gabriel Miranda,Lightweight,0,KO/TKO Punch,2,0:16
UFC Fight Night: Gane vs. Tuivasa,Cristian Quinonez,Khalid Taha,Bantamweight,0,KO/TKO Punches,1,3:15
UFC Fight Night: Gane vs. Tuivasa,Stephanie Egger,Ailin Perez,Women's Featherweight,0,SUB Rear Naked Choke,2,4:54
UFC 278: Usman vs. Edwards,Leon Edwards,Kamaru Usman,Welterweight,1,KO/TKO Kick,5,4:04
UFC 278: Usman vs. Edwards,Paulo Costa,Luke Rockhold,Middleweight,0,U-DEC,3,5:00
UFC 278: Usman vs. Edwards,Merab Dvalishvili,Jose Aldo,Bantamweight,0,U-DEC,3,5:00
UFC 278: Usman vs. Edwards,Lucie Pudilova,Wu Yanan,Women's Bantamweight,0,KO/TKO Elbows,2,4:04
UFC 278: Usman vs. Edwards,Tyson Pedro,Harry Hunsucker,Light Heavyweight,0,KO/TKO Kick,1,1:05
UFC 278: Usman vs. Edwards,Marcin Tybura,Alexandr Romanov,Heavyweight,0,M-DEC,3,5:00
UFC 278: Usman vs. Edwards,Jared Gordon,Leonardo Santos,Lightweight,0,U-DEC,3,5:00
UFC 278: Usman vs. Edwards,Sean Woodson,Luis Saldana,Featherweight,0,S-DEC,3,5:00
UFC 278: Usman vs. Edwards,Ange Loosa,AJ Fletcher,Welterweight,0,U-DEC,3,5:00
UFC 278: Usman vs. Edwards,Amir Albazi,Francisco Figueiredo,Flyweight,0,SUB Rear Naked Choke,1,4:34
UFC 278: Usman vs. Edwards,Aoriqileng,Jay Perrin,Bantamweight,0,U-DEC,3,5:00
UFC 278: Usman vs. Edwards,Victor Altamirano,Daniel Lacerda,Flyweight,0,KO/TKO Punches,1,3:39
UFC Fight Night: Vera vs. Cruz,Marlon Vera,Dominick Cruz,Bantamweight,0,KO/TKO Kick,4,2:17
UFC Fight Night: Vera vs. Cruz,Nate Landwehr,David Onama,Featherweight,0,M-DEC,3,5:00
UFC Fight Night: Vera vs. Cruz,Yazmin Jauregui,Iasmin Lucindo,Women's Strawweight,0,U-DEC,3,5:00
UFC Fight Night: Vera vs. Cruz,Azamat Murzakanov,Devin Clark,Light Heavyweight,0,KO/TKO Punch,3,1:18
UFC Fight Night: Vera vs. Cruz,Priscila Cachoeira,Ariane da Silva,Women's Bantamweight,0,KO/TKO Punches,1,1:05
UFC Fight Night: Vera vs. Cruz,Gerald Meerschaert,Bruno Silva,Middleweight,0,SUB Guillotine Choke,3,1:39
UFC Fight Night: Vera vs. Cruz,Angela Hill,Loopy Godinez,Catch Weight,0,U-DEC,3,5:00
UFC Fight Night: Vera vs. Cruz,Martin Buday,Lukasz Brzeski,Heavyweight,0,S-DEC,3,5:00
UFC Fight Night: Vera vs. Cruz,Nina Nunes,Cynthia Calvillo,Women's Flyweight,0,S-DEC,3,5:00
UFC Fight Night: Vera vs. Cruz,Gabriel Benitez,Charlie Ontiveros,Lightweight,0,KO/TKO Punches,1,3:33
UFC Fight Night: Vera vs. Cruz,Tyson Nam,Ode Osbourne,Flyweight,0,KO/TKO Punch,1,2:59
UFC Fight Night: Vera vs. Cruz,Josh Quinlan,Jason Witt,Catch Weight,0,KO/TKO Punch,1,2:09
UFC Fight Night: Vera vs. Cruz,Youssef Zalal,Da'Mon Blackshear,Bantamweight,0,M-DEC,3,5:00
UFC Fight Night: Santos vs. Hill,Jamahal Hill,Thiago Santos,Light Heavyweight,0,KO/TKO Elbows,4,2:31
UFC Fight Night: Santos vs. Hill,Geoff Neal,Vicente Luque,Welterweight,0,KO/TKO Punches,3,2:01
UFC Fight Night: Santos vs. Hill,Mohammed Usman,Zac Pauga,Heavyweight,0,KO/TKO Punch,2,0:36
UFC Fight Night: Santos vs. Hill,Juliana Miller,Brogan Walker,Women's Flyweight,0,KO/TKO Elbows,3,3:57
UFC Fight Night: Santos vs. Hill,Serghei Spivac,Augusto Sakai,Heavyweight,0,KO/TKO Punches,2,3:42
UFC Fight Night: Santos vs. Hill,Terrance McKinney,Erick Gonzalez,Lightweight,0,SUB Rear Naked Choke,1,2:17
UFC Fight Night: Santos vs. Hill,Michal Oleksiejczuk,Sam Alvey,Middleweight,0,KO/TKO Punch,1,1:56
UFC Fight Night: Santos vs. Hill,Bryan Battle,Takashi Sato,Welterweight,0,KO/TKO Kick,1,0:44
UFC Fight Night: Santos vs. Hill,Cory McKenna,Miranda Granger,Women's Strawweight,0,SUB Von Flue Choke,2,1:03
UFC Fight Night: Santos vs. Hill,Mayra Bueno Silva,Stephanie Egger,Women's Bantamweight,0,SUB Armbar,1,1:17
UFC 277: Pena vs. Nunes 2,Amanda Nunes,Julianna Pena,Women's Bantamweight,1,U-DEC,5,5:00
UFC 277: Pena vs. Nunes 2,Brandon Moreno,Kai Kara-France,Flyweight,1,KO/TKO Kick,3,4:34
UFC 277: Pena vs. Nunes 2,Sergei Pavlovich,Derrick Lewis,Heavyweight,0,KO/TKO Punches,1,0:55
UFC 277: Pena vs. Nunes 2,Alexandre Pantoja,Alex Perez,Flyweight,0,SUB Neck Crank,1,1:31
UFC 277: Pena vs. Nunes 2,Magomed Ankalaev,Anthony Smith,Light Heavyweight,0,KO/TKO Punches,2,3:09
UFC 277: Pena vs. Nunes 2,Alex Morono,Matthew Semelsberger,Welterweight,0,U-DEC,3,5:00
UFC 277: Pena vs. Nunes 2,Drew Dober,Rafael Alves,Lightweight,0,KO/TKO Punch,3,1:30
UFC 277: Pena vs. Nunes 2,Don'Tale Mayes,Hamdy Abdelwahab,Heavyweight,0,Overturned,3,5:00
UFC 277: Pena vs. Nunes 2,Drakkar Klose,Rafa Garcia,Lightweight,0,U-DEC,3,5:00
UFC 277: Pena vs. Nunes 2,Michael Morales,Adam Fugitt,Welterweight,0,KO/TKO Punch,3,1:09
UFC 277: Pena vs. Nunes 2,Joselyne Edwards,Ji Yeon Kim,Women's Bantamweight,0,S-DEC,3,5:00
UFC 277: Pena vs. Nunes 2,Nicolae Negumereanu,Ihor Potieria,Light Heavyweight,0,KO/TKO Knees,2,3:33
UFC 277: Pena vs. Nunes 2,Orion Cosce,Blood Diamond,Welterweight,0,U-DEC,3,5:00
UFC Fight Night: Blaydes vs. Aspinall,Curtis Blaydes,Tom Aspinall,Heavyweight,0,KO/TKO,1,0:15
UFC Fight Night: Blaydes vs. Aspinall,Jack Hermansson,Chris Curtis,Middleweight,0,U-DEC,3,5:00
UFC Fight Night: Blaydes vs. Aspinall,Paddy Pimblett,Jordan Leavitt,Lightweight,0,SUB Rear Naked Choke,2,2:46
UFC Fight Night: Blaydes vs. Aspinall,Nikita Krylov,Alexander Gustafsson,Light Heavyweight,0,KO/TKO Punch,1,1:07
UFC Fight Night: Blaydes vs. Aspinall,Molly McCann,Hannah Goldy,Women's Flyweight,0,KO/TKO Spinning Back Elbow,1,3:52
UFC Fight Night: Blaydes vs. Aspinall,Volkan Oezdemir,Paul Craig,Light Heavyweight,0,U-DEC,3,5:00
UFC Fight Night: Blaydes vs. Aspinall,Ludovit Klein,Mason Jones,Lightweight,0,U-DEC,3,5:00
UFC Fight Night: Blaydes vs. Aspinall,Marc Diakiese,Damir Hadzovic,Lightweight,0,U-DEC,3,5:00
UFC Fight Night: Blaydes vs. Aspinall,Nathaniel Wood,Charles Rosa,Featherweight,0,U-DEC,3,5:00
UFC Fight Night: Blaydes vs. Aspinall,Jonathan Pearce,Makwan Amirkhani,Featherweight,0,KO/TKO Punches,2,4:10
UFC Fight Night: Blaydes vs. Aspinall,Muhammad Mokaev,Charles Johnson,Flyweight,0,U-DEC,3,5:00
UFC Fight Night: Blaydes vs. Aspinall,Jai Herbert,Kyle Nelson,Lightweight,0,U-DEC,3,5:00
UFC Fight Night: Blaydes vs. Aspinall,Victoria Leonardo,Mandy Bohm,Women's Flyweight,0,U-DEC,3,5:00
UFC Fight Night: Blaydes vs. Aspinall,Nicolas Dalby,Claudio Silva,Welterweight,0,U-DEC,3,5:00
UFC Fight Night: Ortega vs. Rodriguez,Yair Rodriguez,Brian Ortega,Featherweight,0,KO/TKO,1,4:11
UFC Fight Night: Ortega vs. Rodriguez,Amanda Lemos,Michelle Waterson-Gomez,Women's Strawweight,0,SUB Guillotine Choke,2,1:48
UFC Fight Night: Ortega vs. Rodriguez,Li Jingliang,Muslim Salikhov,Welterweight,0,KO/TKO Punches,2,4:38
UFC Fight Night: Ortega vs. Rodriguez,Matt Schnell,Sumudaerji,Flyweight,0,SUB Triangle Choke,2,4:24
UFC Fight Night: Ortega vs. Rodriguez,Shane Burgos,Charles Jourdain,Featherweight,0,M-DEC,3,5:00
UFC Fight Night: Ortega vs. Rodriguez,Lauren Murphy,Miesha Tate,Women's Flyweight,0,U-DEC,3,5:00
UFC Fight Night: Ortega vs. Rodriguez,Punahele Soriano,Dalcha Lungiambula,Middleweight,0,KO/TKO Punch,2,0:28
UFC Fight Night: Ortega vs. Rodriguez,Ricky Simon,Jack Shore,Bantamweight,0,SUB Arm Triangle,2,3:28
UFC Fight Night: Ortega vs. Rodriguez,Bill Algeo,Herbert Burns,Featherweight,0,KO/TKO,2,1:50
UFC Fight Night: Ortega vs. Rodriguez,Dustin Jacoby,Da Woon Jung,Light Heavyweight,0,KO/TKO Punch,1,3:13
UFC Fight Night: Ortega vs. Rodriguez,Dustin Stoltzfus,Dwight Grant,Middleweight,0,U-DEC,3,5:00
UFC Fight Night: Ortega vs. Rodriguez,Emily Ducote,Jessica Penne,Women's Strawweight,0,U-DEC,3,5:00
UFC Fight Night: Dos Anjos vs. Fiziev,Rafael Fiziev,Rafael Dos Anjos,Lightweight,0,KO/TKO Punch,5,0:18
UFC Fight Night: Dos Anjos vs. Fiziev,Caio Borralho,Armen Petrosyan,Middleweight,0,U-DEC,3,5:00
UFC Fight Night: Dos Anjos vs. Fiziev,Said Nurmagomedov,Douglas Silva de Andrade,Bantamweight,0,U-DEC,3,5:00
UFC Fight Night: Dos Anjos vs. Fiziev,Chase Sherman,Jared Vanderaa,Heavyweight,0,KO/TKO Punches,3,3:10
UFC Fight Night: Dos Anjos vs. Fiziev,Aiemann Zahabi,Ricky Turcios,Bantamweight,0,U-DEC,3,5:00
UFC Fight Night: Dos Anjos vs. Fiziev,Jamie Mullarkey,Michael Johnson,Lightweight,0,S-DEC,3,5:00
UFC Fight Night: Dos Anjos vs. Fiziev,Cody Brundage,Tresean Gore,Middleweight,0,KO/TKO Punch,1,3:50
UFC Fight Night: Dos Anjos vs. Fiziev,Antonina Shevchenko,Cortney Casey,Women's Flyweight,0,S-DEC,3,5:00
UFC Fight Night: Dos Anjos vs. Fiziev,David Onama,Garrett Armfield,Featherweight,0,SUB Arm Triangle,2,3:13
UFC Fight Night: Dos Anjos vs. Fiziev,Kennedy Nzechukwu,Karl Roberson,Light Heavyweight,0,KO/TKO Elbows,3,2:19
UFC Fight Night: Dos Anjos vs. Fiziev,Saidyokub Kakhramonov,Ronnie Lawrence,Bantamweight,0,U-DEC,3,5:00
UFC 276: Adesanya vs. Cannonier,Israel Adesanya,Jared Cannonier,Middleweight,1,U-DEC,5,5:00
UFC 276: Adesanya vs. Cannonier,Alexander Volkanovski,Max Holloway,Featherweight,1,U-DEC,5,5:00
UFC 276: Adesanya vs. Cannonier,Alex Pereira,Sean Strickland,Middleweight,0,KO/TKO Punches,1,2:36
UFC 276: Adesanya vs. Cannonier,Bryan Barberena,Robbie Lawler,Welterweight,0,KO/TKO Punches,2,4:47
UFC 276: Adesanya vs. Cannonier,Pedro Munhoz,Sean O'Malley,Bantamweight,0,CNC,2,3:09
UFC 276: Adesanya vs. Cannonier,Jalin Turner,Brad Riddell,Lightweight,0,SUB Guillotine Choke,1,0:45
UFC 276: Adesanya vs. Cannonier,Jim Miller,Donald Cerrone,Welterweight,0,SUB Guillotine Choke,2,1:32
UFC 276: Adesanya vs. Cannonier,Ian Machado Garry,Gabe Green,Welterweight,0,U-DEC,3,5:00
UFC 276: Adesanya vs. Cannonier,Dricus Du Plessis,Brad Tavares,Middleweight,0,U-DEC,3,5:00
UFC 276: Adesanya vs. Cannonier,Andre Muniz,Uriah Hall,Middleweight,0,U-DEC,3,5:00
UFC 276: Adesanya vs. Cannonier,Maycee Barber,Jessica Eye,Women's Flyweight,0,U-DEC,3,5:00
UFC 276: Adesanya vs. Cannonier,Julija Stoliarenko,Jessica-Rose Clark,Women's Bantamweight,0,SUB Armbar,1,0:42
UFC Fight Night: Tsarukyan vs. Gamrot,Mateusz Gamrot,Arman Tsarukyan,Lightweight,0,U-DEC,5,5:00
UFC Fight Night: Tsarukyan vs. Gamrot,Shavkat Rakhmonov,Neil Magny,Welterweight,0,SUB Guillotine Choke,2,4:58
UFC Fight Night: Tsarukyan vs. Gamrot,Josh Parisian,Alan Baudot,Heavyweight,0,KO/TKO Punches,2,3:04
UFC Fight Night: Tsarukyan vs. Gamrot,Thiago Moises,Christos Giagos,Lightweight,0,SUB Rear Naked Choke,1,3:05
UFC Fight Night: Tsarukyan vs. Gamrot,Umar Nurmagomedov,Nate Maness,Bantamweight,0,U-DEC,3,5:00
UFC Fight Night: Tsarukyan vs. Gamrot,Chris Curtis,Rodolfo Vieira,Middleweight,0,U-DEC,3,5:00
UFC Fight Night: Tsarukyan vs. Gamrot,Carlos Ulberg,Tafon Nchukwi,Light Heavyweight,0,KO/TKO Punches,1,1:15
UFC Fight Night: Tsarukyan vs. Gamrot,Shayilan Nuerdanbieke,TJ Brown,Featherweight,0,U-DEC,3,5:00
UFC Fight Night: Tsarukyan vs. Gamrot,Sergey Morozov,Raulian Paiva,Bantamweight,0,U-DEC,3,5:00
UFC Fight Night: Tsarukyan vs. Gamrot,Cody Durden,JP Buys,Flyweight,0,KO/TKO Punch,1,1:08
UFC Fight Night: Tsarukyan vs. Gamrot,Mario Bautista,Brian Kelleher,Bantamweight,0,SUB Rear Naked Choke,1,2:27
UFC Fight Night: Tsarukyan vs. Gamrot,Vanessa Demopoulos,Jinh Yu Frey,Women's Strawweight,0,S-DEC,3,5:00
UFC Fight Night: Kattar vs. Emmett,Josh Emmett,Calvin Kattar,Featherweight,0,S-DEC,5,5:00
UFC Fight Night: Kattar vs. Emmett,Kevin Holland,Tim Means,Welterweight,0,SUB D'Arce Choke,2,1:28
UFC Fight Night: Kattar vs. Emmett,Joaquin Buckley,Albert Duraev,Middleweight,0,KO/TKO,2,5:00
UFC Fight Night: Kattar vs. Emmett,Damir Ismagulov,Guram Kutateladze,Lightweight,0,S-DEC,3,5:00
UFC Fight Night: Kattar vs. Emmett,Gregory Rodrigues,Julian Marquez,Middleweight,0,KO/TKO Punch,1,3:18
UFC Fight Night: Kattar vs. Emmett,Adrian Yanez,Tony Kelley,Bantamweight,0,KO/TKO Punches,1,3:49
UFC Fight Night: Kattar vs. Emmett,Natalia Silva,Jasmine Jasudavicius,Women's Flyweight,0,U-DEC,3,5:00
UFC Fight Night: Kattar vs. Emmett,Jeremiah Wells,Court McGee,Welterweight,0,KO/TKO Punch,1,1:34
UFC Fight Night: Kattar vs. Emmett,Ricardo Ramos,Danny Chavez,Featherweight,0,KO/TKO Spinning Back Elbow,1,1:12
UFC Fight Night: Kattar vs. Emmett,Maria Oliveira,Gloria de Paula,Women's Strawweight,0,S-DEC,3,5:00
UFC Fight Night: Kattar vs. Emmett,Cody Stamann,Eddie Wineland,Bantamweight,0,KO/TKO Punches,1,0:59
UFC Fight Night: Kattar vs. Emmett,Phil Hawes,Deron Winn,Middleweight,0,KO/TKO Elbows,2,4:25
UFC Fight Night: Kattar vs. Emmett,Roman Dolidze,Kyle Daukaus,Middleweight,0,KO/TKO Knee,1,1:13
UFC 275: Teixeira vs. Prochazka,Jiri Prochazka,Glover Teixeira,Light Heavyweight,1,SUB Rear Naked Choke,5,4:32
UFC 275: Teixeira vs. Prochazka,Valentina Shevchenko,Taila Santos,Women's Flyweight,1,S-DEC,5,5:00
UFC 275: Teixeira vs. Prochazka,Zhang Weili,Joanna Jedrzejczyk,Women's Strawweight,0,KO/TKO Spinning Back Fist,2,2:28
UFC 275: Teixeira vs. Prochazka,Jake Matthews,Andre Fialho,Welterweight,0,KO/TKO Punch,2,2:24
UFC 275: Teixeira vs. Prochazka,Jack Della Maddalena,Ramazan Emeev,Welterweight,0,KO/TKO Punch,1,2:32
UFC 275: Teixeira vs. Prochazka,Josh Culibao,SeungWoo Choi,Featherweight,0,S-DEC,3,5:00
UFC 275: Teixeira vs. Prochazka,Maheshate,Steve Garcia,Lightweight,0,KO/TKO Punch,1,1:14
UFC 275: Teixeira vs. Prochazka,Brendan Allen,Jacob Malkoun,Middleweight,0,U-DEC,3,5:00
UFC 275: Teixeira vs. Prochazka,Kyung Ho Kang,Batgerel Danaa,Bantamweight,0,U-DEC,3,5:00
UFC 275: Teixeira vs. Prochazka,Silvana Gomez Juarez,Liang Na,Women's Strawweight,0,KO/TKO Punches,1,1:22
UFC 275: Teixeira vs. Prochazka,Joselyne Edwards,Ramona Pascual,Women's Featherweight,0,U-DEC,3,5:00
UFC Fight Night: Volkov vs. Rozenstruik,Alexander Volkov,Jairzinho Rozenstruik,Heavyweight,0,KO/TKO Punches,1,2:12
UFC Fight Night: Volkov vs. Rozenstruik,Movsar Evloev,Dan Ige,Featherweight,0,U-DEC,3,5:00
UFC Fight Night: Volkov vs. Rozenstruik,Lucas Almeida,Michael Trizano,Featherweight,0,KO/TKO Punches,3,0:55
UFC Fight Night: Volkov vs. Rozenstruik,Karine Silva,Poliana Botelho,Women's Flyweight,0,SUB D'Arce Choke,1,4:55
UFC Fight Night: Volkov vs. Rozenstruik,Ode Osbourne,Zarrukh Adashev,Flyweight,0,KO/TKO Punch,1,1:01
UFC Fight Night: Volkov vs. Rozenstruik,Alonzo Menifield,Askar Mozharov,Light Heavyweight,0,KO/TKO Elbows,1,4:40
UFC Fight Night: Volkov vs. Rozenstruik,Karolina Kowalkiewicz,Felice Herrig,Women's Strawweight,0,SUB Rear Naked Choke,2,4:01
UFC Fight Night: Volkov vs. Rozenstruik,Joe Solecki,Alex Da Silva,Lightweight,0,M-DEC,3,5:00
UFC Fight Night: Volkov vs. Rozenstruik,Damon Jackson,Dan Argueta,Featherweight,0,U-DEC,3,5:00
UFC Fight Night: Volkov vs. Rozenstruik,Benoit Saint Denis,Niklas Stolze,Lightweight,0,SUB Rear Naked Choke,2,1:32
UFC Fight Night: Volkov vs. Rozenstruik,Tony Gravely,Johnny Munoz,Bantamweight,0,KO/TKO Punch,1,1:08
UFC Fight Night: Volkov vs. Rozenstruik,Jeff Molina,Zhalgas Zhumagulov,Flyweight,0,S-DEC,3,5:00
UFC Fight Night: Volkov vs. Rozenstruik,Rinat Fakhretdinov,Andreas Michailidis,Welterweight,0,U-DEC,3,5:00
UFC Fight Night: Volkov vs. Rozenstruik,Erin Blanchfield,JJ Aldrich,Women's Flyweight,0,SUB Guillotine Choke,2,2:38
UFC Fight Night: Holm vs. Vieira,Ketlen Vieira,Holly Holm,Women's Bantamweight,0,S-DEC,5,5:00
UFC Fight Night: Holm vs. Vieira,Michel Pereira,Santiago Ponzinibbio,Welterweight,0,S-DEC,3,5:00
UFC Fight Night: Holm vs. Vieira,Chidi Njokuani,Dusko Todorovic,Middleweight,0,KO/TKO Elbow,1,4:48
UFC Fight Night: Holm vs. Vieira,Tabatha Ricci,Polyana Viana,Women's Strawweight,0,U-DEC,3,5:00
UFC Fight Night: Holm vs. Vieira,JunYong Park,Eryk Anders,Middleweight,0,S-DEC,3,5:00
UFC Fight Night: Holm vs. Vieira,Joseph Holmes,Alen Amedovski,Middleweight,0,SUB Rear Naked Choke,1,1:04
UFC Fight Night: Holm vs. Vieira,Jailton Almeida,Parker Porter,Heavyweight,0,SUB Rear Naked Choke,1,4:35
UFC Fight Night: Holm vs. Vieira,Uros Medic,Omar Morales,Lightweight,0,KO/TKO Punch,2,3:05
UFC Fight Night: Holm vs. Vieira,Jonathan Martinez,Vince Morales,Bantamweight,0,U-DEC,3,5:00
UFC Fight Night: Holm vs. Vieira,Chase Hooper,Felipe Colares,Featherweight,0,KO/TKO Punches,3,3:00
UFC Fight Night: Holm vs. Vieira,Sam Hughes,Elise Reed,Women's Strawweight,0,KO/TKO Elbows,3,3:52
UFC Fight Night: Blachowicz vs. Rakic,Jan Blachowicz,Aleksandar Rakic,Light Heavyweight,0,KO/TKO,3,1:11
UFC Fight Night: Blachowicz vs. Rakic,Ryan Spann,Ion Cutelaba,Light Heavyweight,0,SUB Guillotine Choke,1,2:22
UFC Fight Night: Blachowicz vs. Rakic,Davey Grant,Louis Smolka,Bantamweight,0,KO/TKO Punches,3,0:49
UFC Fight Night: Blachowicz vs. Rakic,Katlyn Cerminara,Amanda Ribas,Women's Flyweight,0,S-DEC,3,5:00
UFC Fight Night: Blachowicz vs. Rakic,Manuel Torres,Frank Camacho,Lightweight,0,KO/TKO Punches,1,3:27
UFC Fight Night: Blachowicz vs. Rakic,Allan Nascimento,Jake Hadley,Flyweight,0,U-DEC,3,5:00
UFC Fight Night: Blachowicz vs. Rakic,Viviane Araujo,Andrea Lee,Women's Flyweight,0,U-DEC,3,5:00
UFC Fight Night: Blachowicz vs. Rakic,Michael Johnson,Alan Patrick,Lightweight,0,KO/TKO Punch,2,3:22
UFC Fight Night: Blachowicz vs. Rakic,Virna Jandiroba,Angela Hill,Women's Strawweight,0,U-DEC,3,5:00
UFC Fight Night: Blachowicz vs. Rakic,Tatsuro Taira,Carlos Candelario,Flyweight,0,U-DEC,3,5:00
UFC Fight Night: Blachowicz vs. Rakic,Andre Petroski,Nick Maximov,Middleweight,0,SUB Anaconda Choke,1,1:16
UFC 274: Oliveira vs. Gaethje,Charles Oliveira,Justin Gaethje,Lightweight,0,SUB Rear Naked Choke,1,3:22
UFC 274: Oliveira vs. Gaethje,Carla Esparza,Rose Namajunas,Women's Strawweight,1,S-DEC,5,5:00
UFC 274: Oliveira vs. Gaethje,Michael Chandler,Tony Ferguson,Lightweight,0,KO/TKO Kick,2,0:17
UFC 274: Oliveira vs. Gaethje,Ovince Saint Preux,Mauricio Rua,Light Heavyweight,0,S-DEC,3,5:00
UFC 274: Oliveira vs. Gaethje,Randy Brown,Khaos Williams,Welterweight,0,S-DEC,3,5:00
UFC 274: Oliveira vs. Gaethje,Francisco Trinaldo,Danny Roberts,Welterweight,0,U-DEC,3,5:00
UFC 274: Oliveira vs. Gaethje,Macy Chiasson,Norma Dumont,Women's Featherweight,0,S-DEC,3,5:00
UFC 274: Oliveira vs. Gaethje,Brandon Royval,Matt Schnell,Flyweight,0,SUB Guillotine Choke,1,2:14
UFC 274: Oliveira vs. Gaethje,Blagoy Ivanov,Marcos Rogerio de Lima,Heavyweight,0,U-DEC,3,5:00
UFC 274: Oliveira vs. Gaethje,Andre Fialho,Cameron VanCamp,Welterweight,0,KO/TKO Punch,1,2:35
UFC 274: Oliveira vs. Gaethje,Tracy Cortez,Melissa Gatto,Women's Flyweight,0,U-DEC,3,5:00
UFC 274: Oliveira vs. Gaethje,CJ Vergara,Kleydson Rodrigues,Flyweight,0,S-DEC,3,5:00
UFC 274: Oliveira vs. Gaethje,Loopy Godinez,Ariane Carnelossi,Women's Strawweight,0,U-DEC,3,5:00
UFC 274: Oliveira vs. Gaethje,Journey Newson,Fernie Garcia,Bantamweight,0,U-DEC,3,5:00
UFC Fight Night: Font vs. Vera,Marlon Vera,Rob Font,Bantamweight,0,U-DEC,5,5:00
UFC Fight Night: Font vs. Vera,Andrei Arlovski,Jake Collier,Heavyweight,0,S-DEC,3,5:00
UFC Fight Night: Font vs. Vera,Joanderson Brito,Andre Fili,Featherweight,0,KO/TKO Punch,1,0:41
UFC Fight Night: Font vs. Vera,Grant Dawson,Jared Gordon,Lightweight,0,SUB Rear Naked Choke,3,4:11
UFC Fight Night: Font vs. Vera,Darren Elkins,Tristan Connelly,Featherweight,0,U-DEC,3,5:00
UFC Fight Night: Font vs. Vera,Krzysztof Jotko,Gerald Meerschaert,Middleweight,0,U-DEC,3,5:00
UFC Fight Night: Font vs. Vera,Alexandr Romanov,Chase Sherman,Heavyweight,0,SUB Keylock,1,2:11
UFC Fight Night: Font vs. Vera,Francisco Figueiredo,Daniel Lacerda,Flyweight,0,SUB Kneebar,1,1:18
UFC Fight Night: Font vs. Vera,Gabe Green,Yohan Lainesse,Welterweight,0,KO/TKO Punches,2,4:02
UFC Fight Night: Font vs. Vera,Natan Levy,Mike Breeden,Lightweight,0,U-DEC,3,5:00
UFC Fight Night: Font vs. Vera,Shanna Young,Gina Mazany,Women's Flyweight,0,KO/TKO Punches,2,3:11
UFC Fight Night: Lemos vs. Andrade,Jessica Andrade,Amanda Lemos,Women's Strawweight,0,SUB Arm Triangle,1,3:13
UFC Fight Night: Lemos vs. Andrade,Claudio Puelles,Clay Guida,Lightweight,0,SUB Kneebar,1,3:01
UFC Fight Night: Lemos vs. Andrade,Maycee Barber,Montana De La Rosa,Women's Flyweight,0,U-DEC,3,5:00
UFC Fight Night: Lemos vs. Andrade,Charles Jourdain,Lando Vannata,Featherweight,0,SUB Guillotine Choke,1,2:32
UFC Fight Night: Lemos vs. Andrade,Marc-Andre Barriault,Jordan Wright,Catch Weight,0,SUB Guillotine Choke,1,2:36
UFC Fight Night: Lemos vs. Andrade,Sergey Khandozhko,Dwight Grant,Welterweight,0,KO/TKO Punches,2,4:15
UFC Fight Night: Lemos vs. Andrade,Tyson Pedro,Ike Villanueva,Light Heavyweight,0,KO/TKO Punches,1,4:55
UFC Fight Night: Lemos vs. Andrade,Aoriqileng,Cameron Else,Bantamweight,0,KO/TKO Punches,1,2:48
UFC Fight Night: Lemos vs. Andrade,Preston Parsons,Evan Elder,Welterweight,0,U-DEC,3,5:00
UFC Fight Night: Lemos vs. Andrade,Philipe Lins,Marcin Prachnio,Light Heavyweight,0,U-DEC,3,5:00
UFC Fight Night: Lemos vs. Andrade,Mike Jackson,Dean Barry,Welterweight,0,DQ,1,3:52
UFC Fight Night: Luque vs. Muhammad,Belal Muhammad,Vicente Luque,Welterweight,0,U-DEC,5,5:00
UFC Fight Night: Luque vs. Muhammad,Caio Borralho,Gadzhi Omargadzhiev,Middleweight,0,U-DEC,3,3:56
UFC Fight Night: Luque vs. Muhammad,Andre Fialho,Miguel Baeza,Welterweight,0,KO/TKO Punches,1,4:39
UFC Fight Night: Luque vs. Muhammad,Mayra Bueno Silva,Wu Yanan,Women's Bantamweight,0,U-DEC,3,5:00
UFC Fight Night: Luque vs. Muhammad,Pat Sabatini,TJ Laramie,Featherweight,0,U-DEC,3,5:00
UFC Fight Night: Luque vs. Muhammad,Mounir Lazzez,Ange Loosa,Welterweight,0,U-DEC,3,5:00
UFC Fight Night: Luque vs. Muhammad,Devin Clark,William Knight,Heavyweight,0,KO/TKO Punches,3,3:21
UFC Fight Night: Luque vs. Muhammad,Pannie Kianzad,Lina Lansberg,Women's Bantamweight,0,U-DEC,3,5:00
UFC Fight Night: Luque vs. Muhammad,Drakkar Klose,Brandon Jenkins,Lightweight,0,KO/TKO Punches,2,0:33
UFC Fight Night: Luque vs. Muhammad,Rafa Garcia,Jesse Ronson,Lightweight,0,SUB Rear Naked Choke,2,4:50
UFC Fight Night: Luque vs. Muhammad,Martin Buday,Chris Barnett,Heavyweight,0,U-DEC,3,1:38
UFC Fight Night: Luque vs. Muhammad,Jordan Leavitt,Trey Ogden,Lightweight,0,S-DEC,3,5:00
UFC Fight Night: Luque vs. Muhammad,Sam Hughes,Istela Nunes,Women's Strawweight,0,M-DEC,3,5:00
UFC Fight Night: Luque vs. Muhammad,Alatengheili,Kevin Croom,Bantamweight,0,KO/TKO Punches,1,0:47
UFC 273: Volkanovski vs. The Korean Zombie,Alexander Volkanovski,Chan Sung Jung,Featherweight,1,KO/TKO Punches,4,0:45
UFC 273: Volkanovski vs. The Korean Zombie,Aljamain Sterling,Petr Yan,Bantamweight,1,S-DEC,5,5:00
UFC 273: Volkanovski vs. The Korean Zombie,Khamzat Chimaev,Gilbert Burns,Welterweight,0,U-DEC,3,5:00
UFC 273: Volkanovski vs. The Korean Zombie,Mackenzie Dern,Tecia Pennington,Women's Strawweight,0,S-DEC,3,5:00
UFC 273: Volkanovski vs. The Korean Zombie,Mark Madsen,Vinc Pichel,Lightweight,0,U-DEC,3,5:00
UFC 273: Volkanovski vs. The Korean Zombie,Ian Machado Garry,Darian Weeks,Welterweight,0,U-DEC,3,5:00
UFC 273: Volkanovski vs. The Korean Zombie,Anthony Hernandez,Josh Fremd,Middleweight,0,U-DEC,3,5:00
UFC 273: Volkanovski vs. The Korean Zombie,Raquel Pennington,Aspen Ladd,Women's Bantamweight,0,U-DEC,3,5:00
UFC 273: Volkanovski vs. The Korean Zombie,Mike Malott,Mickey Gall,Welterweight,0,KO/TKO Punch,1,3:41
UFC 273: Volkanovski vs. The Korean Zombie,Aleksei Oleinik,Jared Vanderaa,Heavyweight,0,SUB Scarf Hold,1,3:39
UFC 273: Volkanovski vs. The Korean Zombie,Piera Rodriguez,Kay Hansen,Women's Strawweight,0,U-DEC,3,5:00
UFC 273: Volkanovski vs. The Korean Zombie,Julio Arce,Daniel Santos,Bantamweight,0,U-DEC,3,5:00
UFC Fight Night: Blaydes vs. Daukaus,Curtis Blaydes,Chris Daukaus,Heavyweight,0,KO/TKO Punch,2,0:17
UFC Fight Night: Blaydes vs. Daukaus,Alexa Grasso,Joanne Wood,Women's Flyweight,0,SUB Rear Naked Choke,1,3:57
UFC Fight Night: Blaydes vs. Daukaus,Bryan Barberena,Matt Brown,Welterweight,0,S-DEC,3,5:00
UFC Fight Night: Blaydes vs. Daukaus,Kai Kara-France,Askar Askarov,Flyweight,0,U-DEC,3,5:00
UFC Fight Night: Blaydes vs. Daukaus,Neil Magny,Max Griffin,Welterweight,0,S-DEC,3,5:00
UFC Fight Night: Blaydes vs. Daukaus,Marc Diakiese,Viacheslav Borshchev,Lightweight,0,U-DEC,3,5:00
UFC Fight Night: Blaydes vs. Daukaus,Sara McMann,Karol Rosa,Women's Bantamweight,0,U-DEC,3,5:00
UFC Fight Night: Blaydes vs. Daukaus,Chris Gutierrez,Batgerel Danaa,Bantamweight,0,KO/TKO Spinning Back Fist,2,2:34
UFC Fight Night: Blaydes vs. Daukaus,Aliaskhab Khizriev,Denis Tiuliulin,Middleweight,0,SUB Rear Naked Choke,2,1:58
UFC Fight Night: Blaydes vs. Daukaus,Manon Fiorot,Jennifer Maia,Women's Flyweight,0,U-DEC,3,5:00
UFC Fight Night: Blaydes vs. Daukaus,Matheus Nicolau,David Dvorak,Flyweight,0,U-DEC,3,5:00
UFC Fight Night: Blaydes vs. Daukaus,Luis Saldana,Bruno Souza,Featherweight,0,U-DEC,3,5:00
UFC Fight Night: Volkov vs. Aspinall,Tom Aspinall,Alexander Volkov,Heavyweight,0,SUB Straight Armbar,1,3:45
UFC Fight Night: Volkov vs. Aspinall,Arnold Allen,Dan Hooker,Featherweight,0,KO/TKO Punches,1,2:33
UFC Fight Night: Volkov vs. Aspinall,Paddy Pimblett,Kazula Vargas,Lightweight,0,SUB Rear Naked Choke,1,3:49
UFC Fight Night: Volkov vs. Aspinall,Gunnar Nelson,Takashi Sato,Welterweight,0,U-DEC,3,5:00
UFC Fight Night: Volkov vs. Aspinall,Molly McCann,Luana Carolina,Women's Flyweight,0,KO/TKO Spinning Back Elbow,3,1:52
UFC Fight Night: Volkov vs. Aspinall,Ilia Topuria,Jai Herbert,Lightweight,0,KO/TKO Punch,2,1:07
UFC Fight Night: Volkov vs. Aspinall,Makwan Amirkhani,Mike Grundy,Featherweight,0,SUB Anaconda Choke,1,0:57
UFC Fight Night: Volkov vs. Aspinall,Sergei Pavlovich,Shamil Abdurakhimov,Heavyweight,0,KO/TKO Punches,1,4:03
UFC Fight Night: Volkov vs. Aspinall,Paul Craig,Nikita Krylov,Light Heavyweight,0,SUB Triangle Choke,1,3:57
UFC Fight Night: Volkov vs. Aspinall,Jack Shore,Timur Valiev,Bantamweight,0,U-DEC,3,5:00
UFC Fight Night: Volkov vs. Aspinall,Elise Reed,Cory McKenna,Women's Strawweight,0,S-DEC,3,5:00
UFC Fight Night: Volkov vs. Aspinall,Muhammad Mokaev,Cody Durden,Flyweight,0,SUB Guillotine Choke,1,0:58
UFC Fight Night: Santos vs. Ankalaev,Magomed Ankalaev,Thiago Santos,Light Heavyweight,0,U-DEC,5,5:00
UFC Fight Night: Santos vs. Ankalaev,Song Yadong,Marlon Moraes,Bantamweight,0,KO/TKO Punch,1,2:06
UFC Fight Night: Santos vs. Ankalaev,Sodiq Yusuff,Alex Caceres,Featherweight,0,U-DEC,3,5:00
UFC Fight Night: Santos vs. Ankalaev,Khalil Rountree Jr.,Karl Roberson,Light Heavyweight,0,KO/TKO Punch,2,0:25
UFC Fight Night: Santos vs. Ankalaev,Drew Dober,Terrance McKinney,Lightweight,0,KO/TKO Punches,1,3:17
UFC Fight Night: Santos vs. Ankalaev,Alex Pereira,Bruno Silva,Middleweight,0,U-DEC,3,5:00
UFC Fight Night: Santos vs. Ankalaev,Matthew Semelsberger,AJ Fletcher,Welterweight,0,U-DEC,3,5:00
UFC Fight Night: Santos vs. Ankalaev,JJ Aldrich,Gillian Robertson,Women's Flyweight,0,U-DEC,3,5:00
UFC Fight Night: Santos vs. Ankalaev,Javid Basharat,Trevin Jones,Bantamweight,0,U-DEC,3,5:00
UFC Fight Night: Santos vs. Ankalaev,Damon Jackson,Kamuela Kirk,Featherweight,0,SUB Arm Triangle,2,4:42
UFC Fight Night: Santos vs. Ankalaev,Miranda Maverick,Sabina Mazo,Women's Flyweight,0,SUB Rear Naked Choke,2,2:15
UFC Fight Night: Santos vs. Ankalaev,Cody Brundage,Dalcha Lungiambula,Middleweight,0,SUB Guillotine Choke,1,3:41
UFC Fight Night: Santos vs. Ankalaev,Guido Cannetti,Kris Moutinho,Bantamweight,0,KO/TKO Punches,1,2:07
UFC Fight Night: Santos vs. Ankalaev,Azamat Murzakanov,Tafon Nchukwi,Light Heavyweight,0,KO/TKO Knee,3,0:44
UFC 272: Covington vs. Masvidal,Colby Covington,Jorge Masvidal,Welterweight,0,U-DEC,5,5:00
UFC 272: Covington vs. Masvidal,Rafael Dos Anjos,Renato Moicano,Catch Weight,0,U-DEC,5,5:00
UFC 272: Covington vs. Masvidal,Bryce Mitchell,Edson Barboza,Featherweight,0,U-DEC,3,5:00
UFC 272: Covington vs. Masvidal,Kevin Holland,Alex Oliveira,Welterweight,0,KO/TKO Elbows,2,0:38
UFC 272: Covington vs. Masvidal,Serghei Spivac,Greg Hardy,Heavyweight,0,KO/TKO Punches,1,2:16
UFC 272: Covington vs. Masvidal,Jalin Turner,Jamie Mullarkey,Lightweight,0,KO/TKO Punch,2,0:46
UFC 272: Covington vs. Masvidal,Marina Rodriguez,Yan Xiaonan,Women's Strawweight,0,S-DEC,3,5:00
UFC 272: Covington vs. Masvidal,Nicolae Negumereanu,Kennedy Nzechukwu,Light Heavyweight,0,S-DEC,3,5:00
UFC 272: Covington vs. Masvidal,Maryna Moroz,Mariya Agapova,Women's Flyweight,0,SUB Arm Triangle,2,3:27
UFC 272: Covington vs. Masvidal,Umar Nurmagomedov,Brian Kelleher,Featherweight,0,SUB Rear Naked Choke,1,3:15
UFC 272: Covington vs. Masvidal,Tim Elliott,Tagir Ulanbekov,Flyweight,0,U-DEC,3,5:00
UFC 272: Covington vs. Masvidal,Ludovit Klein,Devonte Smith,Lightweight,0,S-DEC,3,5:00
UFC 272: Covington vs. Masvidal,Dustin Jacoby,Michal Oleksiejczuk,Light Heavyweight,0,U-DEC,3,5:00
UFC Fight Night: Makhachev vs. Green,Islam Makhachev,King Green,Catch Weight,0,KO/TKO Punches,1,3:23
UFC Fight Night: Makhachev vs. Green,Wellington Turman,Misha Cirkunov,Middleweight,0,SUB Armbar,2,1:29
UFC Fight Night: Makhachev vs. Green,Priscila Cachoeira,Ji Yeon Kim,Women's Flyweight,0,U-DEC,3,5:00
UFC Fight Night: Makhachev vs. Green,Arman Tsarukyan,Joel Alvarez,Lightweight,0,KO/TKO Punches,2,1:57
UFC Fight Night: Makhachev vs. Green,Armen Petrosyan,Gregory Rodrigues,Middleweight,0,S-DEC,3,5:00
UFC Fight Night: Makhachev vs. Green,Ignacio Bahamondes,Rongzhu,Lightweight,0,SUB Guillotine Choke,3,1:40
UFC Fight Night: Makhachev vs. Green,Josiane Nunes,Ramona Pascual,Women's Featherweight,0,U-DEC,3,5:00
UFC Fight Night: Makhachev vs. Green,Terrance McKinney,Fares Ziam,Lightweight,0,SUB Rear Naked Choke,1,2:11
UFC Fight Night: Makhachev vs. Green,Jonathan Martinez,Alejandro Perez,Featherweight,0,U-DEC,3,5:00
UFC Fight Night: Makhachev vs. Green,Ramiz Brahimaj,Micheal Gillmore,Welterweight,0,SUB Rear Naked Choke,1,2:02
UFC Fight Night: Makhachev vs. Green,Carlos Hernandez,Victor Altamirano,Flyweight,0,S-DEC,3,5:00
UFC Fight Night: Walker vs. Hill,Jamahal Hill,Johnny Walker,Light Heavyweight,0,KO/TKO Punch,1,2:55
UFC Fight Night: Walker vs. Hill,Kyle Daukaus,Jamie Pickett,Catch Weight,0,SUB D'Arce Choke,1,4:59
UFC Fight Night: Walker vs. Hill,Parker Porter,Alan Baudot,Heavyweight,0,U-DEC,3,5:00
UFC Fight Night: Walker vs. Hill,Jim Miller,Nikolas Motta,Lightweight,0,KO/TKO Punch,2,1:58
UFC Fight Night: Walker vs. Hill,Joaquin Buckley,Abdul Razak Alhassan,Middleweight,0,S-DEC,3,5:00
UFC Fight Night: Walker vs. Hill,David Onama,Gabriel Benitez,Featherweight,0,KO/TKO Punches,1,4:24
UFC Fight Night: Walker vs. Hill,Stephanie Egger,Jessica-Rose Clark,Women's Bantamweight,0,SUB Armbar,1,3:44
UFC Fight Night: Walker vs. Hill,Chas Skelly,Mark Striegl,Featherweight,0,KO/TKO Knee,2,2:01
UFC Fight Night: Walker vs. Hill,Gloria de Paula,Diana Belbita,Women's Strawweight,0,U-DEC,3,5:00
UFC Fight Night: Walker vs. Hill,Chad Anheliger,Jesse Strader,Bantamweight,0,KO/TKO Punch,3,3:33
UFC Fight Night: Walker vs. Hill,Jonathan Pearce,Christian Rodriguez,Featherweight,0,U-DEC,3,5:00
UFC Fight Night: Walker vs. Hill,Mario Bautista,Jay Perrin,Bantamweight,0,U-DEC,3,5:00
UFC 271: Adesanya vs. Whittaker 2,Israel Adesanya,Robert Whittaker,Middleweight,1,U-DEC,5,5:00
UFC 271: Adesanya vs. Whittaker 2,Tai Tuivasa,Derrick Lewis,Heavyweight,0,KO/TKO Elbow,2,1:40
UFC 271: Adesanya vs. Whittaker 2,Jared Cannonier,Derek Brunson,Middleweight,0,KO/TKO Elbows,2,4:29
UFC 271: Adesanya vs. Whittaker 2,Renato Moicano,Alexander Hernandez,Lightweight,0,SUB Rear Naked Choke,2,1:23
UFC 271: Adesanya vs. Whittaker 2,King Green,Nasrat Haqparast,Lightweight,0,U-DEC,3,5:00
UFC 271: Adesanya vs. Whittaker 2,Andrei Arlovski,Jared Vanderaa,Heavyweight,0,S-DEC,3,5:00
UFC 271: Adesanya vs. Whittaker 2,Casey O'Neill,Roxanne Modafferi,Women's Flyweight,0,S-DEC,3,5:00
UFC 271: Adesanya vs. Whittaker 2,Kyler Phillips,Marcelo Rojo,Bantamweight,0,SUB Triangle Armbar,3,1:48
UFC 271: Adesanya vs. Whittaker 2,Carlos Ulberg,Fabio Cherant,Light Heavyweight,0,U-DEC,3,5:00
UFC 271: Adesanya vs. Whittaker 2,Ronnie Lawrence,Mana Martinez,Bantamweight,0,U-DEC,3,5:00
UFC 271: Adesanya vs. Whittaker 2,Jacob Malkoun,AJ Dobson,Middleweight,0,U-DEC,3,5:00
UFC 271: Adesanya vs. Whittaker 2,Douglas Silva de Andrade,Sergey Morozov,Bantamweight,0,SUB Rear Naked Choke,2,3:24
UFC 271: Adesanya vs. Whittaker 2,Jeremiah Wells,Blood Diamond,Welterweight,0,SUB Rear Naked Choke,1,4:38
UFC 271: Adesanya vs. Whittaker 2,Maxim Grishin,William Knight,Heavyweight,0,U-DEC,3,5:00
UFC Fight Night: Hermansson vs. Strickland,Sean Strickland,Jack Hermansson,Middleweight,0,S-DEC,5,5:00
UFC Fight Night: Hermansson vs. Strickland,Nick Maximov,Punahele Soriano,Middleweight,0,S-DEC,3,5:00
UFC Fight Night: Hermansson vs. Strickland,Shavkat Rakhmonov,Carlston Harris,Welterweight,0,KO/TKO Kick,1,4:10
UFC Fight Night: Hermansson vs. Strickland,Brendan Allen,Sam Alvey,Light Heavyweight,0,SUB Rear Naked Choke,2,2:10
UFC Fight Night: Hermansson vs. Strickland,Bryan Battle,Tresean Gore,Middleweight,0,U-DEC,3,5:00
UFC Fight Night: Hermansson vs. Strickland,Julian Erosa,Steven Peterson,Featherweight,0,S-DEC,3,5:00
UFC Fight Night: Hermansson vs. Strickland,John Castaneda,Miles Johns,Bantamweight,0,SUB Arm Triangle,3,1:38
UFC Fight Night: Hermansson vs. Strickland,Hakeem Dawodu,Michael Trizano,Featherweight,0,U-DEC,3,5:00
UFC Fight Night: Hermansson vs. Strickland,Chidi Njokuani,Marc-Andre Barriault,Middleweight,0,KO/TKO Punches,1,0:16
UFC Fight Night: Hermansson vs. Strickland,Alexis Davis,Julija Stoliarenko,Women's Bantamweight,0,U-DEC,3,5:00
UFC Fight Night: Hermansson vs. Strickland,Jailton Almeida,Danilo Marques,Light Heavyweight,0,KO/TKO Punches,1,2:57
UFC Fight Night: Hermansson vs. Strickland,Phil Rowe,Jason Witt,Welterweight,0,KO/TKO Punches,2,2:15
UFC Fight Night: Hermansson vs. Strickland,Malcolm Gordon,Denys Bondar,Flyweight,0,KO/TKO,1,1:22
UFC 270: Ngannou vs. Gane,Francis Ngannou,Ciryl Gane,Heavyweight,1,U-DEC,5,5:00
UFC 270: Ngannou vs. Gane,Deiveson Figueiredo,Brandon Moreno,Flyweight,1,U-DEC,5,5:00
UFC 270: Ngannou vs. Gane,Michel Pereira,Andre Fialho,Welterweight,0,U-DEC,3,5:00
UFC 270: Ngannou vs. Gane,Said Nurmagomedov,Cody Stamann,Bantamweight,0,SUB Guillotine Choke,1,0:47
UFC 270: Ngannou vs. Gane,Michael Morales,Trevin Giles,Welterweight,0,KO/TKO Punches,1,4:06
UFC 270: Ngannou vs. Gane,Victor Henry,Raoni Barcelos,Bantamweight,0,U-DEC,3,5:00
UFC 270: Ngannou vs. Gane,Jack Della Maddalena,Pete Rodriguez,Welterweight,0,KO/TKO Punch,1,2:59
UFC 270: Ngannou vs. Gane,Tony Gravely,Saimon Oliveira,Bantamweight,0,U-DEC,3,5:00
UFC 270: Ngannou vs. Gane,Matt Frevola,Genaro Valdez,Lightweight,0,KO/TKO Punches,1,3:15
UFC 270: Ngannou vs. Gane,Vanessa Demopoulos,Silvana Gomez Juarez,Women's Strawweight,0,SUB Armbar,1,2:25
UFC 270: Ngannou vs. Gane,Jasmine Jasudavicius,Kay Hansen,Women's Flyweight,0,U-DEC,3,5:00
UFC Fight Night: Kattar vs. Chikadze,Calvin Kattar,Giga Chikadze,Featherweight,0,U-DEC,5,5:00
UFC Fight Night: Kattar vs. Chikadze,Jake Collier,Chase Sherman,Heavyweight,0,SUB Rear Naked Choke,1,2:26
UFC Fight Night: Kattar vs. Chikadze,Brandon Royval,Rogerio Bontorin,Flyweight,0,S-DEC,3,5:00
UFC Fight Night: Kattar vs. Chikadze,Katlyn Cerminara,Jennifer Maia,Women's Flyweight,0,U-DEC,3,5:00
UFC Fight Night: Kattar vs. Chikadze,Viacheslav Borshchev,Dakota Bush,Lightweight,0,KO/TKO Punch,1,3:47
UFC Fight Night: Kattar vs. Chikadze,Bill Algeo,Joanderson Brito,Featherweight,0,U-DEC,3,5:00
UFC Fight Night: Kattar vs. Chikadze,Jamie Pickett,Joseph Holmes,Middleweight,0,U-DEC,3,5:00
UFC Fight Night: Kattar vs. Chikadze,Court McGee,Ramiz Brahimaj,Welterweight,0,U-DEC,3,5:00
UFC Fight Night: Kattar vs. Chikadze,Brian Kelleher,Kevin Croom,Featherweight,0,U-DEC,3,5:00
UFC Fight Night: Kattar vs. Chikadze,TJ Brown,Charles Rosa,Lightweight,0,U-DEC,3,5:00
UFC Fight Night: Lewis vs. Daukaus,Derrick Lewis,Chris Daukaus,Heavyweight,0,KO/TKO Punches,1,3:36
UFC Fight Night: Lewis vs. Daukaus,Belal Muhammad,Stephen Thompson,Welterweight,0,U-DEC,3,5:00
UFC Fight Night: Lewis vs. Daukaus,Amanda Lemos,Angela Hill,Women's Strawweight,0,S-DEC,3,5:00
UFC Fight Night: Lewis vs. Daukaus,Ricky Simon,Raphael Assuncao,Bantamweight,0,KO/TKO Punch,2,2:14
UFC Fight Night: Lewis vs. Daukaus,Mateusz Gamrot,Diego Ferreira,Lightweight,0,KO/TKO Knee,2,3:26
UFC Fight Night: Lewis vs. Daukaus,Cub Swanson,Darren Elkins,Featherweight,0,KO/TKO Punches,1,2:12
UFC Fight Night: Lewis vs. Daukaus,Gerald Meerschaert,Dustin Stoltzfus,Middleweight,0,SUB Rear Naked Choke,3,2:58
UFC Fight Night: Lewis vs. Daukaus,Justin Tafa,Harry Hunsucker,Heavyweight,0,KO/TKO Kick,1,1:53
UFC Fight Night: Lewis vs. Daukaus,Melissa Gatto,Sijara Eubanks,Women's Flyweight,0,KO/TKO Kick,3,0:45
UFC Fight Night: Lewis vs. Daukaus,Charles Jourdain,Andre Ewell,Featherweight,0,U-DEC,3,5:00
UFC Fight Night: Lewis vs. Daukaus,Raquel Pennington,Macy Chiasson,Women's Featherweight,0,SUB Guillotine Choke,2,3:07
UFC Fight Night: Lewis vs. Daukaus,Don'Tale Mayes,Josh Parisian,Heavyweight,0,KO/TKO Elbows,3,3:26
UFC Fight Night: Lewis vs. Daukaus,Jordan Leavitt,Matt Sayles,Lightweight,0,SUB Inverted Triangle,2,2:05
UFC 269: Oliveira vs. Poirier,Charles Oliveira,Dustin Poirier,Lightweight,1,SUB Rear Naked Choke,3,1:02
UFC 269: Oliveira vs. Poirier,Julianna Pena,Amanda Nunes,Women's Bantamweight,1,SUB Rear Naked Choke,2,3:26
UFC 269: Oliveira vs. Poirier,Geoff Neal,Santiago Ponzinibbio,Welterweight,0,S-DEC,3,5:00
UFC 269: Oliveira vs. Poirier,Kai Kara-France,Cody Garbrandt,Flyweight,0,KO/TKO Punches,1,3:21
UFC 269: Oliveira vs. Poirier,Sean O'Malley,Raulian Paiva,Bantamweight,0,KO/TKO Punches,1,4:42
UFC 269: Oliveira vs. Poirier,Josh Emmett,Dan Ige,Featherweight,0,U-DEC,3,5:00
UFC 269: Oliveira vs. Poirier,Dominick Cruz,Pedro Munhoz,Bantamweight,0,U-DEC,3,5:00
UFC 269: Oliveira vs. Poirier,Tai Tuivasa,Augusto Sakai,Heavyweight,0,KO/TKO Punches,2,0:26
UFC 269: Oliveira vs. Poirier,Bruno Silva,Jordan Wright,Middleweight,0,KO/TKO Punches,1,1:28
UFC 269: Oliveira vs. Poirier,Andre Muniz,Eryk Anders,Middleweight,0,SUB Armbar,1,3:13
UFC 269: Oliveira vs. Poirier,Erin Blanchfield,Miranda Maverick,Women's Flyweight,0,U-DEC,3,5:00
UFC 269: Oliveira vs. Poirier,Ryan Hall,Darrick Minner,Featherweight,0,U-DEC,3,5:00
UFC 269: Oliveira vs. Poirier,Tony Kelley,Randy Costa,Bantamweight,0,KO/TKO Elbows,2,4:15
UFC 269: Oliveira vs. Poirier,Gillian Robertson,Priscila Cachoeira,Women's Flyweight,0,SUB Rear Naked Choke,1,4:59
UFC Fight Night: Font vs. Aldo,Jose Aldo,Rob Font,Bantamweight,0,U-DEC,5,5:00
UFC Fight Night: Font vs. Aldo,Rafael Fiziev,Brad Riddell,Lightweight,0,KO/TKO Kick,3,2:20
UFC Fight Night: Font vs. Aldo,Jamahal Hill,Jimmy Crute,Light Heavyweight,0,KO/TKO Punch,1,0:48
UFC Fight Night: Font vs. Aldo,Clay Guida,Leonardo Santos,Lightweight,0,SUB Rear Naked Choke,2,1:21
UFC Fight Night: Font vs. Aldo,Chris Curtis,Brendan Allen,Middleweight,0,KO/TKO Knees,2,1:58
UFC Fight Night: Font vs. Aldo,Alex Morono,Mickey Gall,Welterweight,0,U-DEC,3,5:00
UFC Fight Night: Font vs. Aldo,Dusko Todorovic,Maki Pitolo,Middleweight,0,KO/TKO Punches,1,4:34
UFC Fight Night: Font vs. Aldo,Manel Kape,Zhalgas Zhumagulov,Flyweight,0,KO/TKO Punches,1,4:02
UFC Fight Night: Font vs. Aldo,Bryan Barberena,Darian Weeks,Welterweight,0,U-DEC,3,5:00
UFC Fight Night: Font vs. Aldo,Cheyanne Vlismas,Mallory Martin,Women's Strawweight,0,U-DEC,3,5:00
UFC Fight Night: Font vs. Aldo,William Knight,Alonzo Menifield,Light Heavyweight,0,U-DEC,3,5:00
UFC Fight Night: Font vs. Aldo,Claudio Puelles,Chris Gruetzemacher,Lightweight,0,SUB Kneebar,3,3:25
UFC Fight Night: Font vs. Aldo,Vince Morales,Louis Smolka,Bantamweight,0,KO/TKO Punch,1,2:02
UFC Fight Night: Vieira vs. Tate,Ketlen Vieira,Miesha Tate,Women's Bantamweight,0,U-DEC,5,5:00
UFC Fight Night: Vieira vs. Tate,Sean Brady,Michael Chiesa,Welterweight,0,U-DEC,3,5:00
UFC Fight Night: Vieira vs. Tate,Taila Santos,Joanne Wood,Women's Flyweight,0,SUB Rear Naked Choke,1,4:49
UFC Fight Night: Vieira vs. Tate,Rani Yahya,Kyung Ho Kang,Bantamweight,0,U-DEC,3,5:00
UFC Fight Night: Vieira vs. Tate,Adrian Yanez,Davey Grant,Bantamweight,0,S-DEC,3,5:00
UFC Fight Night: Vieira vs. Tate,Pat Sabatini,Tucker Lutz,Featherweight,0,U-DEC,3,5:00
UFC Fight Night: Vieira vs. Tate,Rafa Garcia,Natan Levy,Lightweight,0,U-DEC,3,5:00
UFC Fight Night: Vieira vs. Tate,Loopy Godinez,Loma Lookboonmee,Women's Strawweight,0,U-DEC,3,5:00
UFC Fight Night: Vieira vs. Tate,Cody Durden,Aoriqileng,Flyweight,0,U-DEC,3,5:00
UFC Fight Night: Vieira vs. Tate,Shayilan Nuerdanbieke,Sean Soriano,Featherweight,0,U-DEC,3,5:00
UFC Fight Night: Vieira vs. Tate,Luana Pinheiro,Sam Hughes,Women's Strawweight,0,U-DEC,3,5:00
UFC Fight Night: Holloway vs. Rodriguez,Max Holloway,Yair Rodriguez,Featherweight,0,U-DEC,5,5:00
UFC Fight Night: Holloway vs. Rodriguez,Marcos Rogerio de Lima,Ben Rothwell,Heavyweight,0,KO/TKO Punches,1,0:32
UFC Fight Night: Holloway vs. Rodriguez,Felicia Spencer,Leah Letson,Women's Featherweight,0,KO/TKO Elbows,3,4:25
UFC Fight Night: Holloway vs. Rodriguez,Khaos Williams,Miguel Baeza,Welterweight,0,KO/TKO Punch,3,1:02
UFC Fight Night: Holloway vs. Rodriguez,Song Yadong,Julio Arce,Bantamweight,0,KO/TKO Punches,2,1:35
UFC Fight Night: Holloway vs. Rodriguez,Joel Alvarez,Thiago Moises,Lightweight,0,KO/TKO Elbows,1,3:01
UFC Fight Night: Holloway vs. Rodriguez,Andrea Lee,Cynthia Calvillo,Women's Flyweight,0,KO/TKO,2,5:00
UFC Fight Night: Holloway vs. Rodriguez,Sean Woodson,Collin Anglin,Featherweight,0,KO/TKO Punches,1,4:30
UFC Fight Night: Holloway vs. Rodriguez,Cortney Casey,Liana Jojua,Women's Flyweight,0,U-DEC,3,5:00
UFC Fight Night: Holloway vs. Rodriguez,Rafael Alves,Marc Diakiese,Lightweight,0,SUB Guillotine Choke,1,1:48
UFC Fight Night: Holloway vs. Rodriguez,Da Woon Jung,Kennedy Nzechukwu,Light Heavyweight,0,KO/TKO Elbows,1,3:04
UFC 268: Usman vs. Covington 2,Kamaru Usman,Colby Covington,Welterweight,1,U-DEC,5,5:00
UFC 268: Usman vs. Covington 2,Rose Namajunas,Zhang Weili,Women's Strawweight,1,S-DEC,5,5:00
UFC 268: Usman vs. Covington 2,Marlon Vera,Frankie Edgar,Bantamweight,0,KO/TKO Kick,3,3:50
UFC 268: Usman vs. Covington 2,Shane Burgos,Billy Quarantillo,Featherweight,0,U-DEC,3,5:00
UFC 268: Usman vs. Covington 2,Justin Gaethje,Michael Chandler,Lightweight,0,U-DEC,3,5:00
UFC 268: Usman vs. Covington 2,Alex Pereira,Andreas Michailidis,Middleweight,0,KO/TKO Flying Knee,2,0:18
UFC 268: Usman vs. Covington 2,King Green,Al Iaquinta,Lightweight,0,KO/TKO Punches,1,2:25
UFC 268: Usman vs. Covington 2,Chris Curtis,Phil Hawes,Middleweight,0,KO/TKO Punch,1,4:27
UFC 268: Usman vs. Covington 2,Nassourdine Imavov,Edmen Shahbazyan,Middleweight,0,KO/TKO Elbows,2,4:52
UFC 268: Usman vs. Covington 2,Ian Machado Garry,Jordan Williams,Welterweight,0,KO/TKO Punch,1,4:59
UFC 268: Usman vs. Covington 2,Chris Barnett,Gian Villante,Heavyweight,0,KO/TKO Kick,2,2:23
UFC 268: Usman vs. Covington 2,Dustin Jacoby,John Allan,Light Heavyweight,0,U-DEC,3,5:00
UFC 268: Usman vs. Covington 2,Melsik Baghdasaryan,Bruno Souza,Featherweight,0,U-DEC,3,5:00
UFC 268: Usman vs. Covington 2,Ode Osbourne,CJ Vergara,Flyweight,0,U-DEC,3,5:00
UFC 267: Blachowicz vs. Teixeira,Glover Teixeira,Jan Blachowicz,Light Heavyweight,1,SUB Rear Naked Choke,2,3:02
UFC 267: Blachowicz vs. Teixeira,Petr Yan,Cory Sandhagen,Bantamweight,1,U-DEC,5,5:00
UFC 267: Blachowicz vs. Teixeira,Islam Makhachev,Dan Hooker,Lightweight,0,SUB Kimura,1,2:25
UFC 267: Blachowicz vs. Teixeira,Alexander Volkov,Marcin Tybura,Heavyweight,0,U-DEC,3,5:00
UFC 267: Blachowicz vs. Teixeira,Khamzat Chimaev,Li Jingliang,Welterweight,0,SUB Rear Naked Choke,1,3:16
UFC 267: Blachowicz vs. Teixeira,Magomed Ankalaev,Volkan Oezdemir,Light Heavyweight,0,U-DEC,3,5:00
UFC 267: Blachowicz vs. Teixeira,Amanda Ribas,Virna Jandiroba,Women's Strawweight,0,U-DEC,3,5:00
UFC 267: Blachowicz vs. Teixeira,Zubaira Tukhugov,Ricardo Ramos,Featherweight,0,U-DEC,3,5:00
UFC 267: Blachowicz vs. Teixeira,Albert Duraev,Roman Kopylov,Middleweight,0,U-DEC,3,5:00
UFC 267: Blachowicz vs. Teixeira,Elizeu Zaleski dos Santos,Benoit Saint Denis,Welterweight,0,U-DEC,3,5:00
UFC 267: Blachowicz vs. Teixeira,Michal Oleksiejczuk,Shamil Gamzatov,Light Heavyweight,0,KO/TKO Punch,1,3:31
UFC 267: Blachowicz vs. Teixeira,Lerone Murphy,Makwan Amirkhani,Featherweight,0,KO/TKO Knee,2,0:14
UFC 267: Blachowicz vs. Teixeira,Andre Petroski,Hu Yaozong,Middleweight,0,SUB Arm Triangle,3,4:46
UFC 267: Blachowicz vs. Teixeira,Tagir Ulanbekov,Allan Nascimento,Flyweight,0,S-DEC,3,5:00
UFC Fight Night: Costa vs. Vettori,Marvin Vettori,Paulo Costa,Light Heavyweight,0,U-DEC,5,5:00
UFC Fight Night: Costa vs. Vettori,Grant Dawson,Ricky Glenn,Lightweight,0,M-DEC,3,5:00
UFC Fight Night: Costa vs. Vettori,Jessica-Rose Clark,Joselyne Edwards,Women's Bantamweight,0,U-DEC,3,5:00
UFC Fight Night: Costa vs. Vettori,Alex Caceres,SeungWoo Choi,Featherweight,0,SUB Rear Naked Choke,2,3:31
UFC Fight Night: Costa vs. Vettori,Francisco Trinaldo,Dwight Grant,Welterweight,0,S-DEC,3,5:00
UFC Fight Night: Costa vs. Vettori,Nicolae Negumereanu,Ike Villanueva,Light Heavyweight,0,KO/TKO Punches,1,1:18
UFC Fight Night: Costa vs. Vettori,Gregory Rodrigues,JunYong Park,Middleweight,0,KO/TKO Punch,2,3:13
UFC Fight Night: Costa vs. Vettori,Mason Jones,David Onama,Lightweight,0,U-DEC,3,5:00
UFC Fight Night: Costa vs. Vettori,Tabatha Ricci,Maria Oliveira,Women's Strawweight,0,U-DEC,3,5:00
UFC Fight Night: Costa vs. Vettori,Jamie Pickett,Laureano Staropoli,Middleweight,0,U-DEC,3,5:00
UFC Fight Night: Costa vs. Vettori,Jai Herbert,Khama Worthy,Lightweight,0,KO/TKO Punches,1,2:47
UFC Fight Night: Costa vs. Vettori,Jeff Molina,Daniel Lacerda,Flyweight,0,KO/TKO Punches,2,0:46
UFC Fight Night: Costa vs. Vettori,Randa Markos,Livinha Souza,Women's Strawweight,0,U-DEC,3,5:00
UFC Fight Night: Costa vs. Vettori,Jonathan Martinez,Zviad Lazishvili,Bantamweight,0,U-DEC,3,5:00
UFC Fight Night: Ladd vs. Dumont,Norma Dumont,Aspen Ladd,Women's Featherweight,0,U-DEC,5,5:00
UFC Fight Night: Ladd vs. Dumont,Andrei Arlovski,Carlos Felipe,Heavyweight,0,U-DEC,3,5:00
UFC Fight Night: Ladd vs. Dumont,Jim Miller,Erick Gonzalez,Lightweight,0,KO/TKO Punch,2,0:14
UFC Fight Night: Ladd vs. Dumont,Manon Fiorot,Mayra Bueno Silva,Women's Flyweight,0,U-DEC,3,5:00
UFC Fight Night: Ladd vs. Dumont,Nate Landwehr,Ludovit Klein,Featherweight,0,SUB Anaconda Choke,3,2:22
UFC Fight Night: Ladd vs. Dumont,Bruno Silva,Andrew Sanchez,Middleweight,0,KO/TKO Punches,3,2:35
UFC Fight Night: Ladd vs. Dumont,Danny Roberts,Ramazan Emeev,Welterweight,0,S-DEC,3,5:00
UFC Fight Night: Ladd vs. Dumont,Luana Carolina,Loopy Godinez,Women's Flyweight,0,U-DEC,3,5:00
UFC Fight Night: Ladd vs. Dumont,Batgerel Danaa,Brandon Davis,Bantamweight,0,KO/TKO Punches,1,2:01
UFC Fight Night: Ladd vs. Dumont,Ariane Carnelossi,Istela Nunes,Women's Strawweight,0,SUB Rear Naked Choke,3,2:57
UFC Fight Night: Dern vs. Rodriguez,Marina Rodriguez,Mackenzie Dern,Women's Strawweight,0,U-DEC,5,5:00
UFC Fight Night: Dern vs. Rodriguez,Randy Brown,Jared Gooden,Welterweight,0,U-DEC,3,5:00
UFC Fight Night: Dern vs. Rodriguez,Matheus Nicolau,Tim Elliott,Flyweight,0,U-DEC,3,5:00
UFC Fight Night: Dern vs. Rodriguez,Mariya Agapova,Sabina Mazo,Women's Flyweight,0,SUB Rear Naked Choke,3,0:53
UFC Fight Night: Dern vs. Rodriguez,Chris Gutierrez,Felipe Colares,Bantamweight,0,S-DEC,3,5:00
UFC Fight Night: Dern vs. Rodriguez,Alexandr Romanov,Jared Vanderaa,Heavyweight,0,KO/TKO Punches,2,4:43
UFC Fight Night: Dern vs. Rodriguez,Damon Jackson,Charles Rosa,Featherweight,0,U-DEC,3,5:00
UFC Fight Night: Dern vs. Rodriguez,Loopy Godinez,Silvana Gomez Juarez,Women's Strawweight,0,SUB Armbar,1,4:14
UFC Fight Night: Dern vs. Rodriguez,Steve Garcia,Charlie Ontiveros,Lightweight,0,KO/TKO Punches,2,1:51
UFC Fight Night: Santos vs. Walker,Thiago Santos,Johnny Walker,Light Heavyweight,0,U-DEC,5,5:00
UFC Fight Night: Santos vs. Walker,Kevin Holland,Kyle Daukaus,Middleweight,0,Overturned,1,3:43
UFC Fight Night: Santos vs. Walker,Niko Price,Alex Oliveira,Welterweight,0,U-DEC,3,5:00
UFC Fight Night: Santos vs. Walker,Krzysztof Jotko,Misha Cirkunov,Middleweight,0,S-DEC,3,5:00
UFC Fight Night: Santos vs. Walker,Alexander Hernandez,Mike Breeden,Lightweight,0,KO/TKO Punch,1,1:20
UFC Fight Night: Santos vs. Walker,Jared Gordon,Joe Solecki,Lightweight,0,S-DEC,3,5:00
UFC Fight Night: Santos vs. Walker,Casey O'Neill,Antonina Shevchenko,Women's Flyweight,0,KO/TKO Punches,2,4:47
UFC Fight Night: Santos vs. Walker,Karol Rosa,Bethe Correia,Women's Bantamweight,0,U-DEC,3,5:00
UFC Fight Night: Santos vs. Walker,Jamie Mullarkey,Devonte Smith,Lightweight,0,KO/TKO Punches,2,2:51
UFC Fight Night: Santos vs. Walker,Douglas Silva de Andrade,Gaetano Pirrello,Bantamweight,0,KO/TKO Punch,1,2:04
UFC Fight Night: Santos vs. Walker,Stephanie Egger,Shanna Young,Women's Bantamweight,0,KO/TKO Elbow,2,2:22
UFC Fight Night: Santos vs. Walker,Alejandro Perez,Johnny Eduardo,Bantamweight,0,SUB Armbar,2,4:13
UFC 266: Volkanovski vs. Ortega,Alexander Volkanovski,Brian Ortega,Featherweight,1,U-DEC,5,5:00
UFC 266: Volkanovski vs. Ortega,Valentina Shevchenko,Lauren Murphy,Women's Flyweight,1,KO/TKO Punches,4,4:00
UFC 266: Volkanovski vs. Ortega,Robbie Lawler,Nick Diaz,Middleweight,0,KO/TKO Punch,3,0:44
UFC 266: Volkanovski vs. Ortega,Curtis Blaydes,Jairzinho Rozenstruik,Heavyweight,0,U-DEC,3,5:00
UFC 266: Volkanovski vs. Ortega,Jessica Andrade,Cynthia Calvillo,Women's Flyweight,0,KO/TKO Punches,1,4:54
UFC 266: Volkanovski vs. Ortega,Merab Dvalishvili,Marlon Moraes,Bantamweight,0,KO/TKO Punches,2,4:25
UFC 266: Volkanovski vs. Ortega,Dan Hooker,Nasrat Haqparast,Lightweight,0,U-DEC,3,5:00
UFC 266: Volkanovski vs. Ortega,Chris Daukaus,Shamil Abdurakhimov,Heavyweight,0,KO/TKO Punch,2,1:23
UFC 266: Volkanovski vs. Ortega,Taila Santos,Roxanne Modafferi,Women's Flyweight,0,U-DEC,3,5:00
UFC 266: Volkanovski vs. Ortega,Jalin Turner,Uros Medic,Lightweight,0,SUB Rear Naked Choke,1,4:01
UFC 266: Volkanovski vs. Ortega,Nick Maximov,Cody Brundage,Middleweight,0,U-DEC,3,5:00
UFC 266: Volkanovski vs. Ortega,Matthew Semelsberger,Martin Sano,Welterweight,0,KO/TKO Punch,1,0:15
UFC 266: Volkanovski vs. Ortega,Jonathan Pearce,Omar Morales,Featherweight,0,SUB Rear Naked Choke,2,3:31
UFC Fight Night: Smith vs. Spann,Anthony Smith,Ryan Spann,Light Heavyweight,0,SUB Rear Naked Choke,1,3:47
UFC Fight Night: Smith vs. Spann,Ion Cutelaba,Devin Clark,Light Heavyweight,0,U-DEC,3,5:00
UFC Fight Night: Smith vs. Spann,Ariane da Silva,Mandy Bohm,Women's Flyweight,0,U-DEC,3,5:00
UFC Fight Night: Smith vs. Spann,Arman Tsarukyan,Christos Giagos,Lightweight,0,KO/TKO Punches,1,2:09
UFC Fight Night: Smith vs. Spann,Nate Maness,Tony Gravely,Bantamweight,0,KO/TKO Punches,2,2:10
UFC Fight Night: Smith vs. Spann,Joaquin Buckley,Antonio Arroyo,Middleweight,0,KO/TKO Punches,3,2:26
UFC Fight Night: Smith vs. Spann,Tafon Nchukwi,Mike Rodriguez,Light Heavyweight,0,U-DEC,3,5:00
UFC Fight Night: Smith vs. Spann,Raquel Pennington,Pannie Kianzad,Women's Bantamweight,0,U-DEC,3,5:00
UFC Fight Night: Smith vs. Spann,Rongzhu,Brandon Jenkins,Lightweight,0,KO/TKO Punches,3,4:35
UFC Fight Night: Smith vs. Spann,Montel Jackson,JP Buys,Bantamweight,0,U-DEC,3,5:00
UFC Fight Night: Smith vs. Spann,Erin Blanchfield,Sarah Alpar,Women's Flyweight,0,U-DEC,3,5:00
UFC Fight Night: Smith vs. Spann,Carlston Harris,Impa Kasanganay,Welterweight,0,KO/TKO Punches,1,2:38
UFC Fight Night: Smith vs. Spann,Gustavo Lopez,Alatengheili,Bantamweight,0,U-DEC,3,5:00
UFC Fight Night: Smith vs. Spann,Hannah Goldy,Emily Whitmire,Women's Flyweight,0,SUB Armbar,1,4:17
UFC Fight Night: Brunson vs. Till,Derek Brunson,Darren Till,Middleweight,0,SUB Rear Naked Choke,3,2:13
UFC Fight Night: Brunson vs. Till,Tom Aspinall,Serghei Spivac,Heavyweight,0,KO/TKO Elbow,1,2:30
UFC Fight Night: Brunson vs. Till,Alex Morono,David Zawada,Welterweight,0,U-DEC,3,5:00
UFC Fight Night: Brunson vs. Till,Khalil Rountree Jr.,Modestas Bukauskas,Light Heavyweight,0,KO/TKO Kick,2,2:30
UFC Fight Night: Brunson vs. Till,Paddy Pimblett,Luigi Vendramini,Lightweight,0,KO/TKO Punches,1,4:25
UFC Fight Night: Brunson vs. Till,Molly McCann,Ji Yeon Kim,Women's Flyweight,0,U-DEC,3,5:00
UFC Fight Night: Brunson vs. Till,Jack Shore,Liudvik Sholinian,Bantamweight,0,U-DEC,3,5:00
UFC Fight Night: Brunson vs. Till,Julian Erosa,Charles Jourdain,Catch Weight,0,SUB D'Arce Choke,3,2:56
UFC Fight Night: Brunson vs. Till,Marc-Andre Barriault,Dalcha Lungiambula,Middleweight,0,U-DEC,3,5:00
UFC Fight Night: Barboza vs. Chikadze,Giga Chikadze,Edson Barboza,Featherweight,0,KO/TKO Punch,3,1:44
UFC Fight Night: Barboza vs. Chikadze,Bryan Battle,Gilbert Urbina,Middleweight,0,SUB Rear Naked Choke,2,2:15
UFC Fight Night: Barboza vs. Chikadze,Ricky Turcios,Brady Hiestand,Bantamweight,0,S-DEC,3,5:00
UFC Fight Night: Barboza vs. Chikadze,Daniel Rodriguez,Kevin Lee,Welterweight,0,U-DEC,3,5:00
UFC Fight Night: Barboza vs. Chikadze,Andre Petroski,Micheal Gillmore,Middleweight,0,KO/TKO Elbows,3,3:12
UFC Fight Night: Barboza vs. Chikadze,Gerald Meerschaert,Makhmud Muradov,Middleweight,0,SUB Rear Naked Choke,2,1:49
UFC Fight Night: Barboza vs. Chikadze,Abdul Razak Alhassan,Alessio Di Chirico,Middleweight,0,KO/TKO Kick,1,0:17
UFC Fight Night: Barboza vs. Chikadze,Wellington Turman,Sam Alvey,Middleweight,0,S-DEC,3,5:00
UFC Fight Night: Barboza vs. Chikadze,Dustin Jacoby,Darren Stewart,Light Heavyweight,0,KO/TKO Punches,1,3:04
UFC Fight Night: Barboza vs. Chikadze,JJ Aldrich,Vanessa Demopoulos,Women's Flyweight,0,U-DEC,3,5:00
UFC Fight Night: Barboza vs. Chikadze,Pat Sabatini,Jamall Emmers,Featherweight,0,SUB Heel Hook,1,1:53
UFC Fight Night: Barboza vs. Chikadze,Mana Martinez,Guido Cannetti,Bantamweight,0,S-DEC,3,5:00
UFC Fight Night: Cannonier vs. Gastelum,Jared Cannonier,Kelvin Gastelum,Middleweight,0,U-DEC,5,5:00
UFC Fight Night: Cannonier vs. Gastelum,Mark Madsen,Clay Guida,Lightweight,0,S-DEC,3,5:00
UFC Fight Night: Cannonier vs. Gastelum,Parker Porter,Chase Sherman,Heavyweight,0,U-DEC,3,5:00
UFC Fight Night: Cannonier vs. Gastelum,Saidyokub Kakhramonov,Trevin Jones,Bantamweight,0,SUB Guillotine Choke,3,4:39
UFC Fight Night: Cannonier vs. Gastelum,Vinc Pichel,Austin Hubbard,Lightweight,0,U-DEC,3,5:00
UFC Fight Night: Cannonier vs. Gastelum,Alexandre Pantoja,Brandon Royval,Flyweight,0,SUB Rear Naked Choke,2,1:46
UFC Fight Night: Cannonier vs. Gastelum,Austin Lingo,Luis Saldana,Featherweight,0,U-DEC,3,5:00
UFC Fight Night: Cannonier vs. Gastelum,Brian Kelleher,Domingo Pilarte,Bantamweight,0,U-DEC,3,5:00
UFC Fight Night: Cannonier vs. Gastelum,Josiane Nunes,Bea Malecki,Women's Bantamweight,0,KO/TKO Punch,1,4:54
UFC Fight Night: Cannonier vs. Gastelum,William Knight,Fabio Cherant,Light Heavyweight,0,KO/TKO Punch,1,3:58
UFC Fight Night: Cannonier vs. Gastelum,Ignacio Bahamondes,Roosevelt Roberts,Lightweight,0,KO/TKO Kick,3,4:55
UFC Fight Night: Cannonier vs. Gastelum,Ramiz Brahimaj,Sasha Palatnikov,Welterweight,0,SUB Rear Naked Choke,1,2:33
UFC 265: Lewis vs. Gane,Ciryl Gane,Derrick Lewis,Heavyweight,1,KO/TKO Punches,3,4:11
UFC 265: Lewis vs. Gane,Jose Aldo,Pedro Munhoz,Bantamweight,0,U-DEC,3,5:00
UFC 265: Lewis vs. Gane,Vicente Luque,Michael Chiesa,Welterweight,0,SUB D'Arce Choke,1,3:25
UFC 265: Lewis vs. Gane,Tecia Pennington,Angela Hill,Women's Strawweight,0,U-DEC,3,5:00
UFC 265: Lewis vs. Gane,Song Yadong,Casey Kenney,Bantamweight,0,S-DEC,3,5:00
UFC 265: Lewis vs. Gane,Rafael Fiziev,King Green,Lightweight,0,U-DEC,3,5:00
UFC 265: Lewis vs. Gane,Vince Morales,Drako Rodriguez,Bantamweight,0,U-DEC,3,5:00
UFC 265: Lewis vs. Gane,Alonzo Menifield,Ed Herman,Light Heavyweight,0,U-DEC,3,5:00
UFC 265: Lewis vs. Gane,Jessica Penne,Karolina Kowalkiewicz,Women's Strawweight,0,SUB Armbar,1,4:32
UFC 265: Lewis vs. Gane,Manel Kape,Ode Osbourne,Flyweight,0,KO/TKO Flying Knee,1,4:44
UFC 265: Lewis vs. Gane,Miles Johns,Anderson Dos Santos,Bantamweight,0,KO/TKO Punch,3,1:16
UFC 265: Lewis vs. Gane,Melissa Gatto,Victoria Leonardo,Women's Flyweight,0,KO/TKO,2,5:00
UFC 265: Lewis vs. Gane,Johnny Munoz,Jamey Simmons,Bantamweight,0,SUB Rear Naked Choke,2,2:35
UFC Fight Night: Hall vs. Strickland,Sean Strickland,Uriah Hall,Middleweight,0,U-DEC,5,5:00
UFC Fight Night: Hall vs. Strickland,Cheyanne Vlismas,Gloria de Paula,Women's Strawweight,0,KO/TKO Kick,1,1:00
UFC Fight Night: Hall vs. Strickland,Jared Gooden,Niklas Stolze,Welterweight,0,KO/TKO Punch,1,1:08
UFC Fight Night: Hall vs. Strickland,Melsik Baghdasaryan,Collin Anglin,Featherweight,0,KO/TKO Kick,2,1:50
UFC Fight Night: Hall vs. Strickland,Jason Witt,Bryan Barberena,Welterweight,0,M-DEC,3,5:00
UFC Fight Night: Hall vs. Strickland,Chris Gruetzemacher,Rafa Garcia,Lightweight,0,U-DEC,3,5:00
UFC Fight Night: Hall vs. Strickland,Danny Chavez,Kai Kamaka,Featherweight,0,M-DEC,3,5:00
UFC Fight Night: Hall vs. Strickland,Jinh Yu Frey,Ashley Yoder,Women's Strawweight,0,U-DEC,3,5:00
UFC Fight Night: Hall vs. Strickland,Zarrukh Adashev,Ryan Benoit,Flyweight,0,U-DEC,3,5:00
UFC Fight Night: Hall vs. Strickland,Phil Rowe,Orion Cosce,Welterweight,0,KO/TKO Punches,2,4:21
UFC Fight Night: Sandhagen vs. Dillashaw,TJ Dillashaw,Cory Sandhagen,Bantamweight,0,S-DEC,5,5:00
UFC Fight Night: Sandhagen vs. Dillashaw,Raulian Paiva,Kyler Phillips,Bantamweight,0,M-DEC,3,5:00
UFC Fight Night: Sandhagen vs. Dillashaw,Darren Elkins,Darrick Minner,Featherweight,0,KO/TKO Punches,2,3:48
UFC Fight Night: Sandhagen vs. Dillashaw,Maycee Barber,Miranda Maverick,Women's Flyweight,0,S-DEC,3,5:00
UFC Fight Night: Sandhagen vs. Dillashaw,Adrian Yanez,Randy Costa,Bantamweight,0,KO/TKO Punches,2,2:11
UFC Fight Night: Sandhagen vs. Dillashaw,Brendan Allen,Punahele Soriano,Middleweight,0,U-DEC,3,5:00
UFC Fight Night: Sandhagen vs. Dillashaw,Nassourdine Imavov,Ian Heinisch,Middleweight,0,KO/TKO Punches,2,3:09
UFC Fight Night: Sandhagen vs. Dillashaw,Mickey Gall,Jordan Williams,Welterweight,0,SUB Rear Naked Choke,1,2:57
UFC Fight Night: Sandhagen vs. Dillashaw,Julio Arce,Andre Ewell,Bantamweight,0,KO/TKO Punches,2,3:45
UFC Fight Night: Sandhagen vs. Dillashaw,Sijara Eubanks,Elise Reed,Women's Flyweight,0,KO/TKO Punches,1,3:49
UFC Fight Night: Sandhagen vs. Dillashaw,Diana Belbita,Hannah Goldy,Women's Strawweight,0,U-DEC,3,5:00
UFC Fight Night: Makhachev vs. Moises,Islam Makhachev,Thiago Moises,Lightweight,0,SUB Rear Naked Choke,4,2:38
UFC Fight Night: Makhachev vs. Moises,Miesha Tate,Marion Reneau,Women's Bantamweight,0,KO/TKO Elbows,3,1:53
UFC Fight Night: Makhachev vs. Moises,Mateusz Gamrot,Jeremy Stephens,Lightweight,0,SUB Kimura,1,1:05
UFC Fight Night: Makhachev vs. Moises,Rodolfo Vieira,Dustin Stoltzfus,Middleweight,0,SUB Rear Naked Choke,3,1:54
UFC Fight Night: Makhachev vs. Moises,Billy Quarantillo,Gabriel Benitez,Featherweight,0,KO/TKO Punches,3,3:40
UFC Fight Night: Makhachev vs. Moises,Daniel Rodriguez,Preston Parsons,Welterweight,0,KO/TKO Punches,1,3:47
UFC Fight Night: Makhachev vs. Moises,Amanda Lemos,Montserrat Conejo Ruiz,Women's Strawweight,0,KO/TKO Punch,1,0:35
UFC Fight Night: Makhachev vs. Moises,Sergey Morozov,Khalid Taha,Bantamweight,0,U-DEC,3,5:00
UFC Fight Night: Makhachev vs. Moises,Malcolm Gordon,Francisco Figueiredo,Flyweight,0,U-DEC,3,5:00
UFC Fight Night: Makhachev vs. Moises,Alan Baudot,Rodrigo Nascimento,Heavyweight,0,Overturned Punches,2,1:29
UFC 264: Poirier vs. McGregor 3,Dustin Poirier,Conor McGregor,Lightweight,0,KO/TKO,1,5:00
UFC 264: Poirier vs. McGregor 3,Gilbert Burns,Stephen Thompson,Welterweight,0,U-DEC,3,5:00
UFC 264: Poirier vs. McGregor 3,Tai Tuivasa,Greg Hardy,Heavyweight,0,KO/TKO Punch,1,1:07
UFC 264: Poirier vs. McGregor 3,Irene Aldana,Yana Santos,Women's Bantamweight,0,KO/TKO Punches,1,4:35
UFC 264: Poirier vs. McGregor 3,Sean O'Malley,Kris Moutinho,Bantamweight,0,KO/TKO Punches,3,4:33
UFC 264: Poirier vs. McGregor 3,Max Griffin,Carlos Condit,Welterweight,0,U-DEC,3,5:00
UFC 264: Poirier vs. McGregor 3,Michel Pereira,Niko Price,Welterweight,0,U-DEC,3,5:00
UFC 264: Poirier vs. McGregor 3,Ilia Topuria,Ryan Hall,Featherweight,0,KO/TKO Punches,1,4:47
UFC 264: Poirier vs. McGregor 3,Dricus Du Plessis,Trevin Giles,Middleweight,0,KO/TKO Punch,2,1:41
UFC 264: Poirier vs. McGregor 3,Jennifer Maia,Jessica Eye,Women's Flyweight,0,U-DEC,3,5:00
UFC 264: Poirier vs. McGregor 3,Brad Tavares,Omari Akhmedov,Middleweight,0,S-DEC,3,5:00
UFC 264: Poirier vs. McGregor 3,Zhalgas Zhumagulov,Jerome Rivera,Flyweight,0,SUB Guillotine Choke,1,2:02
UFC Fight Night: Gane vs. Volkov,Ciryl Gane,Alexander Volkov,Heavyweight,0,U-DEC,5,5:00
UFC Fight Night: Gane vs. Volkov,Tanner Boser,Ovince Saint Preux,Heavyweight,0,KO/TKO Punch,2,2:31
UFC Fight Night: Gane vs. Volkov,Timur Valiev,Raoni Barcelos,Bantamweight,0,M-DEC,3,5:00
UFC Fight Night: Gane vs. Volkov,Andre Fili,Daniel Pineda,Featherweight,0,CNC,2,0:46
UFC Fight Night: Gane vs. Volkov,Tim Means,Nicolas Dalby,Welterweight,0,U-DEC,3,5:00
UFC Fight Night: Gane vs. Volkov,Renato Moicano,Jai Herbert,Lightweight,0,SUB Rear Naked Choke,2,4:34
UFC Fight Night: Gane vs. Volkov,Kennedy Nzechukwu,Danilo Marques,Light Heavyweight,0,KO/TKO Punches,3,0:20
UFC Fight Night: Gane vs. Volkov,Shavkat Rakhmonov,Michel Prazeres,Welterweight,0,SUB Rear Naked Choke,2,2:10
UFC Fight Night: Gane vs. Volkov,Jeremiah Wells,Warlley Alves,Welterweight,0,KO/TKO Punch,2,0:30
UFC Fight Night: Gane vs. Volkov,Marcin Prachnio,Ike Villanueva,Light Heavyweight,0,KO/TKO Kick,2,0:56
UFC Fight Night: Gane vs. Volkov,Julia Avila,Julija Stoliarenko,Women's Bantamweight,0,SUB Rear Naked Choke,3,4:19
UFC Fight Night: Gane vs. Volkov,Charles Rosa,Justin Jaynes,Featherweight,0,S-DEC,3,5:00
UFC Fight Night: Gane vs. Volkov,Damir Hadzovic,Yancy Medeiros,Lightweight,0,U-DEC,3,5:00
UFC Fight Night: Jung vs. Ige,Chan Sung Jung,Dan Ige,Featherweight,0,U-DEC,5,5:00
UFC Fight Night: Jung vs. Ige,Serghei Spivac,Aleksei Oleinik,Heavyweight,0,U-DEC,3,5:00
UFC Fight Night: Jung vs. Ige,Marlon Vera,Davey Grant,Bantamweight,0,U-DEC,3,5:00
UFC Fight Night: Jung vs. Ige,SeungWoo Choi,Julian Erosa,Featherweight,0,KO/TKO Punch,1,1:37
UFC Fight Night: Jung vs. Ige,Bruno Silva,Wellington Turman,Middleweight,0,KO/TKO Punches,1,4:45
UFC Fight Night: Jung vs. Ige,Matt Brown,Dhiego Lima,Welterweight,0,KO/TKO Punch,2,3:02
UFC Fight Night: Jung vs. Ige,Nicolae Negumereanu,Aleksa Camur,Light Heavyweight,0,S-DEC,3,5:00
UFC Fight Night: Jung vs. Ige,Virna Jandiroba,Kanako Murata,Women's Strawweight,0,KO/TKO,2,5:00
UFC Fight Night: Jung vs. Ige,Khaos Williams,Matthew Semelsberger,Welterweight,0,U-DEC,3,5:00
UFC Fight Night: Jung vs. Ige,Josh Parisian,Roque Martinez,Heavyweight,0,S-DEC,3,5:00
UFC Fight Night: Jung vs. Ige,Ricky Glenn,Joaquim Silva,Lightweight,0,KO/TKO Punches,1,0:37
UFC Fight Night: Jung vs. Ige,Casey O'Neill,Lara Procopio,Women's Flyweight,0,SUB Rear Naked Choke,3,2:54
UFC 263: Adesanya vs. Vettori 2,Israel Adesanya,Marvin Vettori,Middleweight,1,U-DEC,5,5:00
UFC 263: Adesanya vs. Vettori 2,Brandon Moreno,Deiveson Figueiredo,Flyweight,1,SUB Rear Naked Choke,3,2:26
UFC 263: Adesanya vs. Vettori 2,Leon Edwards,Nate Diaz,Welterweight,0,U-DEC,5,5:00
UFC 263: Adesanya vs. Vettori 2,Belal Muhammad,Demian Maia,Welterweight,0,U-DEC,3,5:00
UFC 263: Adesanya vs. Vettori 2,Paul Craig,Jamahal Hill,Light Heavyweight,0,KO/TKO Punches,1,1:59
UFC 263: Adesanya vs. Vettori 2,Brad Riddell,Drew Dober,Lightweight,0,U-DEC,3,5:00
UFC 263: Adesanya vs. Vettori 2,Eryk Anders,Darren Stewart,Light Heavyweight,0,U-DEC,3,5:00
UFC 263: Adesanya vs. Vettori 2,Lauren Murphy,Joanne Wood,Women's Flyweight,0,S-DEC,3,5:00
UFC 263: Adesanya vs. Vettori 2,Movsar Evloev,Hakeem Dawodu,Featherweight,0,U-DEC,3,5:00
UFC 263: Adesanya vs. Vettori 2,Pannie Kianzad,Alexis Davis,Women's Bantamweight,0,U-DEC,3,5:00
UFC 263: Adesanya vs. Vettori 2,Terrance McKinney,Matt Frevola,Lightweight,0,KO/TKO Punch,1,0:07
UFC 263: Adesanya vs. Vettori 2,Steven Peterson,Chase Hooper,Featherweight,0,U-DEC,3,5:00
UFC 263: Adesanya vs. Vettori 2,Fares Ziam,Luigi Vendramini,Lightweight,0,M-DEC,3,5:00
UFC 263: Adesanya vs. Vettori 2,Carlos Felipe,Jake Collier,Heavyweight,0,S-DEC,3,5:00
UFC Fight Night: Rozenstruik vs. Sakai,Jairzinho Rozenstruik,Augusto Sakai,Heavyweight,0,KO/TKO Punches,1,4:59
UFC Fight Night: Rozenstruik vs. Sakai,Marcin Tybura,Walt Harris,Heavyweight,0,KO/TKO Punches,1,4:06
UFC Fight Night: Rozenstruik vs. Sakai,Roman Dolidze,Laureano Staropoli,Middleweight,0,U-DEC,3,5:00
UFC Fight Night: Rozenstruik vs. Sakai,Santiago Ponzinibbio,Miguel Baeza,Welterweight,0,U-DEC,3,5:00
UFC Fight Night: Rozenstruik vs. Sakai,Gregory Rodrigues,Dusko Todorovic,Middleweight,0,U-DEC,3,5:00
UFC Fight Night: Rozenstruik vs. Sakai,Montana De La Rosa,Ariane da Silva,Women's Flyweight,0,KO/TKO Punches,2,4:27
UFC Fight Night: Rozenstruik vs. Sakai,Ilir Latifi,Tanner Boser,Heavyweight,0,S-DEC,3,5:00
UFC Fight Night: Rozenstruik vs. Sakai,Muslim Salikhov,Francisco Trinaldo,Welterweight,0,U-DEC,3,5:00
UFC Fight Night: Rozenstruik vs. Sakai,Kamuela Kirk,Makwan Amirkhani,Featherweight,0,U-DEC,3,5:00
UFC Fight Night: Rozenstruik vs. Sakai,Alan Patrick,Mason Jones,Lightweight,0,CNC,2,2:14
UFC Fight Night: Rozenstruik vs. Sakai,Manon Fiorot,Tabatha Ricci,Women's Flyweight,0,KO/TKO Punches,2,3:00
UFC Fight Night: Rozenstruik vs. Sakai,Sean Woodson,Youssef Zalal,Featherweight,0,S-DEC,3,5:00
UFC Fight Night: Rozenstruik vs. Sakai,Claudio Puelles,Jordan Leavitt,Lightweight,0,U-DEC,3,5:00
UFC Fight Night: Font vs. Garbrandt,Rob Font,Cody Garbrandt,Bantamweight,0,U-DEC,5,5:00
UFC Fight Night: Font vs. Garbrandt,Carla Esparza,Yan Xiaonan,Women's Strawweight,0,KO/TKO Punches,2,2:58
UFC Fight Night: Font vs. Garbrandt,Jared Vanderaa,Justin Tafa,Heavyweight,0,U-DEC,3,5:00
UFC Fight Night: Font vs. Garbrandt,Norma Dumont,Felicia Spencer,Women's Featherweight,0,S-DEC,3,5:00
UFC Fight Night: Font vs. Garbrandt,Ricardo Ramos,Bill Algeo,Featherweight,0,U-DEC,3,5:00
UFC Fight Night: Font vs. Garbrandt,Jack Hermansson,Edmen Shahbazyan,Middleweight,0,U-DEC,3,5:00
UFC Fight Night: Font vs. Garbrandt,Ben Rothwell,Chris Barnett,Heavyweight,0,SUB Guillotine Choke,2,2:07
UFC Fight Night: Font vs. Garbrandt,Court McGee,Claudio Silva,Welterweight,0,U-DEC,3,5:00
UFC Fight Night: Font vs. Garbrandt,Bruno Silva,Victor Rodriguez,Flyweight,0,KO/TKO Punch,1,1:00
UFC Fight Night: Font vs. Garbrandt,Josh Culibao,Shayilan Nuerdanbieke,Featherweight,0,U-DEC,3,5:00
UFC Fight Night: Font vs. Garbrandt,David Dvorak,Juancamilo Ronderos,Flyweight,0,SUB Rear Naked Choke,1,2:18
UFC Fight Night: Font vs. Garbrandt,Damir Ismagulov,Rafael Alves,Lightweight,0,U-DEC,3,5:00
UFC 262: Oliveira vs. Chandler,Charles Oliveira,Michael Chandler,Lightweight,1,KO/TKO Punch,2,0:19
UFC 262: Oliveira vs. Chandler,Beneil Dariush,Tony Ferguson,Lightweight,0,U-DEC,3,5:00
UFC 262: Oliveira vs. Chandler,Matt Schnell,Rogerio Bontorin,Bantamweight,0,Overturned,3,5:00
UFC 262: Oliveira vs. Chandler,Katlyn Cerminara,Viviane Araujo,Women's Flyweight,0,U-DEC,3,5:00
UFC 262: Oliveira vs. Chandler,Edson Barboza,Shane Burgos,Featherweight,0,KO/TKO Punch,3,1:16
UFC 262: Oliveira vs. Chandler,Andre Muniz,Jacare Souza,Middleweight,0,SUB Armbar,1,3:59
UFC 262: Oliveira vs. Chandler,Lando Vannata,Mike Grundy,Featherweight,0,S-DEC,3,5:00
UFC 262: Oliveira vs. Chandler,Jordan Wright,Jamie Pickett,Middleweight,0,KO/TKO Knee,1,1:04
UFC 262: Oliveira vs. Chandler,Andrea Lee,Antonina Shevchenko,Women's Flyweight,0,SUB Triangle Armbar,2,4:52
UFC 262: Oliveira vs. Chandler,Priscila Cachoeira,Gina Mazany,Women's Flyweight,0,KO/TKO Punches,2,4:51
UFC 262: Oliveira vs. Chandler,Tucker Lutz,Kevin Aguilar,Featherweight,0,U-DEC,3,5:00
UFC 262: Oliveira vs. Chandler,Christos Giagos,Sean Soriano,Lightweight,0,SUB D'Arce Choke,2,0:59
UFC Fight Night: Rodriguez vs. Waterson,Marina Rodriguez,Michelle Waterson-Gomez,Women's Flyweight,0,U-DEC,5,5:00
UFC Fight Night: Rodriguez vs. Waterson,Alex Morono,Donald Cerrone,Welterweight,0,KO/TKO Punches,1,4:40
UFC Fight Night: Rodriguez vs. Waterson,Neil Magny,Geoff Neal,Welterweight,0,U-DEC,3,5:00
UFC Fight Night: Rodriguez vs. Waterson,Marcos Rogerio de Lima,Maurice Greene,Heavyweight,0,U-DEC,3,5:00
UFC Fight Night: Rodriguez vs. Waterson,Gregor Gillespie,Diego Ferreira,Lightweight,0,KO/TKO Punches,2,4:51
UFC Fight Night: Rodriguez vs. Waterson,Phil Hawes,Kyle Daukaus,Middleweight,0,U-DEC,3,5:00
UFC Fight Night: Rodriguez vs. Waterson,Michael Trizano,Ludovit Klein,Featherweight,0,U-DEC,3,5:00
UFC Fight Night: Rodriguez vs. Waterson,JunYong Park,Tafon Nchukwi,Middleweight,0,M-DEC,3,5:00
UFC Fight Night: Rodriguez vs. Waterson,Carlston Harris,Christian Aguilera,Welterweight,0,SUB Anaconda Choke,1,2:52
UFC Fight Night: Reyes vs. Prochazka,Jiri Prochazka,Dominick Reyes,Light Heavyweight,0,KO/TKO Spinning Back Elbow,2,4:29
UFC Fight Night: Reyes vs. Prochazka,Giga Chikadze,Cub Swanson,Featherweight,0,KO/TKO Kick,1,1:03
UFC Fight Night: Reyes vs. Prochazka,Ion Cutelaba,Dustin Jacoby,Light Heavyweight,0,S-DEC,3,5:00
UFC Fight Night: Reyes vs. Prochazka,Sean Strickland,Krzysztof Jotko,Middleweight,0,U-DEC,3,5:00
UFC Fight Night: Reyes vs. Prochazka,Merab Dvalishvili,Cody Stamann,Bantamweight,0,U-DEC,3,5:00
UFC Fight Night: Reyes vs. Prochazka,Luana Pinheiro,Randa Markos,Women's Strawweight,0,DQ,1,4:16
UFC Fight Night: Reyes vs. Prochazka,TJ Brown,Kai Kamaka,Featherweight,0,S-DEC,3,5:00
UFC Fight Night: Reyes vs. Prochazka,Luana Carolina,Poliana Botelho,Women's Flyweight,0,S-DEC,3,5:00
UFC Fight Night: Reyes vs. Prochazka,Loma Lookboonmee,Sam Hughes,Women's Strawweight,0,U-DEC,3,5:00
UFC Fight Night: Reyes vs. Prochazka,Andreas Michailidis,KB Bhullar,Middleweight,0,U-DEC,3,5:00
UFC Fight Night: Reyes vs. Prochazka,Felipe Colares,Luke Sanders,Featherweight,0,U-DEC,3,5:00
UFC 261: Usman vs. Masvidal 2,Kamaru Usman,Jorge Masvidal,Welterweight,1,KO/TKO Punch,2,1:02
UFC 261: Usman vs. Masvidal 2,Rose Namajunas,Zhang Weili,Women's Strawweight,1,KO/TKO Kick,1,1:18
UFC 261: Usman vs. Masvidal 2,Valentina Shevchenko,Jessica Andrade,Women's Flyweight,1,KO/TKO Elbows,2,3:19
UFC 261: Usman vs. Masvidal 2,Uriah Hall,Chris Weidman,Middleweight,0,KO/TKO,1,0:17
UFC 261: Usman vs. Masvidal 2,Anthony Smith,Jimmy Crute,Light Heavyweight,0,KO/TKO,1,5:00
UFC 261: Usman vs. Masvidal 2,Randy Brown,Alex Oliveira,Welterweight,0,SUB Rear Naked Choke,1,2:50
UFC 261: Usman vs. Masvidal 2,Dwight Grant,Stefan Sekulic,Welterweight,0,S-DEC,3,5:00
UFC 261: Usman vs. Masvidal 2,Brendan Allen,Karl Roberson,Middleweight,0,SUB Ankle Lock,1,4:55
UFC 261: Usman vs. Masvidal 2,Pat Sabatini,Tristan Connelly,Featherweight,0,U-DEC,3,5:00
UFC 261: Usman vs. Masvidal 2,Batgerel Danaa,Kevin Natividad,Bantamweight,0,KO/TKO Punch,1,0:50
UFC 261: Usman vs. Masvidal 2,Kazula Vargas,Rongzhu,Lightweight,0,U-DEC,3,5:00
UFC 261: Usman vs. Masvidal 2,Jeff Molina,Aoriqileng,Flyweight,0,U-DEC,3,5:00
UFC 261: Usman vs. Masvidal 2,Ariane Carnelossi,Liang Na,Women's Strawweight,0,KO/TKO Punches,2,1:28
UFC Fight Night: Whittaker vs. Gastelum,Robert Whittaker,Kelvin Gastelum,Middleweight,0,U-DEC,5,5:00
UFC Fight Night: Whittaker vs. Gastelum,Andrei Arlovski,Chase Sherman,Heavyweight,0,U-DEC,3,5:00
UFC Fight Night: Whittaker vs. Gastelum,Jacob Malkoun,Abdul Razak Alhassan,Middleweight,0,U-DEC,3,5:00
UFC Fight Night: Whittaker vs. Gastelum,Tracy Cortez,Justine Kish,Women's Flyweight,0,S-DEC,3,5:00
UFC Fight Night: Whittaker vs. Gastelum,Luis Pena,Alexander Munoz,Lightweight,0,S-DEC,3,5:00
UFC Fight Night: Whittaker vs. Gastelum,Alexandr Romanov,Juan Espino,Heavyweight,0,S-DEC,3,1:05
UFC Fight Night: Whittaker vs. Gastelum,Jessica Penne,Loopy Godinez,Women's Strawweight,0,S-DEC,3,5:00
UFC Fight Night: Whittaker vs. Gastelum,Gerald Meerschaert,Bartosz Fabinski,Middleweight,0,SUB Guillotine Choke,1,2:00
UFC Fight Night: Whittaker vs. Gastelum,Austin Hubbard,Dakota Bush,Lightweight,0,U-DEC,3,5:00
UFC Fight Night: Whittaker vs. Gastelum,Tony Gravely,Anthony Birchak,Bantamweight,0,KO/TKO Punch,2,1:31
UFC Fight Night: Vettori vs. Holland,Marvin Vettori,Kevin Holland,Middleweight,0,U-DEC,5,5:00
UFC Fight Night: Vettori vs. Holland,Arnold Allen,Sodiq Yusuff,Featherweight,0,U-DEC,3,5:00
UFC Fight Night: Vettori vs. Holland,Julian Marquez,Sam Alvey,Middleweight,0,SUB Rear Naked Choke,2,2:07
UFC Fight Night: Vettori vs. Holland,Mackenzie Dern,Nina Nunes,Women's Strawweight,0,SUB Armbar,1,4:48
UFC Fight Night: Vettori vs. Holland,Daniel Rodriguez,Mike Perry,Welterweight,0,U-DEC,3,5:00
UFC Fight Night: Vettori vs. Holland,Joe Solecki,Jim Miller,Lightweight,0,U-DEC,3,5:00
UFC Fight Night: Vettori vs. Holland,Mateusz Gamrot,Scott Holtzman,Lightweight,0,KO/TKO Punches,2,1:22
UFC Fight Night: Vettori vs. Holland,John Makdessi,Ignacio Bahamondes,Lightweight,0,S-DEC,3,5:00
UFC Fight Night: Vettori vs. Holland,Jarjis Danho,Yorgan De Castro,Heavyweight,0,KO/TKO Punch,1,3:02
UFC Fight Night: Vettori vs. Holland,Jack Shore,Hunter Azure,Bantamweight,0,S-DEC,3,5:00
UFC Fight Night: Vettori vs. Holland,Luis Saldana,Jordan Griffin,Featherweight,0,U-DEC,3,5:00
UFC Fight Night: Vettori vs. Holland,Da Woon Jung,William Knight,Light Heavyweight,0,U-DEC,3,5:00
UFC Fight Night: Vettori vs. Holland,Impa Kasanganay,Sasha Palatnikov,Welterweight,0,SUB Rear Naked Choke,2,0:26
UFC 260: Miocic vs. Ngannou,Francis Ngannou,Stipe Miocic,Heavyweight,1,KO/TKO Punch,2,0:52
UFC 260: Miocic vs. Ngannou,Vicente Luque,Tyron Woodley,Welterweight,0,SUB D'Arce Choke,1,3:56
UFC 260: Miocic vs. Ngannou,Sean O'Malley,Thomas Almeida,Bantamweight,0,KO/TKO Punch,3,3:52
UFC 260: Miocic vs. Ngannou,Miranda Maverick,Gillian Robertson,Women's Flyweight,0,U-DEC,3,5:00
UFC 260: Miocic vs. Ngannou,Jamie Mullarkey,Khama Worthy,Lightweight,0,KO/TKO Punch,1,0:46
UFC 260: Miocic vs. Ngannou,Alonzo Menifield,Fabio Cherant,Light Heavyweight,0,SUB Von Flue Choke,1,1:11
UFC 260: Miocic vs. Ngannou,Abubakar Nurmagomedov,Jared Gooden,Welterweight,0,U-DEC,3,5:00
UFC 260: Miocic vs. Ngannou,Michal Oleksiejczuk,Modestas Bukauskas,Light Heavyweight,0,S-DEC,3,5:00
UFC 260: Miocic vs. Ngannou,Omar Morales,Shane Young,Featherweight,0,U-DEC,3,5:00
UFC 260: Miocic vs. Ngannou,Marc-Andre Barriault,Abu Azaitar,Middleweight,0,KO/TKO Punches,3,4:56
UFC Fight Night: Brunson vs. Holland,Derek Brunson,Kevin Holland,Middleweight,0,U-DEC,5,5:00
UFC Fight Night: Brunson vs. Holland,Max Griffin,Song Kenan,Welterweight,0,KO/TKO Punch,1,2:20
UFC Fight Night: Brunson vs. Holland,Montserrat Conejo Ruiz,Cheyanne Vlismas,Women's Strawweight,0,U-DEC,3,5:00
UFC Fight Night: Brunson vs. Holland,Adrian Yanez,Gustavo Lopez,Bantamweight,0,KO/TKO Punch,3,0:27
UFC Fight Night: Brunson vs. Holland,Tai Tuivasa,Harry Hunsucker,Heavyweight,0,KO/TKO Punches,1,0:49
UFC Fight Night: Brunson vs. Holland,Macy Chiasson,Marion Reneau,Women's Bantamweight,0,U-DEC,3,5:00
UFC Fight Night: Brunson vs. Holland,Grant Dawson,Leonardo Santos,Lightweight,0,KO/TKO Punches,3,4:59
UFC Fight Night: Brunson vs. Holland,Trevin Giles,Roman Dolidze,Middleweight,0,U-DEC,3,5:00
UFC Fight Night: Brunson vs. Holland,Montel Jackson,Jesse Strader,Bantamweight,0,KO/TKO Punch,1,1:58
UFC Fight Night: Brunson vs. Holland,Bruno Silva,JP Buys,Flyweight,0,KO/TKO Punch,2,2:56
UFC Fight Night: Edwards vs. Muhammad,Leon Edwards,Belal Muhammad,Welterweight,0,CNC,2,0:18
UFC Fight Night: Edwards vs. Muhammad,Ryan Spann,Misha Cirkunov,Light Heavyweight,0,KO/TKO Punches,1,1:11
UFC Fight Night: Edwards vs. Muhammad,Dan Ige,Gavin Tucker,Featherweight,0,KO/TKO Punch,1,0:22
UFC Fight Night: Edwards vs. Muhammad,Davey Grant,Jonathan Martinez,Bantamweight,0,KO/TKO Punch,2,3:03
UFC Fight Night: Edwards vs. Muhammad,Matheus Nicolau,Manel Kape,Flyweight,0,S-DEC,3,5:00
UFC Fight Night: Edwards vs. Muhammad,Eryk Anders,Darren Stewart,Middleweight,0,CNC,1,4:37
UFC Fight Night: Edwards vs. Muhammad,Angela Hill,Ashley Yoder,Women's Strawweight,0,U-DEC,3,5:00
UFC Fight Night: Edwards vs. Muhammad,Charles Jourdain,Marcelo Rojo,Featherweight,0,KO/TKO Punch,3,4:31
UFC Fight Night: Edwards vs. Muhammad,Rani Yahya,Ray Rodriguez,Bantamweight,0,SUB Arm Triangle,2,3:09
UFC Fight Night: Edwards vs. Muhammad,Nasrat Haqparast,Rafa Garcia,Lightweight,0,U-DEC,3,5:00
UFC Fight Night: Edwards vs. Muhammad,JJ Aldrich,Cortney Casey,Women's Flyweight,0,S-DEC,3,5:00
UFC Fight Night: Edwards vs. Muhammad,Jinh Yu Frey,Gloria de Paula,Women's Strawweight,0,U-DEC,3,5:00
UFC Fight Night: Edwards vs. Muhammad,Matthew Semelsberger,Jason Witt,Welterweight,0,KO/TKO Punch,1,0:16
UFC 259: Blachowicz vs. Adesanya,Jan Blachowicz,Israel Adesanya,Light Heavyweight,1,U-DEC,5,5:00
UFC 259: Blachowicz vs. Adesanya,Amanda Nunes,Megan Anderson,Women's Featherweight,1,SUB Triangle Armbar,1,2:03
UFC 259: Blachowicz vs. Adesanya,Aljamain Sterling,Petr Yan,Bantamweight,1,DQ,4,4:29
UFC 259: Blachowicz vs. Adesanya,Islam Makhachev,Drew Dober,Lightweight,0,SUB Arm Triangle,3,1:37
UFC 259: Blachowicz vs. Adesanya,Aleksandar Rakic,Thiago Santos,Light Heavyweight,0,U-DEC,3,5:00
UFC 259: Blachowicz vs. Adesanya,Dominick Cruz,Casey Kenney,Bantamweight,0,S-DEC,3,5:00
UFC 259: Blachowicz vs. Adesanya,Kyler Phillips,Song Yadong,Bantamweight,0,U-DEC,3,5:00
UFC 259: Blachowicz vs. Adesanya,Askar Askarov,Joseph Benavidez,Flyweight,0,U-DEC,3,5:00
UFC 259: Blachowicz vs. Adesanya,Kai Kara-France,Rogerio Bontorin,Flyweight,0,KO/TKO Punch,1,4:55
UFC 259: Blachowicz vs. Adesanya,Tim Elliott,Jordan Espinosa,Flyweight,0,U-DEC,3,5:00
UFC 259: Blachowicz vs. Adesanya,Kennedy Nzechukwu,Carlos Ulberg,Light Heavyweight,0,KO/TKO Punch,2,3:19
UFC 259: Blachowicz vs. Adesanya,Sean Brady,Jake Matthews,Welterweight,0,SUB Arm Triangle,3,3:28
UFC 259: Blachowicz vs. Adesanya,Amanda Lemos,Livinha Souza,Women's Strawweight,0,KO/TKO Punch,1,3:39
UFC 259: Blachowicz vs. Adesanya,Uros Medic,Aalon Cruz,Lightweight,0,KO/TKO Punches,1,1:40
UFC 259: Blachowicz vs. Adesanya,Trevin Jones,Mario Bautista,Bantamweight,0,KO/TKO Punch,2,0:47
UFC Fight Night: Rozenstruik vs. Gane,Ciryl Gane,Jairzinho Rozenstruik,Heavyweight,0,U-DEC,5,5:00
UFC Fight Night: Rozenstruik vs. Gane,Magomed Ankalaev,Nikita Krylov,Light Heavyweight,0,U-DEC,3,5:00
UFC Fight Night: Rozenstruik vs. Gane,Montana De La Rosa,Mayra Bueno Silva,Women's Flyweight,0,M-DEC,3,5:00
UFC Fight Night: Rozenstruik vs. Gane,Pedro Munhoz,Jimmie Rivera,Bantamweight,0,U-DEC,3,5:00
UFC Fight Night: Rozenstruik vs. Gane,Alex Caceres,Kevin Croom,Featherweight,0,U-DEC,3,5:00
UFC Fight Night: Rozenstruik vs. Gane,Thiago Moises,Alexander Hernandez,Lightweight,0,U-DEC,3,5:00
UFC Fight Night: Rozenstruik vs. Gane,Alexis Davis,Sabina Mazo,Women's Bantamweight,0,U-DEC,3,5:00
UFC Fight Night: Rozenstruik vs. Gane,Ronnie Lawrence,Vince Cachero,Bantamweight,0,KO/TKO Punches,3,2:38
UFC Fight Night: Rozenstruik vs. Gane,Dustin Jacoby,Maxim Grishin,Light Heavyweight,0,U-DEC,3,5:00
UFC Fight Night: Blaydes vs. Lewis,Derrick Lewis,Curtis Blaydes,Heavyweight,0,KO/TKO Punch,2,1:26
UFC Fight Night: Blaydes vs. Lewis,Yana Santos,Ketlen Vieira,Women's Bantamweight,0,U-DEC,3,5:00
UFC Fight Night: Blaydes vs. Lewis,Darrick Minner,Charles Rosa,Featherweight,0,U-DEC,3,5:00
UFC Fight Night: Blaydes vs. Lewis,Chris Daukaus,Aleksei Oleinik,Heavyweight,0,KO/TKO Punches,1,1:55
UFC Fight Night: Blaydes vs. Lewis,Phil Hawes,Nassourdine Imavov,Middleweight,0,M-DEC,3,5:00
UFC Fight Night: Blaydes vs. Lewis,Tom Aspinall,Andrei Arlovski,Heavyweight,0,SUB Rear Naked Choke,2,1:09
UFC Fight Night: Blaydes vs. Lewis,Jared Gordon,Danny Chavez,Featherweight,0,U-DEC,3,5:00
UFC Fight Night: Blaydes vs. Lewis,John Castaneda,Eddie Wineland,Bantamweight,0,KO/TKO Punches,1,4:44
UFC Fight Night: Blaydes vs. Lewis,Julian Erosa,Nate Landwehr,Featherweight,0,KO/TKO Flying Knee,1,0:56
UFC Fight Night: Blaydes vs. Lewis,Casey O'Neill,Shana Dobson,Women's Flyweight,0,KO/TKO Punches,2,3:41
UFC Fight Night: Blaydes vs. Lewis,Aiemann Zahabi,Drako Rodriguez,Bantamweight,0,KO/TKO Punch,1,3:05
UFC Fight Night: Blaydes vs. Lewis,Serghei Spivac,Jared Vanderaa,Heavyweight,0,KO/TKO Punches,2,4:32
UFC 258: Usman vs. Burns,Kamaru Usman,Gilbert Burns,Welterweight,1,KO/TKO Punches,3,0:34
UFC 258: Usman vs. Burns,Alexa Grasso,Maycee Barber,Women's Flyweight,0,U-DEC,3,5:00
UFC 258: Usman vs. Burns,Kelvin Gastelum,Ian Heinisch,Middleweight,0,U-DEC,3,5:00
UFC 258: Usman vs. Burns,Ricky Simon,Brian Kelleher,Featherweight,0,U-DEC,3,5:00
UFC 258: Usman vs. Burns,Julian Marquez,Maki Pitolo,Middleweight,0,SUB Anaconda Choke,3,4:17
UFC 258: Usman vs. Burns,Anthony Hernandez,Rodolfo Vieira,Middleweight,0,SUB Guillotine Choke,2,1:53
UFC 258: Usman vs. Burns,Belal Muhammad,Dhiego Lima,Welterweight,0,U-DEC,3,5:00
UFC 258: Usman vs. Burns,Polyana Viana,Mallory Martin,Women's Strawweight,0,SUB Armbar,1,3:18
UFC 258: Usman vs. Burns,Chris Gutierrez,Andre Ewell,Catch Weight,0,U-DEC,3,5:00
UFC 258: Usman vs. Burns,Gabe Green,Phil Rowe,Welterweight,0,U-DEC,3,5:00
UFC Fight Night: Overeem vs. Volkov,Alexander Volkov,Alistair Overeem,Heavyweight,0,KO/TKO Punch,2,2:06
UFC Fight Night: Overeem vs. Volkov,Cory Sandhagen,Frankie Edgar,Bantamweight,0,KO/TKO Flying Knee,1,0:28
UFC Fight Night: Overeem vs. Volkov,Clay Guida,Michael Johnson,Lightweight,0,U-DEC,3,5:00
UFC Fight Night: Overeem vs. Volkov,Alexandre Pantoja,Manel Kape,Flyweight,0,U-DEC,3,5:00
UFC Fight Night: Overeem vs. Volkov,Beneil Dariush,Diego Ferreira,Lightweight,0,S-DEC,3,5:00
UFC Fight Night: Overeem vs. Volkov,Danilo Marques,Mike Rodriguez,Light Heavyweight,0,SUB Rear Naked Choke,2,4:52
UFC Fight Night: Overeem vs. Volkov,Devonte Smith,Justin Jaynes,Catch Weight,0,KO/TKO,2,3:38
UFC Fight Night: Overeem vs. Volkov,Karol Rosa,Joselyne Edwards,Women's Bantamweight,0,U-DEC,3,5:00
UFC Fight Night: Overeem vs. Volkov,Lara Procopio,Molly McCann,Women's Flyweight,0,U-DEC,3,5:00
UFC Fight Night: Overeem vs. Volkov,SeungWoo Choi,Youssef Zalal,Featherweight,0,U-DEC,3,5:00
UFC Fight Night: Overeem vs. Volkov,Timur Valiev,Martin Day,Featherweight,0,U-DEC,3,5:00
UFC Fight Night: Overeem vs. Volkov,Ode Osbourne,Jerome Rivera,Featherweight,0,KO/TKO Punch,1,0:26
UFC 257: Poirier vs. McGregor,Dustin Poirier,Conor McGregor,Lightweight,0,KO/TKO Punches,2,2:32
UFC 257: Poirier vs. McGregor,Michael Chandler,Dan Hooker,Lightweight,0,KO/TKO Punch,1,2:30
UFC 257: Poirier vs. McGregor,Joanne Wood,Jessica Eye,Women's Flyweight,0,U-DEC,3,5:00
UFC 257: Poirier vs. McGregor,Makhmud Muradov,Andrew Sanchez,Middleweight,0,KO/TKO Punches,3,2:59
UFC 257: Poirier vs. McGregor,Marina Rodriguez,Amanda Ribas,Women's Strawweight,0,KO/TKO Punch,2,0:54
UFC 257: Poirier vs. McGregor,Arman Tsarukyan,Matt Frevola,Lightweight,0,U-DEC,3,5:00
UFC 257: Poirier vs. McGregor,Brad Tavares,Antonio Carlos Junior,Middleweight,0,U-DEC,3,5:00
UFC 257: Poirier vs. McGregor,Julianna Pena,Sara McMann,Women's Bantamweight,0,SUB Rear Naked Choke,3,3:39
UFC 257: Poirier vs. McGregor,Marcin Prachnio,Khalil Rountree Jr.,Light Heavyweight,0,U-DEC,3,5:00
UFC 257: Poirier vs. McGregor,Movsar Evloev,Nik Lentz,Catch Weight,0,S-DEC,3,5:00
UFC 257: Poirier vs. McGregor,Amir Albazi,Zhalgas Zhumagulov,Flyweight,0,U-DEC,3,5:00
UFC Fight Night: Chiesa vs. Magny,Michael Chiesa,Neil Magny,Welterweight,0,U-DEC,5,5:00
UFC Fight Night: Chiesa vs. Magny,Warlley Alves,Mounir Lazzez,Welterweight,0,KO/TKO Kick,1,2:35
UFC Fight Night: Chiesa vs. Magny,Ike Villanueva,Vinicius Moreira,Light Heavyweight,0,KO/TKO Punch,2,0:39
UFC Fight Night: Chiesa vs. Magny,Viviane Araujo,Roxanne Modafferi,Women's Flyweight,0,U-DEC,3,5:00
UFC Fight Night: Chiesa vs. Magny,Matt Schnell,Tyson Nam,Flyweight,0,S-DEC,3,5:00
UFC Fight Night: Chiesa vs. Magny,Lerone Murphy,Douglas Silva de Andrade,Featherweight,0,U-DEC,3,5:00
UFC Fight Night: Chiesa vs. Magny,Omari Akhmedov,Tom Breese,Middleweight,0,SUB Arm Triangle,2,1:41
UFC Fight Night: Chiesa vs. Magny,Ricky Simon,Gaetano Pirrello,Bantamweight,0,SUB Arm Triangle,2,4:00
UFC Fight Night: Chiesa vs. Magny,Sumudaerji,Zarrukh Adashev,Flyweight,0,U-DEC,3,5:00
UFC Fight Night: Chiesa vs. Magny,Dalcha Lungiambula,Markus Perez,Middleweight,0,U-DEC,3,5:00
UFC Fight Night: Chiesa vs. Magny,Francisco Figueiredo,Jerome Rivera,Flyweight,0,U-DEC,3,5:00
UFC Fight Night: Chiesa vs. Magny,Mike Davis,Mason Jones,Lightweight,0,U-DEC,3,5:00
UFC Fight Night: Chiesa vs. Magny,Umar Nurmagomedov,Sergey Morozov,Bantamweight,0,SUB Rear Naked Choke,2,3:39
UFC Fight Night: Chiesa vs. Magny,Manon Fiorot,Victoria Leonardo,Women's Flyweight,0,KO/TKO Punches,2,4:08
UFC Fight Night: Holloway vs. Kattar,Max Holloway,Calvin Kattar,Featherweight,0,U-DEC,5,5:00
UFC Fight Night: Holloway vs. Kattar,Carlos Condit,Matt Brown,Welterweight,0,U-DEC,3,5:00
UFC Fight Night: Holloway vs. Kattar,Li Jingliang,Santiago Ponzinibbio,Welterweight,0,KO/TKO Punch,1,4:25
UFC Fight Night: Holloway vs. Kattar,Alessio Di Chirico,Joaquin Buckley,Middleweight,0,KO/TKO Kick,1,2:12
UFC Fight Night: Holloway vs. Kattar,Punahele Soriano,Dusko Todorovic,Middleweight,0,KO/TKO Punch,1,4:48
UFC Fight Night: Holloway vs. Kattar,Joselyne Edwards,Wu Yanan,Women's Bantamweight,0,U-DEC,3,5:00
UFC Fight Night: Holloway vs. Kattar,Carlos Felipe,Justin Tafa,Heavyweight,0,S-DEC,3,5:00
UFC Fight Night: Holloway vs. Kattar,Ramazan Emeev,David Zawada,Welterweight,0,S-DEC,3,5:00
UFC Fight Night: Holloway vs. Kattar,Vanessa Melo,Sarah Moras,Women's Bantamweight,0,U-DEC,3,5:00
UFC Fight Night: Holloway vs. Kattar,Austin Lingo,Jacob Kilburn,Featherweight,0,U-DEC,3,5:00
UFC Fight Night: Thompson vs. Neal,Stephen Thompson,Geoff Neal,Welterweight,0,U-DEC,5,5:00
UFC Fight Night: Thompson vs. Neal,Jose Aldo,Marlon Vera,Bantamweight,0,U-DEC,3,5:00
UFC Fight Night: Thompson vs. Neal,Michel Pereira,Khaos Williams,Welterweight,0,U-DEC,3,5:00
UFC Fight Night: Thompson vs. Neal,Rob Font,Marlon Moraes,Bantamweight,0,KO/TKO Punches,1,3:47
UFC Fight Night: Thompson vs. Neal,Marcin Tybura,Greg Hardy,Heavyweight,0,KO/TKO Punches,2,4:31
UFC Fight Night: Thompson vs. Neal,Anthony Pettis,Alex Morono,Welterweight,0,U-DEC,3,5:00
UFC Fight Night: Thompson vs. Neal,Pannie Kianzad,Sijara Eubanks,Women's Bantamweight,0,U-DEC,3,5:00
UFC Fight Night: Thompson vs. Neal,Deron Winn,Antonio Arroyo,Catch Weight,0,U-DEC,3,5:00
UFC Fight Night: Thompson vs. Neal,Taila Santos,Gillian Robertson,Women's Flyweight,0,U-DEC,3,5:00
UFC Fight Night: Thompson vs. Neal,Tafon Nchukwi,Jamie Pickett,Middleweight,0,U-DEC,3,5:00
UFC Fight Night: Thompson vs. Neal,Jimmy Flick,Cody Durden,Flyweight,0,SUB Triangle Choke,1,3:18
UFC Fight Night: Thompson vs. Neal,Christos Giagos,Carlton Minus,Catch Weight,0,U-DEC,3,5:00
UFC 256: Figueiredo vs. Moreno,Deiveson Figueiredo,Brandon Moreno,Flyweight,1,M-DEC,5,5:00
UFC 256: Figueiredo vs. Moreno,Charles Oliveira,Tony Ferguson,Lightweight,0,U-DEC,3,5:00
UFC 256: Figueiredo vs. Moreno,Mackenzie Dern,Virna Jandiroba,Women's Strawweight,0,U-DEC,3,5:00
UFC 256: Figueiredo vs. Moreno,Kevin Holland,Jacare Souza,Middleweight,0,KO/TKO Punch,1,1:45
UFC 256: Figueiredo vs. Moreno,Ciryl Gane,Junior Dos Santos,Heavyweight,0,KO/TKO Elbow,2,2:34
UFC 256: Figueiredo vs. Moreno,Cub Swanson,Daniel Pineda,Featherweight,0,KO/TKO Punch,2,1:52
UFC 256: Figueiredo vs. Moreno,Rafael Fiziev,Renato Moicano,Lightweight,0,KO/TKO Punch,1,4:05
UFC 256: Figueiredo vs. Moreno,Gavin Tucker,Billy Quarantillo,Featherweight,0,U-DEC,3,5:00
UFC 256: Figueiredo vs. Moreno,Tecia Pennington,Sam Hughes,Women's Strawweight,0,KO/TKO,1,5:00
UFC 256: Figueiredo vs. Moreno,Chase Hooper,Peter Barrett,Featherweight,0,SUB Heel Hook,3,3:02
UFC Fight Night: Hermansson vs. Vettori,Marvin Vettori,Jack Hermansson,Middleweight,0,U-DEC,5,5:00
UFC Fight Night: Hermansson vs. Vettori,Jamahal Hill,Ovince Saint Preux,Light Heavyweight,0,KO/TKO Punches,2,3:37
UFC Fight Night: Hermansson vs. Vettori,Gabriel Benitez,Justin Jaynes,Lightweight,0,KO/TKO Knee,1,4:06
UFC Fight Night: Hermansson vs. Vettori,Roman Dolidze,John Allan,Light Heavyweight,0,S-DEC,3,5:00
UFC Fight Night: Hermansson vs. Vettori,Jordan Leavitt,Matt Wiman,Lightweight,0,KO/TKO Slam,1,0:22
UFC Fight Night: Hermansson vs. Vettori,Louis Smolka,Jose Quinonez,Bantamweight,0,KO/TKO Punches,2,2:15
UFC Fight Night: Hermansson vs. Vettori,Ilia Topuria,Damon Jackson,Featherweight,0,KO/TKO Punch,1,2:38
UFC Fight Night: Hermansson vs. Vettori,Jake Collier,Gian Villante,Heavyweight,0,U-DEC,3,5:00
UFC Fight Night: Smith vs. Clark,Anthony Smith,Devin Clark,Light Heavyweight,0,SUB Triangle Choke,1,2:34
UFC Fight Night: Smith vs. Clark,Miguel Baeza,Takashi Sato,Welterweight,0,SUB Arm Triangle,2,4:28
UFC Fight Night: Smith vs. Clark,Parker Porter,Josh Parisian,Heavyweight,0,U-DEC,3,5:00
UFC Fight Night: Smith vs. Clark,Bill Algeo,Spike Carlyle,Featherweight,0,U-DEC,3,5:00
UFC Fight Night: Smith vs. Clark,Norma Dumont,Ashlee Evans-Smith,Women's Bantamweight,0,U-DEC,3,5:00
UFC Fight Night: Smith vs. Clark,Jonathan Pearce,Kai Kamaka,Featherweight,0,KO/TKO Punches,2,4:28
UFC Fight Night: Smith vs. Clark,Anderson Dos Santos,Martin Day,Bantamweight,0,SUB Guillotine Choke,1,4:35
UFC Fight Night: Smith vs. Clark,Gina Mazany,Rachael Ostovich,Women's Flyweight,0,KO/TKO Kick,3,4:10
UFC Fight Night: Smith vs. Clark,Sumudaerji,Malcolm Gordon,Flyweight,0,KO/TKO Punches,1,0:44
UFC Fight Night: Smith vs. Clark,Nate Maness,Luke Sanders,Catch Weight,0,SUB Rear Naked Choke,2,2:29
UFC 255: Figueiredo vs. Perez,Deiveson Figueiredo,Alex Perez,Flyweight,1,SUB Guillotine Choke,1,1:57
UFC 255: Figueiredo vs. Perez,Valentina Shevchenko,Jennifer Maia,Women's Flyweight,1,U-DEC,5,5:00
UFC 255: Figueiredo vs. Perez,Tim Means,Mike Perry,Welterweight,0,U-DEC,3,5:00
UFC 255: Figueiredo vs. Perez,Katlyn Cerminara,Cynthia Calvillo,Women's Flyweight,0,U-DEC,3,5:00
UFC 255: Figueiredo vs. Perez,Paul Craig,Mauricio Rua,Light Heavyweight,0,KO/TKO Punches,2,3:36
UFC 255: Figueiredo vs. Perez,Brandon Moreno,Brandon Royval,Flyweight,0,KO/TKO Punches,1,4:59
UFC 255: Figueiredo vs. Perez,Joaquin Buckley,Jordan Wright,Middleweight,0,KO/TKO Punches,2,0:18
UFC 255: Figueiredo vs. Perez,Antonina Shevchenko,Ariane da Silva,Women's Flyweight,0,KO/TKO Punches,2,4:33
UFC 255: Figueiredo vs. Perez,Nicolas Dalby,Daniel Rodriguez,Welterweight,0,U-DEC,3,5:00
UFC 255: Figueiredo vs. Perez,Alan Jouban,Jared Gooden,Welterweight,0,U-DEC,3,5:00
UFC 255: Figueiredo vs. Perez,Kyle Daukaus,Dustin Stoltzfus,Middleweight,0,U-DEC,3,5:00
UFC 255: Figueiredo vs. Perez,Sasha Palatnikov,Louis Cosce,Welterweight,0,KO/TKO Punches,3,2:47
UFC Fight Night: Felder vs. Dos Anjos,Rafael Dos Anjos,Paul Felder,Lightweight,0,S-DEC,5,5:00
UFC Fight Night: Felder vs. Dos Anjos,Khaos Williams,Abdul Razak Alhassan,Welterweight,0,KO/TKO Punch,1,0:30
UFC Fight Night: Felder vs. Dos Anjos,Ashley Yoder,Miranda Granger,Women's Strawweight,0,U-DEC,3,5:00
UFC Fight Night: Felder vs. Dos Anjos,Sean Strickland,Brendan Allen,Catch Weight,0,KO/TKO Punches,2,1:32
UFC Fight Night: Felder vs. Dos Anjos,Cory McKenna,Kay Hansen,Women's Strawweight,0,U-DEC,3,5:00
UFC Fight Night: Felder vs. Dos Anjos,Kanako Murata,Randa Markos,Women's Strawweight,0,U-DEC,3,5:00
UFC Fight Night: Felder vs. Dos Anjos,Tony Gravely,Geraldo de Freitas,Bantamweight,0,S-DEC,3,5:00
UFC Fight Night: Felder vs. Dos Anjos,Alex Morono,Rhys McKee,Welterweight,0,U-DEC,3,5:00
UFC Fight Night: Felder vs. Dos Anjos,Don'Tale Mayes,Roque Martinez,Heavyweight,0,U-DEC,3,5:00
UFC Fight Night: Santos vs. Teixeira,Glover Teixeira,Thiago Santos,Light Heavyweight,0,SUB Rear Naked Choke,3,1:49
UFC Fight Night: Santos vs. Teixeira,Andrei Arlovski,Tanner Boser,Heavyweight,0,U-DEC,3,5:00
UFC Fight Night: Santos vs. Teixeira,Raoni Barcelos,Khalid Taha,Bantamweight,0,U-DEC,3,5:00
UFC Fight Night: Santos vs. Teixeira,Giga Chikadze,Jamey Simmons,Featherweight,0,KO/TKO Kick,1,3:51
UFC Fight Night: Santos vs. Teixeira,Yan Xiaonan,Claudia Gadelha,Women's Strawweight,0,U-DEC,3,5:00
UFC Fight Night: Santos vs. Teixeira,Trevin Giles,Bevon Lewis,Middleweight,0,KO/TKO Punches,3,1:26
UFC Fight Night: Santos vs. Teixeira,Alexandr Romanov,Marcos Rogerio de Lima,Heavyweight,0,SUB Forearm Choke,1,4:48
UFC Fight Night: Santos vs. Teixeira,Darren Elkins,Eduardo Garagorri,Featherweight,0,SUB Rear Naked Choke,3,2:22
UFC Fight Night: Santos vs. Teixeira,Max Griffin,Ramiz Brahimaj,Welterweight,0,KO/TKO Elbow,3,2:03
UFC Fight Night: Santos vs. Teixeira,Gustavo Lopez,Anthony Birchak,Bantamweight,0,SUB Rear Naked Choke,1,2:43
UFC Fight Night: Hall vs. Silva,Uriah Hall,Anderson Silva,Middleweight,0,KO/TKO Punches,4,1:24
UFC Fight Night: Hall vs. Silva,Bryce Mitchell,Andre Fili,Featherweight,0,U-DEC,3,5:00
UFC Fight Night: Hall vs. Silva,Greg Hardy,Maurice Greene,Heavyweight,0,KO/TKO Punches,2,1:12
UFC Fight Night: Hall vs. Silva,Kevin Holland,Charlie Ontiveros,Middleweight,0,SUB Injury,1,2:39
UFC Fight Night: Hall vs. Silva,Thiago Moises,King Green,Lightweight,0,U-DEC,3,5:00
UFC Fight Night: Hall vs. Silva,Alexander Hernandez,Chris Gruetzemacher,Lightweight,0,KO/TKO Punches,1,1:46
UFC Fight Night: Hall vs. Silva,Adrian Yanez,Victor Rodriguez,Bantamweight,0,KO/TKO Kick,1,2:46
UFC Fight Night: Hall vs. Silva,Sean Strickland,Jack Marshman,Middleweight,0,U-DEC,3,5:00
UFC Fight Night: Hall vs. Silva,Jason Witt,Cole Williams,Welterweight,0,SUB Arm Triangle,2,2:09
UFC Fight Night: Hall vs. Silva,Dustin Jacoby,Justin Ledet,Light Heavyweight,0,KO/TKO Punch,1,2:38
UFC Fight Night: Hall vs. Silva,Miles Johns,Kevin Natividad,Bantamweight,0,KO/TKO Punch,3,2:51
UFC 254: Khabib vs. Gaethje,Khabib Nurmagomedov,Justin Gaethje,Lightweight,1,SUB Triangle Choke,2,1:34
UFC 254: Khabib vs. Gaethje,Robert Whittaker,Jared Cannonier,Middleweight,0,U-DEC,3,5:00
UFC 254: Khabib vs. Gaethje,Alexander Volkov,Walt Harris,Heavyweight,0,KO/TKO Kick,2,1:15
UFC 254: Khabib vs. Gaethje,Phil Hawes,Jacob Malkoun,Middleweight,0,KO/TKO Punches,1,0:18
UFC 254: Khabib vs. Gaethje,Lauren Murphy,Liliya Shakirova,Women's Flyweight,0,SUB Rear Naked Choke,2,3:31
UFC 254: Khabib vs. Gaethje,Magomed Ankalaev,Ion Cutelaba,Light Heavyweight,0,KO/TKO Punch,1,4:19
UFC 254: Khabib vs. Gaethje,Tai Tuivasa,Stefan Struve,Heavyweight,0,KO/TKO Punches,1,4:59
UFC 254: Khabib vs. Gaethje,Casey Kenney,Nathaniel Wood,Catch Weight,0,U-DEC,3,5:00
UFC 254: Khabib vs. Gaethje,Shavkat Rakhmonov,Alex Oliveira,Welterweight,0,SUB Guillotine Choke,1,4:40
UFC 254: Khabib vs. Gaethje,Da Woon Jung,Sam Alvey,Light Heavyweight,0,S-DEC,3,5:00
UFC 254: Khabib vs. Gaethje,Miranda Maverick,Liana Jojua,Women's Flyweight,0,KO/TKO,1,5:00
UFC 254: Khabib vs. Gaethje,Joel Alvarez,Alexander Yakovlev,Lightweight,0,SUB Armbar,1,3:00
UFC Fight Night: Ortega vs. The Korean Zombie,Brian Ortega,Chan Sung Jung,Featherweight,0,U-DEC,5,5:00
UFC Fight Night: Ortega vs. The Korean Zombie,Jessica Andrade,Katlyn Cerminara,Women's Flyweight,0,KO/TKO Punch,1,4:55
UFC Fight Night: Ortega vs. The Korean Zombie,Jimmy Crute,Modestas Bukauskas,Light Heavyweight,0,KO/TKO Punches,1,2:01
UFC Fight Night: Ortega vs. The Korean Zombie,James Krause,Claudio Silva,Welterweight,0,U-DEC,3,5:00
UFC Fight Night: Ortega vs. The Korean Zombie,Jonathan Martinez,Thomas Almeida,Featherweight,0,U-DEC,3,5:00
UFC Fight Night: Ortega vs. The Korean Zombie,Guram Kutateladze,Mateusz Gamrot,Lightweight,0,S-DEC,3,5:00
UFC Fight Night: Ortega vs. The Korean Zombie,Gillian Robertson,Poliana Botelho,Women's Flyweight,0,U-DEC,3,5:00
UFC Fight Night: Ortega vs. The Korean Zombie,JunYong Park,John Phillips,Middleweight,0,U-DEC,3,5:00
UFC Fight Night: Ortega vs. The Korean Zombie,Fares Ziam,Jamie Mullarkey,Lightweight,0,U-DEC,3,5:00
UFC Fight Night: Ortega vs. The Korean Zombie,Maxim Grishin,Gadzhimurad Antigulov,Light Heavyweight,0,KO/TKO Punches,2,4:58
UFC Fight Night: Ortega vs. The Korean Zombie,Said Nurmagomedov,Mark Striegl,Bantamweight,0,KO/TKO Punches,1,0:51
UFC Fight Night: Moraes vs. Sandhagen,Cory Sandhagen,Marlon Moraes,Bantamweight,0,KO/TKO Kick,2,1:03
UFC Fight Night: Moraes vs. Sandhagen,Edson Barboza,Makwan Amirkhani,Featherweight,0,U-DEC,3,5:00
UFC Fight Night: Moraes vs. Sandhagen,Marcin Tybura,Ben Rothwell,Heavyweight,0,U-DEC,3,5:00
UFC Fight Night: Moraes vs. Sandhagen,Dricus Du Plessis,Markus Perez,Middleweight,0,KO/TKO Punch,1,3:22
UFC Fight Night: Moraes vs. Sandhagen,Tom Aspinall,Alan Baudot,Heavyweight,0,KO/TKO Punches,1,1:35
UFC Fight Night: Moraes vs. Sandhagen,Ilia Topuria,Youssef Zalal,Featherweight,0,U-DEC,3,5:00
UFC Fight Night: Moraes vs. Sandhagen,Tom Breese,KB Bhullar,Middleweight,0,KO/TKO Punch,1,1:42
UFC Fight Night: Moraes vs. Sandhagen,Chris Daukaus,Rodrigo Nascimento,Heavyweight,0,KO/TKO Punches,1,0:45
UFC Fight Night: Moraes vs. Sandhagen,Joaquin Buckley,Impa Kasanganay,Middleweight,0,KO/TKO Spinning Back Kick,2,2:03
UFC Fight Night: Moraes vs. Sandhagen,Tony Kelley,Ali AlQaisi,Bantamweight,0,U-DEC,3,5:00
UFC Fight Night: Moraes vs. Sandhagen,Giga Chikadze,Omar Morales,Featherweight,0,U-DEC,3,5:00
UFC Fight Night: Moraes vs. Sandhagen,Tracy Cortez,Stephanie Egger,Women's Bantamweight,0,U-DEC,3,5:00
UFC Fight Night: Moraes vs. Sandhagen,Tagir Ulanbekov,Bruno Silva,Flyweight,0,U-DEC,3,5:00
UFC Fight Night: Holm vs. Aldana,Holly Holm,Irene Aldana,Women's Bantamweight,0,U-DEC,5,5:00
UFC Fight Night: Holm vs. Aldana,Carlos Felipe,Yorgan De Castro,Heavyweight,0,U-DEC,3,5:00
UFC Fight Night: Holm vs. Aldana,Germaine de Randamie,Julianna Pena,Women's Bantamweight,0,SUB Guillotine Choke,3,3:25
UFC Fight Night: Holm vs. Aldana,Kyler Phillips,Cameron Else,Bantamweight,0,KO/TKO Elbows,2,0:44
UFC Fight Night: Holm vs. Aldana,Dusko Todorovic,Dequan Townsend,Middleweight,0,KO/TKO Punches,2,3:15
UFC Fight Night: Holm vs. Aldana,Carlos Condit,Court McGee,Welterweight,0,U-DEC,3,5:00
UFC Fight Night: Holm vs. Aldana,Charles Jourdain,Josh Culibao,Featherweight,0,S-DEC,3,5:00
UFC Fight Night: Holm vs. Aldana,Nassourdine Imavov,Jordan Williams,Middleweight,0,U-DEC,3,5:00
UFC Fight Night: Holm vs. Aldana,Loma Lookboonmee,Jinh Yu Frey,Women's Strawweight,0,U-DEC,3,5:00
UFC Fight Night: Holm vs. Aldana,Casey Kenney,Alatengheili,Bantamweight,0,U-DEC,3,5:00
UFC Fight Night: Holm vs. Aldana,Luigi Vendramini,Jessin Ayari,Lightweight,0,KO/TKO Kick,1,1:12
UFC 253: Adesanya vs. Costa,Israel Adesanya,Paulo Costa,Middleweight,1,KO/TKO Punch,2,3:59
UFC 253: Adesanya vs. Costa,Jan Blachowicz,Dominick Reyes,Light Heavyweight,1,KO/TKO Punch,2,4:36
UFC 253: Adesanya vs. Costa,Brandon Royval,Kai Kara-France,Flyweight,0,SUB Guillotine Choke,2,0:48
UFC 253: Adesanya vs. Costa,Ketlen Vieira,Sijara Eubanks,Women's Bantamweight,0,U-DEC,3,5:00
UFC 253: Adesanya vs. Costa,Hakeem Dawodu,Zubaira Tukhugov,Featherweight,0,S-DEC,3,5:00
UFC 253: Adesanya vs. Costa,Brad Riddell,Alex Da Silva,Lightweight,0,U-DEC,3,5:00
UFC 253: Adesanya vs. Costa,Jake Matthews,Diego Sanchez,Welterweight,0,U-DEC,3,5:00
UFC 253: Adesanya vs. Costa,Ludovit Klein,Shane Young,Featherweight,0,KO/TKO Kick,1,1:16
UFC 253: Adesanya vs. Costa,William Knight,Aleksa Camur,Light Heavyweight,0,U-DEC,3,5:00
UFC 253: Adesanya vs. Costa,Juan Espino,Jeff Hughes,Heavyweight,0,SUB Scarf Hold,1,3:48
UFC 253: Adesanya vs. Costa,Danilo Marques,Khadis Ibragimov,Light Heavyweight,0,U-DEC,3,5:00
UFC Fight Night: Covington vs. Woodley,Colby Covington,Tyron Woodley,Welterweight,0,KO/TKO,5,1:19
UFC Fight Night: Covington vs. Woodley,Donald Cerrone,Niko Price,Welterweight,0,Overturned,3,5:00
UFC Fight Night: Covington vs. Woodley,Khamzat Chimaev,Gerald Meerschaert,Middleweight,0,KO/TKO Punch,1,0:17
UFC Fight Night: Covington vs. Woodley,Johnny Walker,Ryan Spann,Light Heavyweight,0,KO/TKO Punches,1,2:43
UFC Fight Night: Covington vs. Woodley,Mackenzie Dern,Randa Markos,Women's Strawweight,0,SUB Armbar,1,3:44
UFC Fight Night: Covington vs. Woodley,Kevin Holland,Darren Stewart,Middleweight,0,S-DEC,3,5:00
UFC Fight Night: Covington vs. Woodley,David Dvorak,Jordan Espinosa,Flyweight,0,U-DEC,3,5:00
UFC Fight Night: Covington vs. Woodley,Damon Jackson,Mirsad Bektic,Featherweight,0,SUB Guillotine Choke,3,1:21
UFC Fight Night: Covington vs. Woodley,Mayra Bueno Silva,Mara Romero Borella,Women's Flyweight,0,SUB Armbar,1,2:29
UFC Fight Night: Covington vs. Woodley,Jessica-Rose Clark,Sarah Alpar,Women's Bantamweight,0,KO/TKO Knee,3,4:21
UFC Fight Night: Covington vs. Woodley,Darrick Minner,TJ Laramie,Featherweight,0,SUB Guillotine Choke,1,0:52
UFC Fight Night: Covington vs. Woodley,Randy Costa,Journey Newson,Bantamweight,0,KO/TKO Kick,1,0:41
UFC Fight Night: Covington vs. Woodley,Andre Ewell,Irwin Rivera,Bantamweight,0,S-DEC,3,5:00
UFC Fight Night: Covington vs. Woodley,Tyson Nam,Jerome Rivera,Bantamweight,0,KO/TKO Punches,2,0:34
UFC Fight Night: Waterson vs. Hill,Michelle Waterson-Gomez,Angela Hill,Women's Strawweight,0,S-DEC,5,5:00
UFC Fight Night: Waterson vs. Hill,Ottman Azaitar,Khama Worthy,Lightweight,0,KO/TKO Punches,1,1:33
UFC Fight Night: Waterson vs. Hill,Roxanne Modafferi,Andrea Lee,Women's Flyweight,0,U-DEC,3,5:00
UFC Fight Night: Waterson vs. Hill,Ed Herman,Mike Rodriguez,Light Heavyweight,0,SUB Kimura,3,2:41
UFC Fight Night: Waterson vs. Hill,King Green,Alan Patrick,Lightweight,0,U-DEC,3,5:00
UFC Fight Night: Waterson vs. Hill,Billy Quarantillo,Kyle Nelson,Featherweight,0,KO/TKO Punch,3,0:07
UFC Fight Night: Waterson vs. Hill,Sijara Eubanks,Julia Avila,Women's Bantamweight,0,U-DEC,3,5:00
UFC Fight Night: Waterson vs. Hill,Roosevelt Roberts,Kevin Croom,Lightweight,0,Overturned Guillotine Choke,1,0:31
UFC Fight Night: Waterson vs. Hill,Alexandr Romanov,Roque Martinez,Heavyweight,0,SUB Arm Triangle,2,4:22
UFC Fight Night: Waterson vs. Hill,Jalin Turner,Brok Weaver,Catch Weight,0,SUB Rear Naked Choke,2,4:20
UFC Fight Night: Waterson vs. Hill,Bryan Barberena,Anthony Ivy,Welterweight,0,U-DEC,3,5:00
UFC Fight Night: Waterson vs. Hill,Sabina Mazo,Justine Kish,Women's Flyweight,0,SUB Rear Naked Choke,3,3:57
UFC Fight Night: Overeem vs. Sakai,Alistair Overeem,Augusto Sakai,Heavyweight,0,KO/TKO Elbows,5,0:26
UFC Fight Night: Overeem vs. Sakai,Ovince Saint Preux,Alonzo Menifield,Light Heavyweight,0,KO/TKO Punch,2,4:07
UFC Fight Night: Overeem vs. Sakai,Michel Pereira,Zelim Imadaev,Welterweight,0,SUB Rear Naked Choke,3,4:39
UFC Fight Night: Overeem vs. Sakai,Andre Muniz,Bartosz Fabinski,Middleweight,0,SUB Armbar,1,2:42
UFC Fight Night: Overeem vs. Sakai,Brian Kelleher,Ray Rodriguez,Featherweight,0,SUB Guillotine Choke,1,0:39
UFC Fight Night: Overeem vs. Sakai,Viviane Araujo,Montana De La Rosa,Women's Flyweight,0,U-DEC,3,5:00
UFC Fight Night: Overeem vs. Sakai,Hunter Azure,Cole Smith,Bantamweight,0,U-DEC,3,5:00
UFC Fight Night: Smith vs. Rakic,Aleksandar Rakic,Anthony Smith,Light Heavyweight,0,U-DEC,3,5:00
UFC Fight Night: Smith vs. Rakic,Neil Magny,Robbie Lawler,Welterweight,0,U-DEC,3,5:00
UFC Fight Night: Smith vs. Rakic,Alexa Grasso,Ji Yeon Kim,Women's Flyweight,0,U-DEC,3,5:00
UFC Fight Night: Smith vs. Rakic,Ricardo Lamas,Bill Algeo,Featherweight,0,U-DEC,3,5:00
UFC Fight Night: Smith vs. Rakic,Impa Kasanganay,Maki Pitolo,Middleweight,0,U-DEC,3,5:00
UFC Fight Night: Smith vs. Rakic,Zak Cummings,Alessio Di Chirico,Middleweight,0,U-DEC,3,5:00
UFC Fight Night: Smith vs. Rakic,Alex Caceres,Austin Springer,Featherweight,0,SUB Rear Naked Choke,1,3:38
UFC Fight Night: Smith vs. Rakic,Sean Brady,Christian Aguilera,Welterweight,0,SUB Guillotine Choke,2,1:47
UFC Fight Night: Smith vs. Rakic,Polyana Viana,Emily Whitmire,Women's Strawweight,0,SUB Armbar,1,1:53
UFC Fight Night: Smith vs. Rakic,Mallory Martin,Hannah Cifers,Women's Strawweight,0,SUB Rear Naked Choke,2,1:33
UFC Fight Night: Munhoz vs. Edgar,Frankie Edgar,Pedro Munhoz,Bantamweight,0,S-DEC,5,5:00
UFC Fight Night: Munhoz vs. Edgar,Mike Rodriguez,Marcin Prachnio,Light Heavyweight,0,KO/TKO Elbow,1,2:17
UFC Fight Night: Munhoz vs. Edgar,Joe Solecki,Austin Hubbard,Lightweight,0,SUB Rear Naked Choke,1,3:51
UFC Fight Night: Munhoz vs. Edgar,Shana Dobson,Mariya Agapova,Women's Flyweight,0,KO/TKO Punches,2,1:38
UFC Fight Night: Munhoz vs. Edgar,Daniel Rodriguez,Dwight Grant,Welterweight,0,KO/TKO Punches,1,2:24
UFC Fight Night: Munhoz vs. Edgar,Amanda Lemos,Mizuki,Women's Strawweight,0,U-DEC,3,5:00
UFC Fight Night: Munhoz vs. Edgar,Jordan Wright,Ike Villanueva,Light Heavyweight,0,KO/TKO,1,1:31
UFC Fight Night: Munhoz vs. Edgar,Matthew Semelsberger,Carlton Minus,Welterweight,0,U-DEC,3,5:00
UFC Fight Night: Munhoz vs. Edgar,Timur Valiev,Trevin Jones,Catch Weight,0,Overturned Punch,2,1:59
UFC 252: Miocic vs. Cormier 3,Stipe Miocic,Daniel Cormier,Heavyweight,1,U-DEC,5,5:00
UFC 252: Miocic vs. Cormier 3,Marlon Vera,Sean O'Malley,Bantamweight,0,KO/TKO Elbows,1,4:40
UFC 252: Miocic vs. Cormier 3,Jairzinho Rozenstruik,Junior Dos Santos,Heavyweight,0,KO/TKO Punch,2,3:47
UFC 252: Miocic vs. Cormier 3,Daniel Pineda,Herbert Burns,Featherweight,0,KO/TKO Elbows,2,4:37
UFC 252: Miocic vs. Cormier 3,Merab Dvalishvili,John Dodson,Bantamweight,0,U-DEC,3,5:00
UFC 252: Miocic vs. Cormier 3,Vinc Pichel,Jim Miller,Lightweight,0,U-DEC,3,5:00
UFC 252: Miocic vs. Cormier 3,Virna Jandiroba,Felice Herrig,Women's Strawweight,0,SUB Armbar,1,1:44
UFC 252: Miocic vs. Cormier 3,Danny Chavez,TJ Brown,Featherweight,0,U-DEC,3,5:00
UFC 252: Miocic vs. Cormier 3,Livinha Souza,Ashley Yoder,Women's Strawweight,0,U-DEC,3,5:00
UFC 252: Miocic vs. Cormier 3,Chris Daukaus,Parker Porter,Heavyweight,0,KO/TKO Knee,1,4:28
UFC 252: Miocic vs. Cormier 3,Kai Kamaka,Tony Kelley,Featherweight,0,U-DEC,3,5:00
UFC Fight Night: Lewis vs. Oleinik,Derrick Lewis,Aleksei Oleinik,Heavyweight,0,KO/TKO Punches,2,0:21
UFC Fight Night: Lewis vs. Oleinik,Chris Weidman,Omari Akhmedov,Middleweight,0,U-DEC,3,5:00
UFC Fight Night: Lewis vs. Oleinik,Darren Stewart,Maki Pitolo,Middleweight,0,SUB Guillotine Choke,1,3:41
UFC Fight Night: Lewis vs. Oleinik,Yana Santos,Julija Stoliarenko,Women's Bantamweight,0,U-DEC,3,5:00
UFC Fight Night: Lewis vs. Oleinik,Beneil Dariush,Scott Holtzman,Lightweight,0,KO/TKO Spinning Back Fist,1,4:38
UFC Fight Night: Lewis vs. Oleinik,Tim Means,Laureano Staropoli,Welterweight,0,U-DEC,3,5:00
UFC Fight Night: Lewis vs. Oleinik,Kevin Holland,Joaquin Buckley,Middleweight,0,KO/TKO Punch,3,0:32
UFC Fight Night: Lewis vs. Oleinik,Nasrat Haqparast,Alexander Munoz,Lightweight,0,U-DEC,3,5:00
UFC Fight Night: Lewis vs. Oleinik,Andrew Sanchez,Wellington Turman,Middleweight,0,KO/TKO Punch,1,4:14
UFC Fight Night: Lewis vs. Oleinik,Gavin Tucker,Justin Jaynes,Featherweight,0,SUB Rear Naked Choke,3,1:43
UFC Fight Night: Lewis vs. Oleinik,Youssef Zalal,Peter Barrett,Featherweight,0,U-DEC,3,5:00
UFC Fight Night: Lewis vs. Oleinik,Irwin Rivera,Ali AlQaisi,Bantamweight,0,S-DEC,3,5:00
UFC Fight Night: Brunson vs. Shahbazyan,Derek Brunson,Edmen Shahbazyan,Middleweight,0,KO/TKO Punches,3,0:26
UFC Fight Night: Brunson vs. Shahbazyan,Jennifer Maia,Joanne Wood,Women's Flyweight,0,SUB Armbar,1,4:29
UFC Fight Night: Brunson vs. Shahbazyan,Vicente Luque,Randy Brown,Welterweight,0,KO/TKO Knee,2,4:56
UFC Fight Night: Brunson vs. Shahbazyan,King Green,Lando Vannata,Lightweight,0,U-DEC,3,5:00
UFC Fight Night: Brunson vs. Shahbazyan,Jonathan Martinez,Frankie Saenz,Bantamweight,0,KO/TKO Knee,3,0:57
UFC Fight Night: Brunson vs. Shahbazyan,Nate Maness,Johnny Munoz,Featherweight,0,U-DEC,3,5:00
UFC Fight Night: Brunson vs. Shahbazyan,Jamall Emmers,Vince Cachero,Featherweight,0,U-DEC,3,5:00
UFC Fight Night: Brunson vs. Shahbazyan,Chris Gutierrez,Cody Durden,Bantamweight,0,U-DEC,3,5:00
UFC Fight Night: Whittaker vs. Till,Robert Whittaker,Darren Till,Middleweight,0,U-DEC,5,5:00
UFC Fight Night: Whittaker vs. Till,Mauricio Rua,Rogerio Nogueira,Light Heavyweight,0,S-DEC,3,5:00
UFC Fight Night: Whittaker vs. Till,Fabricio Werdum,Alexander Gustafsson,Heavyweight,0,SUB Armbar,1,2:30
UFC Fight Night: Whittaker vs. Till,Carla Esparza,Marina Rodriguez,Women's Strawweight,0,S-DEC,3,5:00
UFC Fight Night: Whittaker vs. Till,Paul Craig,Gadzhimurad Antigulov,Light Heavyweight,0,SUB Triangle Choke,1,2:06
UFC Fight Night: Whittaker vs. Till,Alex Oliveira,Peter Sobotta,Welterweight,0,U-DEC,3,5:00
UFC Fight Night: Whittaker vs. Till,Khamzat Chimaev,Rhys McKee,Welterweight,0,KO/TKO Punches,1,3:09
UFC Fight Night: Whittaker vs. Till,Francisco Trinaldo,Jai Herbert,Lightweight,0,KO/TKO Punch,3,1:30
UFC Fight Night: Whittaker vs. Till,Nicolas Dalby,Jesse Ronson,Welterweight,0,Overturned Rear Naked Choke,1,2:48
UFC Fight Night: Whittaker vs. Till,Tom Aspinall,Jake Collier,Heavyweight,0,KO/TKO Punches,1,0:45
UFC Fight Night: Whittaker vs. Till,Movsar Evloev,Mike Grundy,Featherweight,0,U-DEC,3,5:00
UFC Fight Night: Whittaker vs. Till,Tanner Boser,Raphael Pessoa,Heavyweight,0,KO/TKO Punch,2,2:36
UFC Fight Night: Whittaker vs. Till,Pannie Kianzad,Bethe Correia,Women's Bantamweight,0,U-DEC,3,5:00
UFC Fight Night: Whittaker vs. Till,Ramazan Emeev,Niklas Stolze,Welterweight,0,U-DEC,3,5:00
UFC Fight Night: Whittaker vs. Till,Nathaniel Wood,John Castaneda,Bantamweight,0,U-DEC,3,5:00
UFC Fight Night: Figueiredo vs. Benavidez 2,Deiveson Figueiredo,Joseph Benavidez,Flyweight,1,SUB Rear Naked Choke,1,4:48
UFC Fight Night: Figueiredo vs. Benavidez 2,Jack Hermansson,Kelvin Gastelum,Middleweight,0,SUB Heel Hook,1,1:18
UFC Fight Night: Figueiredo vs. Benavidez 2,Rafael Fiziev,Marc Diakiese,Lightweight,0,U-DEC,3,5:00
UFC Fight Night: Figueiredo vs. Benavidez 2,Ariane da Silva,Luana Carolina,Women's Flyweight,0,SUB Kneebar,1,1:28
UFC Fight Night: Figueiredo vs. Benavidez 2,Askar Askarov,Alexandre Pantoja,Flyweight,0,U-DEC,3,5:00
UFC Fight Night: Figueiredo vs. Benavidez 2,Roman Dolidze,Khadis Ibragimov,Light Heavyweight,0,KO/TKO Knee,1,4:15
UFC Fight Night: Figueiredo vs. Benavidez 2,Grant Dawson,Nad Narimani,Catch Weight,0,U-DEC,3,5:00
UFC Fight Night: Figueiredo vs. Benavidez 2,Joel Alvarez,Joe Duffy,Lightweight,0,SUB Guillotine Choke,1,2:25
UFC Fight Night: Figueiredo vs. Benavidez 2,Brett Johns,Montel Jackson,Bantamweight,0,U-DEC,3,5:00
UFC Fight Night: Figueiredo vs. Benavidez 2,Amir Albazi,Malcolm Gordon,Bantamweight,0,SUB Triangle Choke,1,4:42
UFC Fight Night: Figueiredo vs. Benavidez 2,Arman Tsarukyan,Davi Ramos,Lightweight,0,U-DEC,3,5:00
UFC Fight Night: Figueiredo vs. Benavidez 2,Serghei Spivac,Carlos Felipe,Heavyweight,0,M-DEC,3,5:00
UFC Fight Night: Kattar vs. Ige,Calvin Kattar,Dan Ige,Featherweight,0,U-DEC,5,5:00
UFC Fight Night: Kattar vs. Ige,Tim Elliott,Ryan Benoit,Flyweight,0,U-DEC,3,5:00
UFC Fight Night: Kattar vs. Ige,Jimmie Rivera,Cody Stamann,Featherweight,0,U-DEC,3,5:00
UFC Fight Night: Kattar vs. Ige,Taila Santos,Molly McCann,Women's Flyweight,0,U-DEC,3,5:00
UFC Fight Night: Kattar vs. Ige,Mounir Lazzez,Abdul Razak Alhassan,Welterweight,0,U-DEC,3,5:00
UFC Fight Night: Kattar vs. Ige,Khamzat Chimaev,John Phillips,Middleweight,0,SUB D'Arce Choke,2,1:12
UFC Fight Night: Kattar vs. Ige,Lerone Murphy,Ricardo Ramos,Featherweight,0,KO/TKO Punches,1,4:18
UFC Fight Night: Kattar vs. Ige,Modestas Bukauskas,Andreas Michailidis,Light Heavyweight,0,KO/TKO,1,5:00
UFC Fight Night: Kattar vs. Ige,Jared Gordon,Chris Fishgold,Featherweight,0,U-DEC,3,5:00
UFC Fight Night: Kattar vs. Ige,Liana Jojua,Diana Belbita,Women's Flyweight,0,SUB Armbar,1,2:43
UFC Fight Night: Kattar vs. Ige,Jack Shore,Aaron Phillips,Bantamweight,0,SUB Rear Naked Choke,2,2:29
UFC 251: Usman vs. Masvidal,Kamaru Usman,Jorge Masvidal,Welterweight,1,U-DEC,5,5:00
UFC 251: Usman vs. Masvidal,Alexander Volkanovski,Max Holloway,Featherweight,1,S-DEC,5,5:00
UFC 251: Usman vs. Masvidal,Petr Yan,Jose Aldo,Bantamweight,1,KO/TKO Punches,5,3:24
UFC 251: Usman vs. Masvidal,Rose Namajunas,Jessica Andrade,Women's Strawweight,0,S-DEC,3,5:00
UFC 251: Usman vs. Masvidal,Amanda Ribas,Paige VanZant,Women's Flyweight,0,SUB Armbar,1,2:21
UFC 251: Usman vs. Masvidal,Jiri Prochazka,Volkan Oezdemir,Light Heavyweight,0,KO/TKO Punch,2,0:49
UFC 251: Usman vs. Masvidal,Muslim Salikhov,Elizeu Zaleski dos Santos,Welterweight,0,S-DEC,3,5:00
UFC 251: Usman vs. Masvidal,Makwan Amirkhani,Danny Henry,Featherweight,0,SUB Anaconda Choke,1,3:15
UFC 251: Usman vs. Masvidal,Leonardo Santos,Roman Bogatov,Lightweight,0,U-DEC,3,5:00
UFC 251: Usman vs. Masvidal,Marcin Tybura,Maxim Grishin,Heavyweight,0,U-DEC,3,5:00
UFC 251: Usman vs. Masvidal,Raulian Paiva,Zhalgas Zhumagulov,Flyweight,0,U-DEC,3,5:00
UFC 251: Usman vs. Masvidal,Karol Rosa,Vanessa Melo,Women's Bantamweight,0,U-DEC,3,5:00
UFC 251: Usman vs. Masvidal,Davey Grant,Martin Day,Bantamweight,0,KO/TKO Punch,3,2:38
UFC Fight Night: Poirier vs. Hooker,Dustin Poirier,Dan Hooker,Lightweight,0,U-DEC,5,5:00
UFC Fight Night: Poirier vs. Hooker,Mike Perry,Mickey Gall,Welterweight,0,U-DEC,3,5:00
UFC Fight Night: Poirier vs. Hooker,Maurice Greene,Gian Villante,Heavyweight,0,SUB Arm Triangle,3,3:44
UFC Fight Night: Poirier vs. Hooker,Brendan Allen,Kyle Daukaus,Middleweight,0,U-DEC,3,5:00
UFC Fight Night: Poirier vs. Hooker,Takashi Sato,Jason Witt,Welterweight,0,KO/TKO Punches,1,0:48
UFC Fight Night: Poirier vs. Hooker,Julian Erosa,Sean Woodson,Catch Weight,0,SUB D'Arce Choke,3,2:44
UFC Fight Night: Poirier vs. Hooker,Khama Worthy,Luis Pena,Lightweight,0,SUB Guillotine Choke,3,2:53
UFC Fight Night: Poirier vs. Hooker,Tanner Boser,Philipe Lins,Heavyweight,0,KO/TKO Punches,1,2:41
UFC Fight Night: Poirier vs. Hooker,Kay Hansen,Jinh Yu Frey,Women's Strawweight,0,SUB Armbar,3,2:26
UFC Fight Night: Poirier vs. Hooker,Youssef Zalal,Jordan Griffin,Featherweight,0,U-DEC,3,5:00
UFC Fight Night: Blaydes vs. Volkov,Curtis Blaydes,Alexander Volkov,Heavyweight,0,U-DEC,5,5:00
UFC Fight Night: Blaydes vs. Volkov,Josh Emmett,Shane Burgos,Featherweight,0,U-DEC,3,5:00
UFC Fight Night: Blaydes vs. Volkov,Raquel Pennington,Marion Reneau,Women's Bantamweight,0,U-DEC,3,5:00
UFC Fight Night: Blaydes vs. Volkov,Belal Muhammad,Lyman Good,Welterweight,0,U-DEC,3,5:00
UFC Fight Night: Blaydes vs. Volkov,Jim Miller,Roosevelt Roberts,Catch Weight,0,SUB Armbar,1,2:25
UFC Fight Night: Blaydes vs. Volkov,King Green,Clay Guida,Lightweight,0,U-DEC,3,5:00
UFC Fight Night: Blaydes vs. Volkov,Tecia Pennington,Brianna Fortino,Women's Strawweight,0,U-DEC,3,5:00
UFC Fight Night: Blaydes vs. Volkov,Marc-Andre Barriault,Oskar Piechota,Middleweight,0,Overturned Punches,2,4:50
UFC Fight Night: Blaydes vs. Volkov,Gillian Robertson,Cortney Casey,Women's Flyweight,0,SUB Rear Naked Choke,3,4:36
UFC Fight Night: Blaydes vs. Volkov,Justin Jaynes,Frank Camacho,Lightweight,0,KO/TKO Punches,1,0:41
UFC Fight Night: Blaydes vs. Volkov,Lauren Murphy,Roxanne Modafferi,Women's Flyweight,0,U-DEC,3,5:00
UFC Fight Night: Blaydes vs. Volkov,Austin Hubbard,Max Rohskopf,Lightweight,0,KO/TKO,2,5:00
UFC Fight Night: Eye vs. Calvillo,Cynthia Calvillo,Jessica Eye,Women's Flyweight,0,U-DEC,5,5:00
UFC Fight Night: Eye vs. Calvillo,Marvin Vettori,Karl Roberson,Middleweight,0,SUB Rear Naked Choke,1,4:17
UFC Fight Night: Eye vs. Calvillo,Charles Rosa,Kevin Aguilar,Lightweight,0,S-DEC,3,5:00
UFC Fight Night: Eye vs. Calvillo,Andre Fili,Charles Jourdain,Featherweight,0,S-DEC,3,5:00
UFC Fight Night: Eye vs. Calvillo,Jordan Espinosa,Mark De La Rosa,Bantamweight,0,U-DEC,3,5:00
UFC Fight Night: Eye vs. Calvillo,Mariya Agapova,Hannah Cifers,Women's Flyweight,0,SUB Rear Naked Choke,1,2:42
UFC Fight Night: Eye vs. Calvillo,Merab Dvalishvili,Gustavo Lopez,Catch Weight,0,U-DEC,3,5:00
UFC Fight Night: Eye vs. Calvillo,Julia Avila,Gina Mazany,Women's Bantamweight,0,KO/TKO Punches,1,0:22
UFC Fight Night: Eye vs. Calvillo,Tyson Nam,Zarrukh Adashev,Bantamweight,0,KO/TKO Punch,1,0:32
UFC Fight Night: Eye vs. Calvillo,Christian Aguilera,Anthony Ivy,Welterweight,0,KO/TKO Punches,1,0:59
UFC 250: Nunes vs. Spencer,Amanda Nunes,Felicia Spencer,Women's Featherweight,1,U-DEC,5,5:00
UFC 250: Nunes vs. Spencer,Cody Garbrandt,Raphael Assuncao,Bantamweight,0,KO/TKO Punch,2,4:59
UFC 250: Nunes vs. Spencer,Aljamain Sterling,Cory Sandhagen,Bantamweight,0,SUB Rear Naked Choke,1,1:28
UFC 250: Nunes vs. Spencer,Neil Magny,Anthony Rocco Martin,Welterweight,0,U-DEC,3,5:00
UFC 250: Nunes vs. Spencer,Sean O'Malley,Eddie Wineland,Bantamweight,0,KO/TKO Punch,1,1:54
UFC 250: Nunes vs. Spencer,Alex Caceres,Chase Hooper,Featherweight,0,U-DEC,3,5:00
UFC 250: Nunes vs. Spencer,Ian Heinisch,Gerald Meerschaert,Middleweight,0,KO/TKO Punch,1,1:14
UFC 250: Nunes vs. Spencer,Cody Stamann,Brian Kelleher,Featherweight,0,U-DEC,3,5:00
UFC 250: Nunes vs. Spencer,Maki Pitolo,Charles Byrd,Middleweight,0,KO/TKO Punches,2,1:10
UFC 250: Nunes vs. Spencer,Alex Perez,Jussier Formiga,Flyweight,0,KO/TKO Kick,1,4:06
UFC 250: Nunes vs. Spencer,Devin Clark,Alonzo Menifield,Light Heavyweight,0,U-DEC,3,5:00
UFC 250: Nunes vs. Spencer,Herbert Burns,Evan Dunham,Catch Weight,0,SUB Rear Naked Choke,1,1:20
UFC Fight Night: Woodley vs. Burns,Gilbert Burns,Tyron Woodley,Welterweight,0,U-DEC,5,5:00
UFC Fight Night: Woodley vs. Burns,Augusto Sakai,Blagoy Ivanov,Heavyweight,0,S-DEC,3,5:00
UFC Fight Night: Woodley vs. Burns,Billy Quarantillo,Spike Carlyle,Catch Weight,0,U-DEC,3,5:00
UFC Fight Night: Woodley vs. Burns,Roosevelt Roberts,Brok Weaver,Lightweight,0,SUB Rear Naked Choke,2,3:26
UFC Fight Night: Woodley vs. Burns,Mackenzie Dern,Hannah Cifers,Women's Strawweight,0,SUB Kneebar,1,2:36
UFC Fight Night: Woodley vs. Burns,Katlyn Cerminara,Antonina Shevchenko,Women's Flyweight,0,U-DEC,3,5:00
UFC Fight Night: Woodley vs. Burns,Daniel Rodriguez,Gabe Green,Welterweight,0,U-DEC,3,5:00
UFC Fight Night: Woodley vs. Burns,Jamahal Hill,Klidson Abreu,Light Heavyweight,0,Overturned Knee,1,1:51
UFC Fight Night: Woodley vs. Burns,Brandon Royval,Tim Elliott,Flyweight,0,SUB Arm Triangle,2,3:18
UFC Fight Night: Woodley vs. Burns,Casey Kenney,Louis Smolka,Bantamweight,0,SUB Guillotine Choke,1,3:03
UFC Fight Night: Woodley vs. Burns,Chris Gutierrez,Vince Morales,Featherweight,0,KO/TKO Kick,2,4:27
UFC Fight Night: Overeem vs. Harris,Alistair Overeem,Walt Harris,Heavyweight,0,KO/TKO Punches,2,3:00
UFC Fight Night: Overeem vs. Harris,Claudia Gadelha,Angela Hill,Women's Strawweight,0,S-DEC,3,5:00
UFC Fight Night: Overeem vs. Harris,Dan Ige,Edson Barboza,Featherweight,0,S-DEC,3,5:00
UFC Fight Night: Overeem vs. Harris,Krzysztof Jotko,Eryk Anders,Middleweight,0,U-DEC,3,5:00
UFC Fight Night: Overeem vs. Harris,Song Yadong,Marlon Vera,Featherweight,0,U-DEC,3,5:00
UFC Fight Night: Overeem vs. Harris,Miguel Baeza,Matt Brown,Welterweight,0,KO/TKO Punch,2,0:18
UFC Fight Night: Overeem vs. Harris,Kevin Holland,Anthony Hernandez,Middleweight,0,KO/TKO Knees,1,0:39
UFC Fight Night: Overeem vs. Harris,Giga Chikadze,Irwin Rivera,Featherweight,0,U-DEC,3,5:00
UFC Fight Night: Overeem vs. Harris,Nate Landwehr,Darren Elkins,Featherweight,0,U-DEC,3,5:00
UFC Fight Night: Overeem vs. Harris,Cortney Casey,Mara Romero Borella,Women's Flyweight,0,SUB Armbar,1,3:36
UFC Fight Night: Overeem vs. Harris,Rodrigo Nascimento,Don'Tale Mayes,Heavyweight,0,SUB Rear Naked Choke,2,2:05
UFC Fight Night: Smith vs. Teixeira,Glover Teixeira,Anthony Smith,Light Heavyweight,0,KO/TKO Punches,5,1:04
UFC Fight Night: Smith vs. Teixeira,Ben Rothwell,Ovince Saint Preux,Heavyweight,0,S-DEC,3,5:00
UFC Fight Night: Smith vs. Teixeira,Drew Dober,Alexander Hernandez,Lightweight,0,KO/TKO Punches,2,4:25
UFC Fight Night: Smith vs. Teixeira,Ricky Simon,Ray Borg,Bantamweight,0,S-DEC,3,5:00
UFC Fight Night: Smith vs. Teixeira,Andrei Arlovski,Philipe Lins,Heavyweight,0,U-DEC,3,5:00
UFC Fight Night: Smith vs. Teixeira,Thiago Moises,Michael Johnson,Lightweight,0,SUB Ankle Lock,2,0:25
UFC Fight Night: Smith vs. Teixeira,Sijara Eubanks,Sarah Moras,Women's Bantamweight,0,U-DEC,3,5:00
UFC Fight Night: Smith vs. Teixeira,Omar Morales,Gabriel Benitez,Lightweight,0,U-DEC,3,5:00
UFC Fight Night: Smith vs. Teixeira,Brian Kelleher,Hunter Azure,Featherweight,0,KO/TKO Punch,2,3:40
UFC Fight Night: Smith vs. Teixeira,Chase Sherman,Ike Villanueva,Heavyweight,0,KO/TKO Elbow,2,0:49
UFC 249: Ferguson vs. Gaethje,Justin Gaethje,Tony Ferguson,Lightweight,1,KO/TKO Punch,5,3:39
UFC 249: Ferguson vs. Gaethje,Henry Cejudo,Dominick Cruz,Bantamweight,1,KO/TKO Knee,2,4:58
UFC 249: Ferguson vs. Gaethje,Francis Ngannou,Jairzinho Rozenstruik,Heavyweight,0,KO/TKO Punch,1,0:20
UFC 249: Ferguson vs. Gaethje,Calvin Kattar,Jeremy Stephens,Featherweight,0,KO/TKO Elbow,2,2:49
UFC 249: Ferguson vs. Gaethje,Greg Hardy,Yorgan De Castro,Heavyweight,0,U-DEC,3,5:00
UFC 249: Ferguson vs. Gaethje,Anthony Pettis,Donald Cerrone,Welterweight,0,U-DEC,3,5:00
UFC 249: Ferguson vs. Gaethje,Aleksei Oleinik,Fabricio Werdum,Heavyweight,0,S-DEC,3,5:00
UFC 249: Ferguson vs. Gaethje,Carla Esparza,Michelle Waterson-Gomez,Women's Strawweight,0,S-DEC,3,5:00
UFC 249: Ferguson vs. Gaethje,Vicente Luque,Niko Price,Welterweight,0,KO/TKO Punches,3,3:37
UFC 249: Ferguson vs. Gaethje,Bryce Mitchell,Charles Rosa,Featherweight,0,U-DEC,3,5:00
UFC 249: Ferguson vs. Gaethje,Ryan Spann,Sam Alvey,Light Heavyweight,0,S-DEC,3,5:00
UFC Fight Night: Lee vs. Oliveira,Charles Oliveira,Kevin Lee,Lightweight,0,SUB Guillotine Choke,3,0:28
UFC Fight Night: Lee vs. Oliveira,Gilbert Burns,Demian Maia,Welterweight,0,KO/TKO Punch,1,2:34
UFC Fight Night: Lee vs. Oliveira,Renato Moicano,Damir Hadzovic,Lightweight,0,SUB Rear Naked Choke,1,0:44
UFC Fight Night: Lee vs. Oliveira,Nikita Krylov,Johnny Walker,Light Heavyweight,0,U-DEC,3,5:00
UFC Fight Night: Lee vs. Oliveira,Francisco Trinaldo,John Makdessi,Lightweight,0,U-DEC,3,5:00
UFC Fight Night: Lee vs. Oliveira,Brandon Moreno,Jussier Formiga,Flyweight,0,U-DEC,3,5:00
UFC Fight Night: Lee vs. Oliveira,Amanda Ribas,Randa Markos,Women's Strawweight,0,U-DEC,3,5:00
UFC Fight Night: Lee vs. Oliveira,Elizeu Zaleski dos Santos,Aleksei Kunchenko,Welterweight,0,U-DEC,3,5:00
UFC Fight Night: Lee vs. Oliveira,Rani Yahya,Enrique Barzola,Bantamweight,0,M-DEC,3,5:00
UFC Fight Night: Lee vs. Oliveira,Maryna Moroz,Mayra Bueno Silva,Women's Flyweight,0,U-DEC,3,5:00
UFC Fight Night: Lee vs. Oliveira,David Dvorak,Bruno Silva,Flyweight,0,U-DEC,3,5:00
UFC Fight Night: Lee vs. Oliveira,Bea Malecki,Veronica Hardy,Women's Bantamweight,0,U-DEC,3,5:00
UFC 248: Adesanya vs. Romero,Israel Adesanya,Yoel Romero,Middleweight,1,U-DEC,5,5:00
UFC 248: Adesanya vs. Romero,Zhang Weili,Joanna Jedrzejczyk,Women's Strawweight,1,S-DEC,5,5:00
UFC 248: Adesanya vs. Romero,Beneil Dariush,Drakkar Klose,Lightweight,0,KO/TKO Punch,2,1:00
UFC 248: Adesanya vs. Romero,Neil Magny,Li Jingliang,Welterweight,0,U-DEC,3,5:00
UFC 248: Adesanya vs. Romero,Alex Oliveira,Max Griffin,Welterweight,0,S-DEC,3,5:00
UFC 248: Adesanya vs. Romero,Sean O'Malley,Jose Quinonez,Bantamweight,0,KO/TKO Punches,1,2:02
UFC 248: Adesanya vs. Romero,Mark Madsen,Austin Hubbard,Lightweight,0,U-DEC,3,5:00
UFC 248: Adesanya vs. Romero,Rodolfo Vieira,Saparbeg Safarov,Middleweight,0,SUB Arm Triangle,1,2:58
UFC 248: Adesanya vs. Romero,Gerald Meerschaert,Deron Winn,Middleweight,0,SUB Rear Naked Choke,3,2:13
UFC 248: Adesanya vs. Romero,Giga Chikadze,Jamall Emmers,Featherweight,0,S-DEC,3,5:00
UFC 248: Adesanya vs. Romero,Batgerel Danaa,Guido Cannetti,Bantamweight,0,KO/TKO Punch,1,3:01
UFC Fight Night: Benavidez vs. Figueiredo,Deiveson Figueiredo,Joseph Benavidez,Flyweight,0,KO/TKO Punch,2,1:54
UFC Fight Night: Benavidez vs. Figueiredo,Felicia Spencer,Zarah Fairn,Women's Featherweight,0,KO/TKO Punches,1,3:37
UFC Fight Night: Benavidez vs. Figueiredo,Magomed Ankalaev,Ion Cutelaba,Light Heavyweight,0,KO/TKO Punches,1,0:38
UFC Fight Night: Benavidez vs. Figueiredo,Megan Anderson,Norma Dumont,Women's Featherweight,0,KO/TKO Punch,1,3:31
UFC Fight Night: Benavidez vs. Figueiredo,Grant Dawson,Darrick Minner,Featherweight,0,SUB Rear Naked Choke,2,1:38
UFC Fight Night: Benavidez vs. Figueiredo,Kyler Phillips,Gabriel Silva,Bantamweight,0,U-DEC,3,5:00
UFC Fight Night: Benavidez vs. Figueiredo,Brendan Allen,Tom Breese,Middleweight,0,KO/TKO Punches,1,4:47
UFC Fight Night: Benavidez vs. Figueiredo,Marcin Tybura,Serghei Spivac,Heavyweight,0,U-DEC,3,5:00
UFC Fight Night: Benavidez vs. Figueiredo,Luis Pena,Steve Garcia,Lightweight,0,U-DEC,3,5:00
UFC Fight Night: Benavidez vs. Figueiredo,Jordan Griffin,TJ Brown,Featherweight,0,SUB Guillotine Choke,2,3:38
UFC Fight Night: Benavidez vs. Figueiredo,Spike Carlyle,Aalon Cruz,Featherweight,0,KO/TKO Punches,1,1:25
UFC Fight Night: Benavidez vs. Figueiredo,Sean Brady,Ismail Naurdiev,Welterweight,0,U-DEC,3,5:00
UFC Fight Night: Felder vs. Hooker,Dan Hooker,Paul Felder,Lightweight,0,S-DEC,5,5:00
UFC Fight Night: Felder vs. Hooker,Jimmy Crute,Michal Oleksiejczuk,Light Heavyweight,0,SUB Kimura,1,3:29
UFC Fight Night: Felder vs. Hooker,Yan Xiaonan,Karolina Kowalkiewicz,Women's Strawweight,0,U-DEC,3,5:00
UFC Fight Night: Felder vs. Hooker,Marcos Rogerio de Lima,Ben Sosoli,Heavyweight,0,KO/TKO Punch,1,1:28
UFC Fight Night: Felder vs. Hooker,Brad Riddell,Magomed Mustafaev,Lightweight,0,S-DEC,3,5:00
UFC Fight Night: Felder vs. Hooker,Zubaira Tukhugov,Kevin Aguilar,Featherweight,0,KO/TKO Punches,1,3:21
UFC Fight Night: Felder vs. Hooker,Jalin Turner,Josh Culibao,Lightweight,0,KO/TKO Punches,2,3:01
UFC Fight Night: Felder vs. Hooker,Jake Matthews,Emil Meek,Welterweight,0,U-DEC,3,5:00
UFC Fight Night: Felder vs. Hooker,Song Kenan,Callan Potter,Welterweight,0,KO/TKO Punch,1,2:20
UFC Fight Night: Felder vs. Hooker,Kai Kara-France,Tyson Nam,Flyweight,0,U-DEC,3,5:00
UFC Fight Night: Felder vs. Hooker,Angela Hill,Loma Lookboonmee,Women's Strawweight,0,U-DEC,3,5:00
UFC Fight Night: Felder vs. Hooker,Priscila Cachoeira,Shana Dobson,Women's Flyweight,0,KO/TKO Punch,1,0:40
UFC Fight Night: Anderson vs. Blachowicz,Jan Blachowicz,Corey Anderson,Light Heavyweight,0,KO/TKO Punch,1,3:08
UFC Fight Night: Anderson vs. Blachowicz,Diego Sanchez,Michel Pereira,Welterweight,0,DQ,3,3:09
UFC Fight Night: Anderson vs. Blachowicz,Montana De La Rosa,Mara Romero Borella,Women's Flyweight,0,U-DEC,3,5:00
UFC Fight Night: Anderson vs. Blachowicz,Brok Weaver,Kazula Vargas,Lightweight,0,DQ,1,4:02
UFC Fight Night: Anderson vs. Blachowicz,Ray Borg,Rogerio Bontorin,Flyweight,0,U-DEC,3,5:00
UFC Fight Night: Anderson vs. Blachowicz,Lando Vannata,Yancy Medeiros,Lightweight,0,U-DEC,3,5:00
UFC Fight Night: Anderson vs. Blachowicz,Daniel Rodriguez,Tim Means,Welterweight,0,SUB Guillotine Choke,2,3:37
UFC Fight Night: Anderson vs. Blachowicz,John Dodson,Nathaniel Wood,Bantamweight,0,KO/TKO Punch,3,0:16
UFC Fight Night: Anderson vs. Blachowicz,Scott Holtzman,Jim Miller,Lightweight,0,U-DEC,3,5:00
UFC Fight Night: Anderson vs. Blachowicz,Devin Clark,Dequan Townsend,Light Heavyweight,0,U-DEC,3,5:00
UFC Fight Night: Anderson vs. Blachowicz,Merab Dvalishvili,Casey Kenney,Bantamweight,0,U-DEC,3,5:00
UFC Fight Night: Anderson vs. Blachowicz,Macy Chiasson,Shanna Young,Women's Bantamweight,0,U-DEC,3,5:00
UFC Fight Night: Anderson vs. Blachowicz,Raulian Paiva,Mark De La Rosa,Flyweight,0,KO/TKO Punch,2,4:42
UFC 247: Jones vs. Reyes,Jon Jones,Dominick Reyes,Light Heavyweight,1,U-DEC,5,5:00
UFC 247: Jones vs. Reyes,Valentina Shevchenko,Katlyn Cerminara,Women's Flyweight,1,KO/TKO Punches,3,1:03
UFC 247: Jones vs. Reyes,Justin Tafa,Juan Adams,Heavyweight,0,KO/TKO Punch,1,1:59
UFC 247: Jones vs. Reyes,Dan Ige,Mirsad Bektic,Featherweight,0,S-DEC,3,5:00
UFC 247: Jones vs. Reyes,Derrick Lewis,Ilir Latifi,Heavyweight,0,U-DEC,3,5:00
UFC 247: Jones vs. Reyes,Trevin Giles,James Krause,Middleweight,0,S-DEC,3,5:00
UFC 247: Jones vs. Reyes,Lauren Murphy,Andrea Lee,Women's Flyweight,0,S-DEC,3,5:00
UFC 247: Jones vs. Reyes,Khaos Williams,Alex Morono,Welterweight,0,KO/TKO Punch,1,0:27
UFC 247: Jones vs. Reyes,Mario Bautista,Miles Johns,Bantamweight,0,KO/TKO Flying Knee,2,1:41
UFC 247: Jones vs. Reyes,Domingo Pilarte,Journey Newson,Bantamweight,0,Overturned Punch,1,0:38
UFC 247: Jones vs. Reyes,Andre Ewell,Jonathan Martinez,Bantamweight,0,S-DEC,3,5:00
UFC 247: Jones vs. Reyes,Youssef Zalal,Austin Lingo,Featherweight,0,U-DEC,3,5:00
UFC Fight Night: Blaydes vs. Dos Santos,Curtis Blaydes,Junior Dos Santos,Heavyweight,0,KO/TKO Punches,2,1:06
UFC Fight Night: Blaydes vs. Dos Santos,Michael Chiesa,Rafael Dos Anjos,Welterweight,0,U-DEC,3,5:00
UFC Fight Night: Blaydes vs. Dos Santos,Alex Perez,Jordan Espinosa,Flyweight,0,SUB Arm Triangle,1,2:33
UFC Fight Night: Blaydes vs. Dos Santos,Angela Hill,Hannah Cifers,Women's Strawweight,0,KO/TKO Elbows,2,4:26
UFC Fight Night: Blaydes vs. Dos Santos,Jamahal Hill,Darko Stosic,Light Heavyweight,0,U-DEC,3,5:00
UFC Fight Night: Blaydes vs. Dos Santos,Bevon Lewis,Dequan Townsend,Middleweight,0,U-DEC,3,5:00
UFC Fight Night: Blaydes vs. Dos Santos,Arnold Allen,Nik Lentz,Featherweight,0,U-DEC,3,5:00
UFC Fight Night: Blaydes vs. Dos Santos,Justine Kish,Lucie Pudilova,Women's Flyweight,0,U-DEC,3,5:00
UFC Fight Night: Blaydes vs. Dos Santos,Montel Jackson,Felipe Colares,Bantamweight,0,U-DEC,3,5:00
UFC Fight Night: Blaydes vs. Dos Santos,Sara McMann,Lina Lansberg,Women's Bantamweight,0,U-DEC,3,5:00
UFC Fight Night: Blaydes vs. Dos Santos,Brett Johns,Tony Gravely,Bantamweight,0,SUB Rear Naked Choke,3,2:53
UFC Fight Night: Blaydes vs. Dos Santos,Herbert Burns,Nate Landwehr,Featherweight,0,KO/TKO Knee,1,2:43
UFC 246: McGregor vs. Cowboy,Conor McGregor,Donald Cerrone,Welterweight,0,KO/TKO Punches,1,0:40
UFC 246: McGregor vs. Cowboy,Holly Holm,Raquel Pennington,Women's Bantamweight,0,U-DEC,3,5:00
UFC 246: McGregor vs. Cowboy,Aleksei Oleinik,Maurice Greene,Heavyweight,0,SUB Armbar,2,4:38
UFC 246: McGregor vs. Cowboy,Brian Kelleher,Ode Osbourne,Bantamweight,0,SUB Guillotine Choke,1,2:49
UFC 246: McGregor vs. Cowboy,Diego Ferreira,Anthony Pettis,Lightweight,0,SUB Rear Naked Choke,2,1:46
UFC 246: McGregor vs. Cowboy,Roxanne Modafferi,Maycee Barber,Women's Flyweight,0,U-DEC,3,5:00
UFC 246: McGregor vs. Cowboy,Sodiq Yusuff,Andre Fili,Featherweight,0,U-DEC,3,5:00
UFC 246: McGregor vs. Cowboy,Askar Askarov,Tim Elliott,Flyweight,0,U-DEC,3,5:00
UFC 246: McGregor vs. Cowboy,Drew Dober,Nasrat Haqparast,Lightweight,0,KO/TKO Punch,1,1:10
UFC 246: McGregor vs. Cowboy,Aleksa Camur,Justin Ledet,Light Heavyweight,0,U-DEC,3,5:00
UFC 246: McGregor vs. Cowboy,Sabina Mazo,JJ Aldrich,Women's Flyweight,0,S-DEC,3,5:00
UFC Fight Night: Edgar vs. The Korean Zombie,Chan Sung Jung,Frankie Edgar,Featherweight,0,KO/TKO Punches,1,3:18
UFC Fight Night: Edgar vs. The Korean Zombie,Volkan Oezdemir,Aleksandar Rakic,Light Heavyweight,0,S-DEC,3,5:00
UFC Fight Night: Edgar vs. The Korean Zombie,Charles Jourdain,Dooho Choi,Featherweight,0,KO/TKO Punches,2,4:32
UFC Fight Night: Edgar vs. The Korean Zombie,Da Woon Jung,Mike Rodriguez,Light Heavyweight,0,KO/TKO Punch,1,1:04
UFC Fight Night: Edgar vs. The Korean Zombie,JunYong Park,Marc-Andre Barriault,Middleweight,0,U-DEC,3,5:00
UFC Fight Night: Edgar vs. The Korean Zombie,Kyung Ho Kang,Pingyuan Liu,Bantamweight,0,S-DEC,3,5:00
UFC Fight Night: Edgar vs. The Korean Zombie,Ciryl Gane,Tanner Boser,Heavyweight,0,U-DEC,3,5:00
UFC Fight Night: Edgar vs. The Korean Zombie,SeungWoo Choi,Suman Mokhtarian,Featherweight,0,U-DEC,3,5:00
UFC Fight Night: Edgar vs. The Korean Zombie,Omar Morales,Dong Hyun Ma,Lightweight,0,U-DEC,3,5:00
UFC Fight Night: Edgar vs. The Korean Zombie,Alexandre Pantoja,Matt Schnell,Flyweight,0,KO/TKO Punch,1,4:17
UFC Fight Night: Edgar vs. The Korean Zombie,Raoni Barcelos,Said Nurmagomedov,Bantamweight,0,U-DEC,3,5:00
UFC Fight Night: Edgar vs. The Korean Zombie,Amanda Lemos,Miranda Granger,Women's Strawweight,0,SUB Rear Naked Choke,1,3:43
UFC Fight Night: Edgar vs. The Korean Zombie,Alatengheili,Ryan Benoit,Bantamweight,0,S-DEC,3,5:00
UFC 245: Usman vs. Covington,Kamaru Usman,Colby Covington,Welterweight,1,KO/TKO Punch,5,4:10
UFC 245: Usman vs. Covington,Alexander Volkanovski,Max Holloway,Featherweight,1,U-DEC,5,5:00
UFC 245: Usman vs. Covington,Amanda Nunes,Germaine de Randamie,Women's Bantamweight,1,U-DEC,5,5:00
UFC 245: Usman vs. Covington,Marlon Moraes,Jose Aldo,Bantamweight,0,S-DEC,3,5:00
UFC 245: Usman vs. Covington,Petr Yan,Urijah Faber,Bantamweight,0,KO/TKO Kick,3,0:43
UFC 245: Usman vs. Covington,Geoff Neal,Mike Perry,Welterweight,0,KO/TKO Punches,1,1:30
UFC 245: Usman vs. Covington,Irene Aldana,Ketlen Vieira,Women's Bantamweight,0,KO/TKO Punch,1,4:51
UFC 245: Usman vs. Covington,Omari Akhmedov,Ian Heinisch,Middleweight,0,U-DEC,3,5:00
UFC 245: Usman vs. Covington,Matt Brown,Ben Saunders,Welterweight,0,KO/TKO Punches,2,4:55
UFC 245: Usman vs. Covington,Chase Hooper,Daniel Teymur,Featherweight,0,KO/TKO Elbows,1,4:34
UFC 245: Usman vs. Covington,Brandon Moreno,Kai Kara-France,Flyweight,0,U-DEC,3,5:00
UFC 245: Usman vs. Covington,Jessica Eye,Viviane Araujo,Women's Flyweight,0,U-DEC,3,5:00
UFC 245: Usman vs. Covington,Punahele Soriano,Oskar Piechota,Middleweight,0,KO/TKO Punch,1,3:17
UFC Fight Night: Overeem vs. Rozenstruik,Jairzinho Rozenstruik,Alistair Overeem,Heavyweight,0,KO/TKO Punch,5,4:56
UFC Fight Night: Overeem vs. Rozenstruik,Marina Rodriguez,Cynthia Calvillo,Women's Strawweight,0,M-DEC,3,5:00
UFC Fight Night: Overeem vs. Rozenstruik,Ben Rothwell,Stefan Struve,Heavyweight,0,KO/TKO Punches,2,4:57
UFC Fight Night: Overeem vs. Rozenstruik,Aspen Ladd,Yana Santos,Women's Bantamweight,0,KO/TKO Punches,3,0:33
UFC Fight Night: Overeem vs. Rozenstruik,Cody Stamann,Song Yadong,Bantamweight,0,M-DEC,3,5:00
UFC Fight Night: Overeem vs. Rozenstruik,Rob Font,Ricky Simon,Bantamweight,0,U-DEC,3,5:00
UFC Fight Night: Overeem vs. Rozenstruik,Tim Means,Thiago Alves,Welterweight,0,SUB Guillotine Choke,1,2:38
UFC Fight Night: Overeem vs. Rozenstruik,Billy Quarantillo,Jacob Kilburn,Featherweight,0,SUB Triangle Choke,2,3:18
UFC Fight Night: Overeem vs. Rozenstruik,Bryce Mitchell,Matt Sayles,Featherweight,0,SUB Twister,1,4:20
UFC Fight Night: Overeem vs. Rozenstruik,Joe Solecki,Matt Wiman,Lightweight,0,U-DEC,3,5:00
UFC Fight Night: Overeem vs. Rozenstruik,Virna Jandiroba,Mallory Martin,Women's Strawweight,0,SUB Rear Naked Choke,2,1:16
UFC Fight Night: Overeem vs. Rozenstruik,Makhmud Muradov,Trevor Smith,Middleweight,0,KO/TKO Punch,3,4:09
UFC Fight Night: Blachowicz vs. Jacare,Jan Blachowicz,Jacare Souza,Light Heavyweight,0,S-DEC,5,5:00
UFC Fight Night: Blachowicz vs. Jacare,Mauricio Rua,Paul Craig,Light Heavyweight,0,S-DEC,3,5:00
UFC Fight Night: Blachowicz vs. Jacare,Charles Oliveira,Jared Gordon,Lightweight,0,KO/TKO Punch,1,1:26
UFC Fight Night: Blachowicz vs. Jacare,Andre Muniz,Antonio Arroyo,Middleweight,0,U-DEC,3,5:00
UFC Fight Night: Blachowicz vs. Jacare,Wellington Turman,Markus Perez,Middleweight,0,U-DEC,3,5:00
UFC Fight Night: Blachowicz vs. Jacare,James Krause,Sergio Moraes,Welterweight,0,KO/TKO Punch,3,4:19
UFC Fight Night: Blachowicz vs. Jacare,Ricardo Ramos,Eduardo Garagorri,Featherweight,0,SUB Rear Naked Choke,1,3:57
UFC Fight Night: Blachowicz vs. Jacare,Francisco Trinaldo,King Green,Lightweight,0,U-DEC,3,5:00
UFC Fight Night: Blachowicz vs. Jacare,Randy Brown,Warlley Alves,Welterweight,0,SUB Triangle Choke,2,1:22
UFC Fight Night: Blachowicz vs. Jacare,Douglas Silva de Andrade,Renan Barao,Featherweight,0,U-DEC,3,5:00
UFC Fight Night: Blachowicz vs. Jacare,Ariane da Silva,Isabela de Padua,Women's Flyweight,0,U-DEC,3,5:00
UFC Fight Night: Blachowicz vs. Jacare,Tracy Cortez,Vanessa Melo,Women's Bantamweight,0,U-DEC,3,5:00
UFC Fight Night: Zabit vs. Kattar,Zabit Magomedsharipov,Calvin Kattar,Featherweight,0,U-DEC,3,5:00
UFC Fight Night: Zabit vs. Kattar,Alexander Volkov,Greg Hardy,Heavyweight,0,U-DEC,3,5:00
UFC Fight Night: Zabit vs. Kattar,Danny Roberts,Zelim Imadaev,Welterweight,0,KO/TKO Punch,2,4:54
UFC Fight Night: Zabit vs. Kattar,Ed Herman,Khadis Ibragimov,Light Heavyweight,0,U-DEC,3,5:00
UFC Fight Night: Zabit vs. Kattar,Anthony Rocco Martin,Ramazan Emeev,Welterweight,0,U-DEC,3,5:00
UFC Fight Night: Zabit vs. Kattar,Shamil Gamzatov,Klidson Abreu,Light Heavyweight,0,S-DEC,3,5:00
UFC Fight Night: Zabit vs. Kattar,Magomed Ankalaev,Dalcha Lungiambula,Light Heavyweight,0,KO/TKO Kick,3,0:29
UFC Fight Night: Zabit vs. Kattar,Rustam Khabilov,Sergey Khandozhko,Welterweight,0,U-DEC,3,5:00
UFC Fight Night: Zabit vs. Kattar,Karl Roberson,Roman Kopylov,Middleweight,0,SUB Rear Naked Choke,3,4:01
UFC Fight Night: Zabit vs. Kattar,David Zawada,Abubakar Nurmagomedov,Welterweight,0,SUB Triangle Choke,1,2:50
UFC Fight Night: Zabit vs. Kattar,Roosevelt Roberts,Alexander Yakovlev,Lightweight,0,U-DEC,3,5:00
UFC Fight Night: Zabit vs. Kattar,Pannie Kianzad,Jessica-Rose Clark,Women's Bantamweight,0,U-DEC,3,5:00
UFC Fight Night: Zabit vs. Kattar,Davey Grant,Grigory Popov,Bantamweight,0,S-DEC,3,5:00
UFC 244: Masvidal vs. Diaz,Jorge Masvidal,Nate Diaz,Welterweight,0,KO/TKO,3,5:00
UFC 244: Masvidal vs. Diaz,Darren Till,Kelvin Gastelum,Middleweight,0,S-DEC,3,5:00
UFC 244: Masvidal vs. Diaz,Stephen Thompson,Vicente Luque,Welterweight,0,U-DEC,3,5:00
UFC 244: Masvidal vs. Diaz,Derrick Lewis,Blagoy Ivanov,Heavyweight,0,S-DEC,3,5:00
UFC 244: Masvidal vs. Diaz,Kevin Lee,Gregor Gillespie,Lightweight,0,KO/TKO Kick,1,2:47
UFC 244: Masvidal vs. Diaz,Corey Anderson,Johnny Walker,Light Heavyweight,0,KO/TKO Punches,1,2:07
UFC 244: Masvidal vs. Diaz,Shane Burgos,Makwan Amirkhani,Featherweight,0,KO/TKO Punch,3,4:32
UFC 244: Masvidal vs. Diaz,Edmen Shahbazyan,Brad Tavares,Middleweight,0,KO/TKO Kick,1,2:27
UFC 244: Masvidal vs. Diaz,Jairzinho Rozenstruik,Andrei Arlovski,Heavyweight,0,KO/TKO Punch,1,0:29
UFC 244: Masvidal vs. Diaz,Katlyn Cerminara,Jennifer Maia,Women's Flyweight,0,U-DEC,3,5:00
UFC 244: Masvidal vs. Diaz,Lyman Good,Chance Rencountre,Welterweight,0,KO/TKO Punch,3,2:03
UFC 244: Masvidal vs. Diaz,Hakeem Dawodu,Julio Arce,Featherweight,0,S-DEC,3,5:00
UFC Fight Night: Maia vs. Askren,Demian Maia,Ben Askren,Welterweight,0,SUB Rear Naked Choke,3,3:54
UFC Fight Night: Maia vs. Askren,Stevie Ray,Michael Johnson,Lightweight,0,M-DEC,3,5:00
UFC Fight Night: Maia vs. Askren,Beneil Dariush,Frank Camacho,Lightweight,0,SUB Rear Naked Choke,1,2:02
UFC Fight Night: Maia vs. Askren,Ciryl Gane,Don'Tale Mayes,Heavyweight,0,SUB Heel Hook,3,4:46
UFC Fight Night: Maia vs. Askren,Muslim Salikhov,Laureano Staropoli,Welterweight,0,U-DEC,3,5:00
UFC Fight Night: Maia vs. Askren,Randa Markos,Ashley Yoder,Women's Strawweight,0,S-DEC,3,5:00
UFC Fight Night: Maia vs. Askren,Rafael Fiziev,Alex White,Lightweight,0,U-DEC,3,5:00
UFC Fight Night: Maia vs. Askren,Movsar Evloev,Enrique Barzola,Featherweight,0,U-DEC,3,5:00
UFC Fight Night: Maia vs. Askren,Sergei Pavlovich,Maurice Greene,Heavyweight,0,KO/TKO Punches,1,2:11
UFC Fight Night: Maia vs. Askren,Loma Lookboonmee,Aleksandra Albu,Women's Strawweight,0,S-DEC,3,5:00
UFC Fight Night: Maia vs. Askren,Raphael Pessoa,Jeff Hughes,Heavyweight,0,U-DEC,3,5:00
UFC Fight Night: Reyes vs. Weidman,Dominick Reyes,Chris Weidman,Light Heavyweight,0,KO/TKO Punches,1,1:43
UFC Fight Night: Reyes vs. Weidman,Yair Rodriguez,Jeremy Stephens,Featherweight,0,U-DEC,3,5:00
UFC Fight Night: Reyes vs. Weidman,Greg Hardy,Ben Sosoli,Heavyweight,0,Overturned,3,5:00
UFC Fight Night: Reyes vs. Weidman,Joe Lauzon,Jonathan Pearce,Lightweight,0,KO/TKO Punches,1,1:33
UFC Fight Night: Reyes vs. Weidman,Maycee Barber,Gillian Robertson,Women's Flyweight,0,KO/TKO Punches,1,3:04
UFC Fight Night: Reyes vs. Weidman,Darren Stewart,Deron Winn,Middleweight,0,S-DEC,3,5:00
UFC Fight Night: Reyes vs. Weidman,Charles Rosa,Manny Bermudez,Featherweight,0,SUB Armbar,1,2:46
UFC Fight Night: Reyes vs. Weidman,Molly McCann,Diana Belbita,Women's Flyweight,0,U-DEC,3,5:00
UFC Fight Night: Reyes vs. Weidman,Sean Woodson,Kyle Bochniak,Featherweight,0,U-DEC,3,5:00
UFC Fight Night: Reyes vs. Weidman,Randy Costa,Boston Salmon,Bantamweight,0,KO/TKO Punch,1,2:15
UFC Fight Night: Reyes vs. Weidman,Sean Brady,Court McGee,Welterweight,0,U-DEC,3,5:00
UFC Fight Night: Reyes vs. Weidman,Brendan Allen,Kevin Holland,Middleweight,0,SUB Rear Naked Choke,2,3:38
UFC Fight Night: Reyes vs. Weidman,Tanner Boser,Daniel Spitz,Heavyweight,0,U-DEC,3,5:00
UFC Fight Night: Joanna vs. Waterson,Joanna Jedrzejczyk,Michelle Waterson-Gomez,Women's Strawweight,0,U-DEC,5,5:00
UFC Fight Night: Joanna vs. Waterson,Cub Swanson,Kron Gracie,Featherweight,0,U-DEC,3,5:00
UFC Fight Night: Joanna vs. Waterson,Niko Price,James Vick,Welterweight,0,KO/TKO Kick,1,1:44
UFC Fight Night: Joanna vs. Waterson,Amanda Ribas,Mackenzie Dern,Women's Strawweight,0,U-DEC,3,5:00
UFC Fight Night: Joanna vs. Waterson,Matt Frevola,Luis Pena,Lightweight,0,S-DEC,3,5:00
UFC Fight Night: Joanna vs. Waterson,Eryk Anders,Gerald Meerschaert,Middleweight,0,S-DEC,3,5:00
UFC Fight Night: Joanna vs. Waterson,Ryan Spann,Devin Clark,Light Heavyweight,0,SUB Guillotine Choke,2,2:01
UFC Fight Night: Joanna vs. Waterson,Mike Davis,Thomas Gifford,Lightweight,0,KO/TKO Punch,3,4:45
UFC Fight Night: Joanna vs. Waterson,Alex Morono,Max Griffin,Welterweight,0,U-DEC,3,5:00
UFC Fight Night: Joanna vs. Waterson,Deiveson Figueiredo,Tim Elliott,Flyweight,0,SUB Guillotine Choke,1,3:08
UFC Fight Night: Joanna vs. Waterson,Marlon Vera,Andre Ewell,Bantamweight,0,KO/TKO Elbows,3,3:17
UFC Fight Night: Joanna vs. Waterson,Miguel Baeza,Hector Aldana,Welterweight,0,KO/TKO Kick,2,2:32
UFC Fight Night: Joanna vs. Waterson,Marvin Vettori,Andrew Sanchez,Middleweight,0,U-DEC,3,5:00
UFC Fight Night: Joanna vs. Waterson,JJ Aldrich,Lauren Mueller,Women's Flyweight,0,U-DEC,3,5:00
UFC 243: Whittaker vs. Adesanya,Israel Adesanya,Robert Whittaker,Middleweight,1,KO/TKO Punch,2,3:33
UFC 243: Whittaker vs. Adesanya,Dan Hooker,Al Iaquinta,Lightweight,0,U-DEC,3,5:00
UFC 243: Whittaker vs. Adesanya,Serghei Spivac,Tai Tuivasa,Heavyweight,0,SUB Arm Triangle,2,3:14
UFC 243: Whittaker vs. Adesanya,Dhiego Lima,Luke Jumeau,Welterweight,0,S-DEC,3,5:00
UFC 243: Whittaker vs. Adesanya,Yorgan De Castro,Justin Tafa,Heavyweight,0,KO/TKO Punch,1,2:10
UFC 243: Whittaker vs. Adesanya,Jake Matthews,Rostem Akman,Welterweight,0,U-DEC,3,5:00
UFC 243: Whittaker vs. Adesanya,Callan Potter,Maki Pitolo,Welterweight,0,U-DEC,3,5:00
UFC 243: Whittaker vs. Adesanya,Brad Riddell,Jamie Mullarkey,Lightweight,0,U-DEC,3,5:00
UFC 243: Whittaker vs. Adesanya,Megan Anderson,Zarah Fairn,Women's Featherweight,0,SUB Triangle Choke,1,3:57
UFC 243: Whittaker vs. Adesanya,Ji Yeon Kim,Nadia Kassem,Women's Flyweight,0,KO/TKO Punch,2,4:59
UFC 243: Whittaker vs. Adesanya,Khalid Taha,Bruno Silva,Bantamweight,0,Overturned Arm Triangle,3,3:00
UFC Fight Night: Hermansson vs. Cannonier,Jared Cannonier,Jack Hermansson,Middleweight,0,KO/TKO Punch,2,0:27
UFC Fight Night: Hermansson vs. Cannonier,Mark Madsen,Danilo Belluardo,Lightweight,0,KO/TKO Punches,1,1:12
UFC Fight Night: Hermansson vs. Cannonier,Gilbert Burns,Gunnar Nelson,Welterweight,0,U-DEC,3,5:00
UFC Fight Night: Hermansson vs. Cannonier,Ion Cutelaba,Khalil Rountree Jr.,Light Heavyweight,0,KO/TKO Elbows,1,2:35
UFC Fight Night: Hermansson vs. Cannonier,Ovince Saint Preux,Michal Oleksiejczuk,Light Heavyweight,0,SUB Von Flue Choke,2,2:46
UFC Fight Night: Hermansson vs. Cannonier,Nicolas Dalby,Alex Oliveira,Welterweight,0,U-DEC,3,5:00
UFC Fight Night: Hermansson vs. Cannonier,John Phillips,Alen Amedovski,Middleweight,0,KO/TKO Punch,1,0:17
UFC Fight Night: Hermansson vs. Cannonier,Makhmud Muradov,Alessio Di Chirico,Middleweight,0,U-DEC,3,5:00
UFC Fight Night: Hermansson vs. Cannonier,Ismail Naurdiev,Siyar Bahadurzada,Welterweight,0,U-DEC,3,5:00
UFC Fight Night: Hermansson vs. Cannonier,Giga Chikadze,Brandon Davis,Featherweight,0,S-DEC,3,5:00
UFC Fight Night: Hermansson vs. Cannonier,Lina Lansberg,Macy Chiasson,Women's Bantamweight,0,U-DEC,3,5:00
UFC Fight Night: Hermansson vs. Cannonier,Marc Diakiese,Lando Vannata,Lightweight,0,U-DEC,3,5:00
UFC Fight Night: Hermansson vs. Cannonier,Jack Shore,Nohelin Hernandez,Bantamweight,0,SUB Rear Naked Choke,3,2:51
UFC Fight Night: Rodriguez vs. Stephens,Yair Rodriguez,Jeremy Stephens,Featherweight,0,CNC,1,0:15
UFC Fight Night: Rodriguez vs. Stephens,Carla Esparza,Alexa Grasso,Women's Strawweight,0,M-DEC,3,5:00
UFC Fight Night: Rodriguez vs. Stephens,Brandon Moreno,Askar Askarov,Flyweight,0,S-DEC,3,5:00
UFC Fight Night: Rodriguez vs. Stephens,Irene Aldana,Vanessa Melo,Women's Bantamweight,0,U-DEC,3,5:00
UFC Fight Night: Rodriguez vs. Stephens,Steven Peterson,Martin Bravo,Featherweight,0,KO/TKO Spinning Back Fist,2,1:31
UFC Fight Night: Rodriguez vs. Stephens,Jose Quinonez,Carlos Huachin,Bantamweight,0,U-DEC,3,5:00
UFC Fight Night: Rodriguez vs. Stephens,Kyle Nelson,Marco Polo Reyes,Featherweight,0,KO/TKO Punch,1,1:36
UFC Fight Night: Rodriguez vs. Stephens,Angela Hill,Ariane Carnelossi,Women's Strawweight,0,KO/TKO Elbow,3,1:56
UFC Fight Night: Rodriguez vs. Stephens,Sergio Pettis,Tyson Nam,Flyweight,0,U-DEC,3,5:00
UFC Fight Night: Rodriguez vs. Stephens,Paul Craig,Vinicius Moreira,Light Heavyweight,0,SUB Rear Naked Choke,1,3:19
UFC Fight Night: Rodriguez vs. Stephens,Bethe Correia,Sijara Eubanks,Women's Bantamweight,0,U-DEC,3,5:00
UFC Fight Night: Rodriguez vs. Stephens,Claudio Puelles,Marcos Mariano,Lightweight,0,U-DEC,3,5:00
UFC Fight Night: Cowboy vs. Gaethje,Justin Gaethje,Donald Cerrone,Lightweight,0,KO/TKO Punch,1,4:18
UFC Fight Night: Cowboy vs. Gaethje,Glover Teixeira,Nikita Krylov,Light Heavyweight,0,S-DEC,3,5:00
UFC Fight Night: Cowboy vs. Gaethje,Todd Duffee,Jeff Hughes,Heavyweight,0,CNC,1,4:03
UFC Fight Night: Cowboy vs. Gaethje,Tristan Connelly,Michel Pereira,Welterweight,0,U-DEC,3,5:00
UFC Fight Night: Cowboy vs. Gaethje,Uriah Hall,Antonio Carlos Junior,Middleweight,0,S-DEC,3,5:00
UFC Fight Night: Cowboy vs. Gaethje,Misha Cirkunov,Jimmy Crute,Light Heavyweight,0,SUB Peruvian Necktie,1,3:38
UFC Fight Night: Cowboy vs. Gaethje,Augusto Sakai,Marcin Tybura,Heavyweight,0,KO/TKO Punches,1,0:59
UFC Fight Night: Cowboy vs. Gaethje,Miles Johns,Cole Smith,Bantamweight,0,S-DEC,3,5:00
UFC Fight Night: Cowboy vs. Gaethje,Hunter Azure,Brad Katona,Bantamweight,0,U-DEC,3,5:00
UFC Fight Night: Cowboy vs. Gaethje,Chas Skelly,Jordan Griffin,Featherweight,0,U-DEC,3,5:00
UFC Fight Night: Cowboy vs. Gaethje,Louis Smolka,Ryan MacDonald,Bantamweight,0,KO/TKO Punch,1,4:43
UFC Fight Night: Cowboy vs. Gaethje,Austin Hubbard,Kyle Prepolec,Lightweight,0,U-DEC,3,5:00
UFC 242: Khabib vs. Poirier,Khabib Nurmagomedov,Dustin Poirier,Lightweight,1,SUB Rear Naked Choke,3,2:06
UFC 242: Khabib vs. Poirier,Paul Felder,Edson Barboza,Lightweight,0,S-DEC,3,5:00
UFC 242: Khabib vs. Poirier,Islam Makhachev,Davi Ramos,Lightweight,0,U-DEC,3,5:00
UFC 242: Khabib vs. Poirier,Curtis Blaydes,Shamil Abdurakhimov,Heavyweight,0,KO/TKO Elbow,2,2:22
UFC 242: Khabib vs. Poirier,Diego Ferreira,Mairbek Taisumov,Lightweight,0,U-DEC,3,5:00
UFC 242: Khabib vs. Poirier,Joanne Wood,Andrea Lee,Women's Flyweight,0,S-DEC,3,5:00
UFC 242: Khabib vs. Poirier,Zubaira Tukhugov,Lerone Murphy,Featherweight,0,S-DEC,3,5:00
UFC 242: Khabib vs. Poirier,Sarah Moras,Liana Jojua,Women's Bantamweight,0,KO/TKO Elbows,3,2:26
UFC 242: Khabib vs. Poirier,Ottman Azaitar,Teemu Packalen,Lightweight,0,KO/TKO Punch,1,3:33
UFC 242: Khabib vs. Poirier,Belal Muhammad,Takashi Sato,Welterweight,0,SUB Rear Naked Choke,3,1:55
UFC 242: Khabib vs. Poirier,Muslim Salikhov,Nordine Taleb,Welterweight,0,KO/TKO Punch,1,4:26
UFC 242: Khabib vs. Poirier,Omari Akhmedov,Zak Cummings,Middleweight,0,U-DEC,3,5:00
UFC 242: Khabib vs. Poirier,Don Madge,Fares Ziam,Lightweight,0,U-DEC,3,5:00
UFC Fight Night: Andrade vs. Zhang,Zhang Weili,Jessica Andrade,Women's Strawweight,1,KO/TKO Punch,1,0:42
UFC Fight Night: Andrade vs. Zhang,Li Jingliang,Elizeu Zaleski dos Santos,Welterweight,0,KO/TKO Punches,3,4:51
UFC Fight Night: Andrade vs. Zhang,Kai Kara-France,Mark De La Rosa,Flyweight,0,U-DEC,3,5:00
UFC Fight Night: Andrade vs. Zhang,Song Kenan,Derrick Krantz,Welterweight,0,U-DEC,3,5:00
UFC Fight Night: Andrade vs. Zhang,Mizuki,Wu Yanan,Women's Flyweight,0,S-DEC,3,5:00
UFC Fight Night: Andrade vs. Zhang,Anthony Hernandez,JunYong Park,Middleweight,0,SUB Anaconda Choke,2,4:39
UFC Fight Night: Andrade vs. Zhang,Sumudaerji,Andre Soukhamthath,Bantamweight,0,U-DEC,3,5:00
UFC Fight Night: Andrade vs. Zhang,Da Woon Jung,Khadis Ibragimov,Light Heavyweight,0,SUB Guillotine Choke,3,1:59
UFC Fight Night: Andrade vs. Zhang,Damir Ismagulov,Thiago Moises,Lightweight,0,U-DEC,3,5:00
UFC Fight Night: Andrade vs. Zhang,Alatengheili,Batgerel Danaa,Bantamweight,0,U-DEC,3,5:00
UFC Fight Night: Andrade vs. Zhang,Karol Rosa,Lara Procopio,Women's Bantamweight,0,S-DEC,3,5:00
UFC 241: Cormier vs. Miocic 2,Stipe Miocic,Daniel Cormier,Heavyweight,1,KO/TKO Punches,4,4:09
UFC 241: Cormier vs. Miocic 2,Nate Diaz,Anthony Pettis,Welterweight,0,U-DEC,3,5:00
UFC 241: Cormier vs. Miocic 2,Paulo Costa,Yoel Romero,Middleweight,0,U-DEC,3,5:00
UFC 241: Cormier vs. Miocic 2,Sodiq Yusuff,Gabriel Benitez,Featherweight,0,KO/TKO Punch,1,4:14
UFC 241: Cormier vs. Miocic 2,Derek Brunson,Ian Heinisch,Middleweight,0,U-DEC,3,5:00
UFC 241: Cormier vs. Miocic 2,Khama Worthy,Devonte Smith,Lightweight,0,KO/TKO Punch,1,4:15
UFC 241: Cormier vs. Miocic 2,Cory Sandhagen,Raphael Assuncao,Bantamweight,0,U-DEC,3,5:00
UFC 241: Cormier vs. Miocic 2,Drakkar Klose,Christos Giagos,Lightweight,0,U-DEC,3,5:00
UFC 241: Cormier vs. Miocic 2,Casey Kenney,Manny Bermudez,Catch Weight,0,U-DEC,3,5:00
UFC 241: Cormier vs. Miocic 2,Hannah Cifers,Jodie Esquibel,Women's Strawweight,0,U-DEC,3,5:00
UFC 241: Cormier vs. Miocic 2,Kyung Ho Kang,Brandon Davis,Bantamweight,0,S-DEC,3,5:00
UFC 241: Cormier vs. Miocic 2,Sabina Mazo,Shana Dobson,Women's Flyweight,0,U-DEC,3,5:00
UFC Fight Night: Shevchenko vs. Carmouche 2,Valentina Shevchenko,Liz Carmouche,Women's Flyweight,1,U-DEC,5,5:00
UFC Fight Night: Shevchenko vs. Carmouche 2,Vicente Luque,Mike Perry,Welterweight,0,S-DEC,3,5:00
UFC Fight Night: Shevchenko vs. Carmouche 2,Eduardo Garagorri,Humberto Bandenay,Featherweight,0,U-DEC,3,5:00
UFC Fight Night: Shevchenko vs. Carmouche 2,Volkan Oezdemir,Ilir Latifi,Light Heavyweight,0,KO/TKO Punch,2,4:31
UFC Fight Night: Shevchenko vs. Carmouche 2,Rodolfo Vieira,Oskar Piechota,Middleweight,0,SUB Arm Triangle,2,4:26
UFC Fight Night: Shevchenko vs. Carmouche 2,Enrique Barzola,Bobby Moffett,Featherweight,0,S-DEC,3,5:00
UFC Fight Night: Shevchenko vs. Carmouche 2,Gilbert Burns,Aleksei Kunchenko,Welterweight,0,U-DEC,3,5:00
UFC Fight Night: Shevchenko vs. Carmouche 2,Ciryl Gane,Raphael Pessoa,Heavyweight,0,SUB Arm Triangle,1,4:12
UFC Fight Night: Shevchenko vs. Carmouche 2,Marina Rodriguez,Tecia Pennington,Women's Strawweight,0,U-DEC,3,5:00
UFC Fight Night: Shevchenko vs. Carmouche 2,Rogerio Bontorin,Raulian Paiva,Flyweight,0,KO/TKO,1,2:56
UFC Fight Night: Shevchenko vs. Carmouche 2,Chris Gutierrez,Geraldo de Freitas,Bantamweight,0,S-DEC,3,5:00
UFC Fight Night: Shevchenko vs. Carmouche 2,Alex Da Silva,Kazula Vargas,Lightweight,0,U-DEC,3,5:00
UFC Fight Night: Shevchenko vs. Carmouche 2,Veronica Hardy,Polyana Viana,Women's Flyweight,0,SUB Armbar,1,1:09
UFC Fight Night: Covington vs. Lawler,Colby Covington,Robbie Lawler,Welterweight,0,U-DEC,5,5:00
UFC Fight Night: Covington vs. Lawler,Jim Miller,Clay Guida,Lightweight,0,SUB Guillotine Choke,1,0:58
UFC Fight Night: Covington vs. Lawler,Nasrat Haqparast,Joaquim Silva,Lightweight,0,KO/TKO Punch,2,0:36
UFC Fight Night: Covington vs. Lawler,Gerald Meerschaert,Trevin Giles,Middleweight,0,SUB Guillotine Choke,3,1:49
UFC Fight Night: Covington vs. Lawler,Scott Holtzman,Dong Hyun Ma,Lightweight,0,KO/TKO,2,5:00
UFC Fight Night: Covington vs. Lawler,Kennedy Nzechukwu,Darko Stosic,Light Heavyweight,0,U-DEC,3,5:00
UFC Fight Night: Covington vs. Lawler,Mickey Gall,Salim Touahri,Welterweight,0,U-DEC,3,5:00
UFC Fight Night: Covington vs. Lawler,Antonina Shevchenko,Lucie Pudilova,Women's Flyweight,0,SUB Rear Naked Choke,2,1:20
UFC Fight Night: Covington vs. Lawler,Matt Schnell,Jordan Espinosa,Flyweight,0,SUB Triangle Choke,1,1:23
UFC Fight Night: Covington vs. Lawler,Lauren Murphy,Mara Romero Borella,Women's Flyweight,0,KO/TKO Knee,3,1:46
UFC Fight Night: Covington vs. Lawler,Claudio Silva,Cole Williams,Welterweight,0,SUB Neck Crank,1,2:35
UFC Fight Night: Covington vs. Lawler,Miranda Granger,Hannah Goldy,Women's Flyweight,0,U-DEC,3,5:00
UFC 240: Holloway vs. Edgar,Max Holloway,Frankie Edgar,Featherweight,1,U-DEC,5,5:00
UFC 240: Holloway vs. Edgar,Cristiane Justino,Felicia Spencer,Women's Featherweight,0,U-DEC,3,5:00
UFC 240: Holloway vs. Edgar,Geoff Neal,Niko Price,Welterweight,0,KO/TKO Punches,2,2:39
UFC 240: Holloway vs. Edgar,Arman Tsarukyan,Olivier Aubin-Mercier,Lightweight,0,U-DEC,3,5:00
UFC 240: Holloway vs. Edgar,Krzysztof Jotko,Marc-Andre Barriault,Middleweight,0,S-DEC,3,5:00
UFC 240: Holloway vs. Edgar,Viviane Araujo,Alexis Davis,Women's Flyweight,0,U-DEC,3,5:00
UFC 240: Holloway vs. Edgar,Hakeem Dawodu,Yoshinori Horie,Featherweight,0,KO/TKO Kick,3,4:09
UFC 240: Holloway vs. Edgar,Gavin Tucker,SeungWoo Choi,Featherweight,0,SUB Rear Naked Choke,3,3:17
UFC 240: Holloway vs. Edgar,Deiveson Figueiredo,Alexandre Pantoja,Flyweight,0,U-DEC,3,5:00
UFC 240: Holloway vs. Edgar,Gillian Robertson,Sarah Frota,Women's Flyweight,0,KO/TKO Elbows,2,4:13
UFC 240: Holloway vs. Edgar,Erik Koch,Kyle Stewart,Welterweight,0,U-DEC,3,5:00
UFC Fight Night: Dos Anjos vs. Edwards,Leon Edwards,Rafael Dos Anjos,Welterweight,0,U-DEC,5,5:00
UFC Fight Night: Dos Anjos vs. Edwards,Walt Harris,Aleksei Oleinik,Heavyweight,0,KO/TKO Punch,1,0:12
UFC Fight Night: Dos Anjos vs. Edwards,Greg Hardy,Juan Adams,Heavyweight,0,KO/TKO Punches,1,0:45
UFC Fight Night: Dos Anjos vs. Edwards,Dan Hooker,James Vick,Lightweight,0,KO/TKO Punch,1,2:33
UFC Fight Night: Dos Anjos vs. Edwards,Alexander Hernandez,Francisco Trinaldo,Lightweight,0,U-DEC,3,5:00
UFC Fight Night: Dos Anjos vs. Edwards,Andrei Arlovski,Ben Rothwell,Heavyweight,0,U-DEC,3,5:00
UFC Fight Night: Dos Anjos vs. Edwards,Alex Caceres,Steven Peterson,Featherweight,0,U-DEC,3,5:00
UFC Fight Night: Dos Anjos vs. Edwards,Raquel Pennington,Irene Aldana,Women's Bantamweight,0,S-DEC,3,5:00
UFC Fight Night: Dos Anjos vs. Edwards,Klidson Abreu,Sam Alvey,Light Heavyweight,0,U-DEC,3,5:00
UFC Fight Night: Dos Anjos vs. Edwards,Jennifer Maia,Roxanne Modafferi,Women's Flyweight,0,U-DEC,3,5:00
UFC Fight Night: Dos Anjos vs. Edwards,Ray Borg,Gabriel Silva,Bantamweight,0,U-DEC,3,5:00
UFC Fight Night: Dos Anjos vs. Edwards,Mario Bautista,Jin Soo Son,Bantamweight,0,U-DEC,3,5:00
UFC Fight Night: Dos Anjos vs. Edwards,Felipe Colares,Domingo Pilarte,Bantamweight,0,S-DEC,3,5:00
UFC Fight Night: De Randamie vs. Ladd,Germaine de Randamie,Aspen Ladd,Women's Bantamweight,0,KO/TKO Punch,1,0:16
UFC Fight Night: De Randamie vs. Ladd,Urijah Faber,Ricky Simon,Bantamweight,0,KO/TKO Punch,1,0:46
UFC Fight Night: De Randamie vs. Ladd,Josh Emmett,Mirsad Bektic,Featherweight,0,KO/TKO Punches,1,4:25
UFC Fight Night: De Randamie vs. Ladd,Karl Roberson,Wellington Turman,Middleweight,0,S-DEC,3,5:00
UFC Fight Night: De Randamie vs. Ladd,Marvin Vettori,Cezar Ferreira,Middleweight,0,U-DEC,3,5:00
UFC Fight Night: De Randamie vs. Ladd,Mike Rodriguez,John Allan,Light Heavyweight,0,Overturned,3,5:00
UFC Fight Night: De Randamie vs. Ladd,Andre Fili,Sheymon Moraes,Featherweight,0,KO/TKO Punch,1,3:07
UFC Fight Night: De Randamie vs. Ladd,Julianna Pena,Nicco Montano,Women's Bantamweight,0,U-DEC,3,5:00
UFC Fight Night: De Randamie vs. Ladd,Ryan Hall,Darren Elkins,Featherweight,0,U-DEC,3,5:00
UFC Fight Night: De Randamie vs. Ladd,Jonathan Martinez,Pingyuan Liu,Bantamweight,0,KO/TKO Knee,3,3:54
UFC Fight Night: De Randamie vs. Ladd,Brianna Fortino,Livinha Souza,Women's Strawweight,0,U-DEC,3,5:00
UFC Fight Night: De Randamie vs. Ladd,Benito Lopez,Vince Morales,Bantamweight,0,U-DEC,3,5:00
UFC 239: Jones vs. Santos,Jon Jones,Thiago Santos,Light Heavyweight,1,S-DEC,5,5:00
UFC 239: Jones vs. Santos,Amanda Nunes,Holly Holm,Women's Bantamweight,1,KO/TKO Kick,1,4:10
UFC 239: Jones vs. Santos,Jorge Masvidal,Ben Askren,Welterweight,0,KO/TKO Flying Knee,1,0:05
UFC 239: Jones vs. Santos,Jan Blachowicz,Luke Rockhold,Light Heavyweight,0,KO/TKO Punch,2,1:39
UFC 239: Jones vs. Santos,Michael Chiesa,Diego Sanchez,Welterweight,0,U-DEC,3,5:00
UFC 239: Jones vs. Santos,Arnold Allen,Gilbert Melendez,Featherweight,0,U-DEC,3,5:00
UFC 239: Jones vs. Santos,Marlon Vera,Nohelin Hernandez,Bantamweight,0,SUB Rear Naked Choke,2,3:25
UFC 239: Jones vs. Santos,Claudia Gadelha,Randa Markos,Women's Strawweight,0,U-DEC,3,5:00
UFC 239: Jones vs. Santos,Song Yadong,Alejandro Perez,Bantamweight,0,KO/TKO Punch,1,2:04
UFC 239: Jones vs. Santos,Edmen Shahbazyan,Jack Marshman,Middleweight,0,SUB Rear Naked Choke,1,1:12
UFC 239: Jones vs. Santos,Chance Rencountre,Ismail Naurdiev,Welterweight,0,U-DEC,3,5:00
UFC 239: Jones vs. Santos,Julia Avila,Pannie Kianzad,Women's Bantamweight,0,U-DEC,3,5:00
UFC Fight Night: Ngannou vs. Dos Santos,Francis Ngannou,Junior Dos Santos,Heavyweight,0,KO/TKO Punch,1,1:11
UFC Fight Night: Ngannou vs. Dos Santos,Joseph Benavidez,Jussier Formiga,Flyweight,0,KO/TKO Punches,2,4:47
UFC Fight Night: Ngannou vs. Dos Santos,Demian Maia,Anthony Rocco Martin,Welterweight,0,M-DEC,3,5:00
UFC Fight Night: Ngannou vs. Dos Santos,Vinc Pichel,Roosevelt Roberts,Lightweight,0,U-DEC,3,5:00
UFC Fight Night: Ngannou vs. Dos Santos,Drew Dober,Marco Polo Reyes,Lightweight,0,KO/TKO Punches,1,1:07
UFC Fight Night: Ngannou vs. Dos Santos,Alonzo Menifield,Paul Craig,Light Heavyweight,0,KO/TKO Punch,1,3:19
UFC Fight Night: Ngannou vs. Dos Santos,Ricardo Ramos,Journey Newson,Bantamweight,0,U-DEC,3,5:00
UFC Fight Night: Ngannou vs. Dos Santos,Eryk Anders,Vinicius Moreira,Light Heavyweight,0,KO/TKO Punch,1,1:18
UFC Fight Night: Ngannou vs. Dos Santos,Jared Gordon,Dan Moret,Lightweight,0,U-DEC,3,5:00
UFC Fight Night: Ngannou vs. Dos Santos,Dalcha Lungiambula,Dequan Townsend,Light Heavyweight,0,KO/TKO Punch,3,0:42
UFC Fight Night: Ngannou vs. Dos Santos,Amanda Ribas,Emily Whitmire,Women's Strawweight,0,SUB Rear Naked Choke,2,2:10
UFC Fight Night: Ngannou vs. Dos Santos,Maurice Greene,Junior Albini,Heavyweight,0,KO/TKO Punch,1,3:38
UFC Fight Night: Moicano vs. The Korean Zombie,Chan Sung Jung,Renato Moicano,Featherweight,0,KO/TKO Punch,1,0:58
UFC Fight Night: Moicano vs. The Korean Zombie,Randy Brown,Bryan Barberena,Welterweight,0,KO/TKO Kick,3,2:54
UFC Fight Night: Moicano vs. The Korean Zombie,Andre Ewell,Anderson Dos Santos,Bantamweight,0,U-DEC,3,5:00
UFC Fight Night: Moicano vs. The Korean Zombie,Andrea Lee,Montana De La Rosa,Women's Flyweight,0,U-DEC,3,5:00
UFC Fight Night: Moicano vs. The Korean Zombie,Kevin Holland,Alessio Di Chirico,Middleweight,0,U-DEC,3,5:00
UFC Fight Night: Moicano vs. The Korean Zombie,Dan Ige,Kevin Aguilar,Featherweight,0,U-DEC,3,5:00
UFC Fight Night: Moicano vs. The Korean Zombie,Ashley Yoder,Syuri Kondo,Women's Strawweight,0,U-DEC,3,5:00
UFC Fight Night: Moicano vs. The Korean Zombie,Luis Pena,Matt Wiman,Lightweight,0,KO/TKO Punches,3,1:14
UFC Fight Night: Moicano vs. The Korean Zombie,Jairzinho Rozenstruik,Allen Crowder,Heavyweight,0,KO/TKO Punches,1,0:09
UFC Fight Night: Moicano vs. The Korean Zombie,Molly McCann,Ariane da Silva,Women's Flyweight,0,U-DEC,3,5:00
UFC Fight Night: Moicano vs. The Korean Zombie,Deron Winn,Eric Spicely,Middleweight,0,U-DEC,3,5:00
UFC 238: Cejudo vs. Moraes,Henry Cejudo,Marlon Moraes,Bantamweight,1,KO/TKO Punches,3,4:51
UFC 238: Cejudo vs. Moraes,Valentina Shevchenko,Jessica Eye,Women's Flyweight,1,KO/TKO Kick,2,0:26
UFC 238: Cejudo vs. Moraes,Tony Ferguson,Donald Cerrone,Lightweight,0,KO/TKO,2,5:00
UFC 238: Cejudo vs. Moraes,Petr Yan,Jimmie Rivera,Bantamweight,0,U-DEC,3,5:00
UFC 238: Cejudo vs. Moraes,Blagoy Ivanov,Tai Tuivasa,Heavyweight,0,U-DEC,3,5:00
UFC 238: Cejudo vs. Moraes,Tatiana Suarez,Nina Nunes,Women's Strawweight,0,U-DEC,3,5:00
UFC 238: Cejudo vs. Moraes,Aljamain Sterling,Pedro Munhoz,Bantamweight,0,U-DEC,3,5:00
UFC 238: Cejudo vs. Moraes,Alexa Grasso,Karolina Kowalkiewicz,Women's Strawweight,0,U-DEC,3,5:00
UFC 238: Cejudo vs. Moraes,Calvin Kattar,Ricardo Lamas,Featherweight,0,KO/TKO Punch,1,4:06
UFC 238: Cejudo vs. Moraes,Yan Xiaonan,Angela Hill,Women's Strawweight,0,U-DEC,3,5:00
UFC 238: Cejudo vs. Moraes,Darren Stewart,Bevon Lewis,Middleweight,0,U-DEC,3,5:00
UFC 238: Cejudo vs. Moraes,Eddie Wineland,Grigory Popov,Bantamweight,0,KO/TKO Punch,2,4:47
UFC 238: Cejudo vs. Moraes,Katlyn Cerminara,Joanne Wood,Women's Flyweight,0,U-DEC,3,5:00
UFC Fight Night: Gustafsson vs. Smith,Anthony Smith,Alexander Gustafsson,Light Heavyweight,0,SUB Rear Naked Choke,4,2:38
UFC Fight Night: Gustafsson vs. Smith,Aleksandar Rakic,Jimi Manuwa,Light Heavyweight,0,KO/TKO Kick,1,0:47
UFC Fight Night: Gustafsson vs. Smith,Makwan Amirkhani,Chris Fishgold,Featherweight,0,SUB Anaconda Choke,2,4:25
UFC Fight Night: Gustafsson vs. Smith,Christos Giagos,Damir Hadzovic,Lightweight,0,U-DEC,3,5:00
UFC Fight Night: Gustafsson vs. Smith,Daniel Teymur,Sung Bin Jo,Featherweight,0,U-DEC,3,5:00
UFC Fight Night: Gustafsson vs. Smith,Sergey Khandozhko,Rostem Akman,Welterweight,0,U-DEC,3,5:00
UFC Fight Night: Gustafsson vs. Smith,Lina Lansberg,Tonya Evinger,Women's Bantamweight,0,U-DEC,3,5:00
UFC Fight Night: Gustafsson vs. Smith,Leonardo Santos,Stevie Ray,Lightweight,0,KO/TKO Punch,1,2:17
UFC Fight Night: Gustafsson vs. Smith,Frank Camacho,Nick Hein,Lightweight,0,KO/TKO Punches,2,4:56
UFC Fight Night: Gustafsson vs. Smith,Bea Malecki,Duda Santana,Women's Bantamweight,0,SUB Rear Naked Choke,2,1:59
UFC Fight Night: Gustafsson vs. Smith,Devin Clark,Darko Stosic,Light Heavyweight,0,U-DEC,3,5:00
UFC Fight Night: Gustafsson vs. Smith,Joel Alvarez,Danilo Belluardo,Lightweight,0,KO/TKO Punches,2,2:22
UFC Fight Night: Dos Anjos vs. Lee,Rafael Dos Anjos,Kevin Lee,Welterweight,0,SUB Arm Triangle,4,3:47
UFC Fight Night: Dos Anjos vs. Lee,Ian Heinisch,Antonio Carlos Junior,Middleweight,0,U-DEC,3,5:00
UFC Fight Night: Dos Anjos vs. Lee,Felicia Spencer,Megan Anderson,Women's Featherweight,0,SUB Rear Naked Choke,1,3:24
UFC Fight Night: Dos Anjos vs. Lee,Vicente Luque,Derrick Krantz,Welterweight,0,KO/TKO Punch,1,3:52
UFC Fight Night: Dos Anjos vs. Lee,Charles Oliveira,Nik Lentz,Lightweight,0,KO/TKO Punch,2,2:11
UFC Fight Night: Dos Anjos vs. Lee,Davi Ramos,Austin Hubbard,Lightweight,0,U-DEC,3,5:00
UFC Fight Night: Dos Anjos vs. Lee,Aspen Ladd,Sijara Eubanks,Women's Bantamweight,0,U-DEC,3,5:00
UFC Fight Night: Dos Anjos vs. Lee,Desmond Green,Charles Jourdain,Lightweight,0,U-DEC,3,5:00
UFC Fight Night: Dos Anjos vs. Lee,Michel Pereira,Danny Roberts,Welterweight,0,KO/TKO Flying Knee,1,1:47
UFC Fight Night: Dos Anjos vs. Lee,Grant Dawson,Michael Trizano,Featherweight,0,SUB Rear Naked Choke,2,2:27
UFC Fight Night: Dos Anjos vs. Lee,Ed Herman,Patrick Cummins,Light Heavyweight,0,KO/TKO Knee,1,3:39
UFC Fight Night: Dos Anjos vs. Lee,Zak Cummings,Trevin Giles,Middleweight,0,SUB Guillotine Choke,3,4:01
UFC Fight Night: Dos Anjos vs. Lee,Julio Arce,Julian Erosa,Featherweight,0,KO/TKO Kick,3,1:49
UFC 237: Namajunas vs. Andrade,Jessica Andrade,Rose Namajunas,Women's Strawweight,1,KO/TKO Slam,2,2:58
UFC 237: Namajunas vs. Andrade,Jared Cannonier,Anderson Silva,Middleweight,0,KO/TKO Kick,1,4:47
UFC 237: Namajunas vs. Andrade,Alexander Volkanovski,Jose Aldo,Featherweight,0,U-DEC,3,5:00
UFC 237: Namajunas vs. Andrade,Laureano Staropoli,Thiago Alves,Welterweight,0,U-DEC,3,5:00
UFC 237: Namajunas vs. Andrade,Irene Aldana,Bethe Correia,Women's Bantamweight,0,SUB Armbar,3,3:24
UFC 237: Namajunas vs. Andrade,Ryan Spann,Rogerio Nogueira,Light Heavyweight,0,KO/TKO Punch,1,2:07
UFC 237: Namajunas vs. Andrade,Thiago Moises,Kurt Holobaugh,Lightweight,0,U-DEC,3,5:00
UFC 237: Namajunas vs. Andrade,Warlley Alves,Sergio Moraes,Welterweight,0,KO/TKO Punch,3,4:13
UFC 237: Namajunas vs. Andrade,Clay Guida,BJ Penn,Lightweight,0,U-DEC,3,5:00
UFC 237: Namajunas vs. Andrade,Luana Carolina,Priscila Cachoeira,Women's Flyweight,0,U-DEC,3,5:00
UFC 237: Namajunas vs. Andrade,Raoni Barcelos,Carlos Huachin,Bantamweight,0,KO/TKO Elbows,2,4:49
UFC 237: Namajunas vs. Andrade,Viviane Araujo,Talita Bernardo,Women's Bantamweight,0,KO/TKO Punch,3,0:48
UFC Fight Night: Iaquinta vs. Cowboy,Donald Cerrone,Al Iaquinta,Lightweight,0,U-DEC,5,5:00
UFC Fight Night: Iaquinta vs. Cowboy,Derek Brunson,Elias Theodorou,Middleweight,0,U-DEC,3,5:00
UFC Fight Night: Iaquinta vs. Cowboy,Shane Burgos,Cub Swanson,Featherweight,0,S-DEC,3,5:00
UFC Fight Night: Iaquinta vs. Cowboy,Merab Dvalishvili,Brad Katona,Bantamweight,0,U-DEC,3,5:00
UFC Fight Night: Iaquinta vs. Cowboy,Walt Harris,Serghei Spivac,Heavyweight,0,KO/TKO Knees,1,0:50
UFC Fight Night: Iaquinta vs. Cowboy,Andrew Sanchez,Marc-Andre Barriault,Middleweight,0,U-DEC,3,5:00
UFC Fight Night: Iaquinta vs. Cowboy,Macy Chiasson,Sarah Moras,Women's Bantamweight,0,KO/TKO Punches,2,2:22
UFC Fight Night: Iaquinta vs. Cowboy,Vince Morales,Aiemann Zahabi,Bantamweight,0,U-DEC,3,5:00
UFC Fight Night: Iaquinta vs. Cowboy,Nordine Taleb,Kyle Prepolec,Welterweight,0,U-DEC,3,5:00
UFC Fight Night: Iaquinta vs. Cowboy,Matt Sayles,Kyle Nelson,Featherweight,0,SUB Arm Triangle,3,3:16
UFC Fight Night: Iaquinta vs. Cowboy,Arjan Bhullar,Juan Adams,Heavyweight,0,U-DEC,3,5:00
UFC Fight Night: Iaquinta vs. Cowboy,Cole Smith,Mitch Gagnon,Bantamweight,0,U-DEC,3,5:00
UFC Fight Night: Jacare vs. Hermansson,Jack Hermansson,Jacare Souza,Middleweight,0,U-DEC,5,5:00
UFC Fight Night: Jacare vs. Hermansson,Greg Hardy,Dmitrii Smoliakov,Heavyweight,0,KO/TKO Punches,1,2:15
UFC Fight Night: Jacare vs. Hermansson,Mike Perry,Alex Oliveira,Welterweight,0,U-DEC,3,5:00
UFC Fight Night: Jacare vs. Hermansson,Glover Teixeira,Ion Cutelaba,Light Heavyweight,0,SUB Rear Naked Choke,2,3:37
UFC Fight Night: Jacare vs. Hermansson,Cory Sandhagen,John Lineker,Bantamweight,0,S-DEC,3,5:00
UFC Fight Night: Jacare vs. Hermansson,Roosevelt Roberts,Thomas Gifford,Lightweight,0,U-DEC,3,5:00
UFC Fight Night: Jacare vs. Hermansson,Takashi Sato,Ben Saunders,Welterweight,0,KO/TKO Elbows,2,1:18
UFC Fight Night: Jacare vs. Hermansson,Augusto Sakai,Andrei Arlovski,Heavyweight,0,S-DEC,3,5:00
UFC Fight Night: Jacare vs. Hermansson,Carla Esparza,Virna Jandiroba,Women's Strawweight,0,U-DEC,3,5:00
UFC Fight Night: Jacare vs. Hermansson,Gilbert Burns,Mike Davis,Lightweight,0,SUB Rear Naked Choke,2,4:15
UFC Fight Night: Jacare vs. Hermansson,Jim Miller,Jason Gonzalez,Lightweight,0,SUB Rear Naked Choke,1,2:12
UFC Fight Night: Jacare vs. Hermansson,Angela Hill,Jodie Esquibel,Women's Strawweight,0,U-DEC,3,5:00
UFC Fight Night: Jacare vs. Hermansson,Dhiego Lima,Court McGee,Welterweight,0,S-DEC,3,5:00
UFC Fight Night: Overeem vs. Oleinik,Alistair Overeem,Aleksei Oleinik,Heavyweight,0,KO/TKO Knee,1,4:45
UFC Fight Night: Overeem vs. Oleinik,Islam Makhachev,Arman Tsarukyan,Lightweight,0,U-DEC,3,5:00
UFC Fight Night: Overeem vs. Oleinik,Sergei Pavlovich,Marcelo Golm,Heavyweight,0,KO/TKO Punches,1,1:06
UFC Fight Night: Overeem vs. Oleinik,Roxanne Modafferi,Antonina Shevchenko,Women's Flyweight,0,S-DEC,3,5:00
UFC Fight Night: Overeem vs. Oleinik,Krzysztof Jotko,Alen Amedovski,Middleweight,0,U-DEC,3,5:00
UFC Fight Night: Overeem vs. Oleinik,Movsar Evloev,SeungWoo Choi,Featherweight,0,U-DEC,3,5:00
UFC Fight Night: Overeem vs. Oleinik,Sultan Aliev,Keita Nakamura,Welterweight,0,U-DEC,3,5:00
UFC Fight Night: Overeem vs. Oleinik,Alexander Yakovlev,Alex Da Silva,Lightweight,0,SUB Schultz Front Headlock,2,3:10
UFC Fight Night: Overeem vs. Oleinik,Shamil Abdurakhimov,Marcin Tybura,Heavyweight,0,KO/TKO Punches,2,3:15
UFC Fight Night: Overeem vs. Oleinik,Michal Oleksiejczuk,Gadzhimurad Antigulov,Light Heavyweight,0,KO/TKO Punch,1,0:44
UFC Fight Night: Overeem vs. Oleinik,Magomed Mustafaev,Rafael Fiziev,Lightweight,0,KO/TKO Spinning Back Kick,1,1:26
UFC 236: Holloway vs. Poirier 2,Dustin Poirier,Max Holloway,Lightweight,1,U-DEC,5,5:00
UFC 236: Holloway vs. Poirier 2,Israel Adesanya,Kelvin Gastelum,Middleweight,1,U-DEC,5,5:00
UFC 236: Holloway vs. Poirier 2,Khalil Rountree Jr.,Eryk Anders,Light Heavyweight,0,U-DEC,3,5:00
UFC 236: Holloway vs. Poirier 2,Dwight Grant,Alan Jouban,Welterweight,0,S-DEC,3,5:00
UFC 236: Holloway vs. Poirier 2,Nikita Krylov,Ovince Saint Preux,Light Heavyweight,0,SUB Rear Naked Choke,2,2:30
UFC 236: Holloway vs. Poirier 2,Matt Frevola,Jalin Turner,Lightweight,0,U-DEC,3,5:00
UFC 236: Holloway vs. Poirier 2,Alexandre Pantoja,Wilson Reis,Flyweight,0,KO/TKO Punch,1,2:58
UFC 236: Holloway vs. Poirier 2,Max Griffin,Zelim Imadaev,Welterweight,0,M-DEC,3,5:00
UFC 236: Holloway vs. Poirier 2,Khalid Taha,Boston Salmon,Bantamweight,0,KO/TKO Punch,1,0:25
UFC 236: Holloway vs. Poirier 2,Belal Muhammad,Curtis Millender,Welterweight,0,U-DEC,3,5:00
UFC 236: Holloway vs. Poirier 2,Montel Jackson,Andre Soukhamthath,Bantamweight,0,U-DEC,3,5:00
UFC 236: Holloway vs. Poirier 2,Poliana Botelho,Lauren Mueller,Women's Flyweight,0,U-DEC,3,5:00
UFC 236: Holloway vs. Poirier 2,Brandon Davis,Randy Costa,Bantamweight,0,SUB Rear Naked Choke,2,1:12
UFC Fight Night: Barboza vs. Gaethje,Justin Gaethje,Edson Barboza,Lightweight,0,KO/TKO Punch,1,2:30
UFC Fight Night: Barboza vs. Gaethje,Jack Hermansson,David Branch,Middleweight,0,SUB Guillotine Choke,1,0:49
UFC Fight Night: Barboza vs. Gaethje,Josh Emmett,Michael Johnson,Featherweight,0,KO/TKO Punch,3,4:14
UFC Fight Night: Barboza vs. Gaethje,Michelle Waterson-Gomez,Karolina Kowalkiewicz,Women's Strawweight,0,U-DEC,3,5:00
UFC Fight Night: Barboza vs. Gaethje,Paul Craig,Kennedy Nzechukwu,Light Heavyweight,0,SUB Triangle Choke,3,4:20
UFC Fight Night: Barboza vs. Gaethje,Sodiq Yusuff,Sheymon Moraes,Featherweight,0,U-DEC,3,5:00
UFC Fight Night: Barboza vs. Gaethje,Marina Rodriguez,Jessica Aguilar,Women's Strawweight,0,U-DEC,3,5:00
UFC Fight Night: Barboza vs. Gaethje,Desmond Green,Ross Pearson,Lightweight,0,KO/TKO Punches,1,2:52
UFC Fight Night: Barboza vs. Gaethje,Kevin Aguilar,Enrique Barzola,Featherweight,0,U-DEC,3,5:00
UFC Fight Night: Barboza vs. Gaethje,Kevin Holland,Gerald Meerschaert,Middleweight,0,S-DEC,3,5:00
UFC Fight Night: Barboza vs. Gaethje,Casey Kenney,Ray Borg,Bantamweight,0,U-DEC,3,5:00
UFC Fight Night: Barboza vs. Gaethje,Maryna Moroz,Sabina Mazo,Women's Flyweight,0,U-DEC,3,5:00
UFC Fight Night: Barboza vs. Gaethje,Alex Perez,Mark De La Rosa,Bantamweight,0,U-DEC,3,5:00
UFC Fight Night: Thompson vs. Pettis,Anthony Pettis,Stephen Thompson,Welterweight,0,KO/TKO Punch,2,4:55
UFC Fight Night: Thompson vs. Pettis,Curtis Blaydes,Justin Willis,Heavyweight,0,U-DEC,3,5:00
UFC Fight Night: Thompson vs. Pettis,John Makdessi,Jesus Pinedo,Lightweight,0,U-DEC,3,5:00
UFC Fight Night: Thompson vs. Pettis,Jussier Formiga,Deiveson Figueiredo,Flyweight,0,U-DEC,3,5:00
UFC Fight Night: Thompson vs. Pettis,Luis Pena,Steven Peterson,Featherweight,0,U-DEC,3,5:00
UFC Fight Night: Thompson vs. Pettis,Maycee Barber,JJ Aldrich,Women's Flyweight,0,KO/TKO Punches,2,3:01
UFC Fight Night: Thompson vs. Pettis,Bryce Mitchell,Bobby Moffett,Featherweight,0,U-DEC,3,5:00
UFC Fight Night: Thompson vs. Pettis,Marlon Vera,Frankie Saenz,Bantamweight,0,KO/TKO Punch,1,1:25
UFC Fight Night: Thompson vs. Pettis,Jennifer Maia,Alexis Davis,Women's Flyweight,0,U-DEC,3,5:00
UFC Fight Night: Thompson vs. Pettis,Randa Markos,Angela Hill,Women's Strawweight,0,SUB Armbar,1,4:24
UFC Fight Night: Thompson vs. Pettis,Chris Gutierrez,Ryan MacDonald,Bantamweight,0,U-DEC,3,5:00
UFC Fight Night: Thompson vs. Pettis,Jordan Espinosa,Eric Shelton,Flyweight,0,U-DEC,3,5:00
UFC Fight Night: Till vs. Masvidal,Jorge Masvidal,Darren Till,Welterweight,0,KO/TKO Punch,2,3:05
UFC Fight Night: Till vs. Masvidal,Leon Edwards,Gunnar Nelson,Welterweight,0,S-DEC,3,5:00
UFC Fight Night: Till vs. Masvidal,Dominick Reyes,Volkan Oezdemir,Light Heavyweight,0,S-DEC,3,5:00
UFC Fight Night: Till vs. Masvidal,Nathaniel Wood,Jose Quinonez,Bantamweight,0,SUB Rear Naked Choke,2,2:46
UFC Fight Night: Till vs. Masvidal,Claudio Silva,Danny Roberts,Welterweight,0,SUB Armbar,3,2:37
UFC Fight Night: Till vs. Masvidal,Jack Marshman,John Phillips,Middleweight,0,S-DEC,3,5:00
UFC Fight Night: Till vs. Masvidal,Arnold Allen,Jordan Rinaldi,Featherweight,0,U-DEC,3,5:00
UFC Fight Night: Till vs. Masvidal,Marc Diakiese,Joe Duffy,Lightweight,0,U-DEC,3,5:00
UFC Fight Night: Till vs. Masvidal,Saparbeg Safarov,Nicolae Negumereanu,Light Heavyweight,0,U-DEC,3,5:00
UFC Fight Night: Till vs. Masvidal,Dan Ige,Danny Henry,Featherweight,0,SUB Rear Naked Choke,1,1:17
UFC Fight Night: Till vs. Masvidal,Molly McCann,Priscila Cachoeira,Women's Flyweight,0,U-DEC,3,5:00
UFC Fight Night: Till vs. Masvidal,Mike Grundy,Nad Narimani,Featherweight,0,KO/TKO Punches,2,4:42
UFC Fight Night: Lewis vs. Dos Santos,Junior Dos Santos,Derrick Lewis,Heavyweight,0,KO/TKO Punches,2,1:58
UFC Fight Night: Lewis vs. Dos Santos,Elizeu Zaleski dos Santos,Curtis Millender,Welterweight,0,SUB Rear Naked Choke,1,2:35
UFC Fight Night: Lewis vs. Dos Santos,Niko Price,Tim Means,Welterweight,0,KO/TKO Punch,1,4:50
UFC Fight Night: Lewis vs. Dos Santos,Blagoy Ivanov,Ben Rothwell,Heavyweight,0,U-DEC,3,5:00
UFC Fight Night: Lewis vs. Dos Santos,Beneil Dariush,Drew Dober,Lightweight,0,SUB Armbar,2,4:41
UFC Fight Night: Lewis vs. Dos Santos,Omari Akhmedov,Tim Boetsch,Middleweight,0,U-DEC,3,5:00
UFC Fight Night: Lewis vs. Dos Santos,Anthony Rocco Martin,Sergio Moraes,Welterweight,0,U-DEC,3,5:00
UFC Fight Night: Lewis vs. Dos Santos,Yana Santos,Marion Reneau,Women's Bantamweight,0,U-DEC,3,5:00
UFC Fight Night: Lewis vs. Dos Santos,Grant Dawson,Julian Erosa,Featherweight,0,U-DEC,3,5:00
UFC Fight Night: Lewis vs. Dos Santos,Maurice Greene,Jeff Hughes,Heavyweight,0,S-DEC,3,5:00
UFC Fight Night: Lewis vs. Dos Santos,Matt Schnell,Louis Smolka,Bantamweight,0,SUB Triangle Choke,1,3:18
UFC Fight Night: Lewis vs. Dos Santos,Alex Morono,Zak Ottow,Welterweight,0,KO/TKO Elbows,1,3:34
UFC Fight Night: Lewis vs. Dos Santos,Alex White,Dan Moret,Lightweight,0,U-DEC,3,5:00
UFC 235: Jones vs. Smith,Jon Jones,Anthony Smith,Light Heavyweight,1,U-DEC,5,5:00
UFC 235: Jones vs. Smith,Kamaru Usman,Tyron Woodley,Welterweight,1,U-DEC,5,5:00
UFC 235: Jones vs. Smith,Ben Askren,Robbie Lawler,Welterweight,0,SUB Bulldog Choke,1,3:20
UFC 235: Jones vs. Smith,Zhang Weili,Tecia Pennington,Women's Strawweight,0,U-DEC,3,5:00
UFC 235: Jones vs. Smith,Pedro Munhoz,Cody Garbrandt,Bantamweight,0,KO/TKO Punch,1,4:52
UFC 235: Jones vs. Smith,Zabit Magomedsharipov,Jeremy Stephens,Featherweight,0,U-DEC,3,5:00
UFC 235: Jones vs. Smith,Johnny Walker,Misha Cirkunov,Light Heavyweight,0,KO/TKO Flying Knee,1,0:36
UFC 235: Jones vs. Smith,Cody Stamann,Alejandro Perez,Bantamweight,0,U-DEC,3,5:00
UFC 235: Jones vs. Smith,Diego Sanchez,Mickey Gall,Welterweight,0,KO/TKO Punches,2,4:13
UFC 235: Jones vs. Smith,Edmen Shahbazyan,Charles Byrd,Middleweight,0,KO/TKO Elbows,1,0:38
UFC 235: Jones vs. Smith,Macy Chiasson,Gina Mazany,Women's Bantamweight,0,KO/TKO Punch,1,1:49
UFC 235: Jones vs. Smith,Hannah Cifers,Polyana Viana,Women's Strawweight,0,S-DEC,3,5:00
UFC Fight Night: Blachowicz vs. Santos,Thiago Santos,Jan Blachowicz,Light Heavyweight,0,KO/TKO Punch,3,0:39
UFC Fight Night: Blachowicz vs. Santos,Stefan Struve,Marcos Rogerio de Lima,Heavyweight,0,SUB Arm Triangle,2,2:21
UFC Fight Night: Blachowicz vs. Santos,Michal Oleksiejczuk,Gian Villante,Light Heavyweight,0,KO/TKO Punch,1,1:34
UFC Fight Night: Blachowicz vs. Santos,Liz Carmouche,Lucie Pudilova,Women's Flyweight,0,U-DEC,3,5:00
UFC Fight Night: Blachowicz vs. Santos,Petr Yan,John Dodson,Bantamweight,0,U-DEC,3,5:00
UFC Fight Night: Blachowicz vs. Santos,Magomed Ankalaev,Klidson Abreu,Light Heavyweight,0,U-DEC,3,5:00
UFC Fight Night: Blachowicz vs. Santos,Dwight Grant,Carlo Pedersoli Jr.,Welterweight,0,KO/TKO Punch,1,4:59
UFC Fight Night: Blachowicz vs. Santos,Chris Fishgold,Daniel Teymur,Featherweight,0,SUB Rear Naked Choke,2,1:10
UFC Fight Night: Blachowicz vs. Santos,Gillian Robertson,Veronica Hardy,Women's Flyweight,0,SUB Rear Naked Choke,2,3:27
UFC Fight Night: Blachowicz vs. Santos,Damir Hadzovic,Marco Polo Reyes,Lightweight,0,KO/TKO Punches,2,2:03
UFC Fight Night: Blachowicz vs. Santos,Ismail Naurdiev,Michel Prazeres,Welterweight,0,U-DEC,3,5:00
UFC Fight Night: Blachowicz vs. Santos,Diego Ferreira,Rustam Khabilov,Lightweight,0,U-DEC,3,5:00
UFC Fight Night: Blachowicz vs. Santos,Damir Ismagulov,Joel Alvarez,Lightweight,0,U-DEC,3,5:00
UFC Fight Night: Ngannou vs. Velasquez,Francis Ngannou,Cain Velasquez,Heavyweight,0,KO/TKO Punches,1,0:26
UFC Fight Night: Ngannou vs. Velasquez,Paul Felder,James Vick,Lightweight,0,U-DEC,3,5:00
UFC Fight Night: Ngannou vs. Velasquez,Cynthia Calvillo,Cortney Casey,Women's Strawweight,0,U-DEC,3,5:00
UFC Fight Night: Ngannou vs. Velasquez,Kron Gracie,Alex Caceres,Featherweight,0,SUB Rear Naked Choke,1,2:06
UFC Fight Night: Ngannou vs. Velasquez,Vicente Luque,Bryan Barberena,Welterweight,0,KO/TKO Knee,3,4:54
UFC Fight Night: Ngannou vs. Velasquez,Andre Fili,Myles Jury,Featherweight,0,U-DEC,3,5:00
UFC Fight Night: Ngannou vs. Velasquez,Aljamain Sterling,Jimmie Rivera,Bantamweight,0,U-DEC,3,5:00
UFC Fight Night: Ngannou vs. Velasquez,Manny Bermudez,Benito Lopez,Bantamweight,0,SUB Guillotine Choke,1,3:09
UFC Fight Night: Ngannou vs. Velasquez,Andrea Lee,Ashlee Evans-Smith,Women's Flyweight,0,U-DEC,3,5:00
UFC Fight Night: Ngannou vs. Velasquez,Nik Lentz,Scott Holtzman,Lightweight,0,U-DEC,3,5:00
UFC Fight Night: Ngannou vs. Velasquez,Luke Sanders,Renan Barao,Bantamweight,0,KO/TKO Punch,2,1:01
UFC Fight Night: Ngannou vs. Velasquez,Emily Whitmire,Aleksandra Albu,Women's Strawweight,0,SUB Rear Naked Choke,1,1:01
UFC 234: Adesanya vs. Silva,Israel Adesanya,Anderson Silva,Middleweight,0,U-DEC,3,5:00
UFC 234: Adesanya vs. Silva,Lando Vannata,Marcos Mariano,Lightweight,0,SUB Kimura,1,4:55
UFC 234: Adesanya vs. Silva,Ricky Simon,Rani Yahya,Bantamweight,0,U-DEC,3,5:00
UFC 234: Adesanya vs. Silva,Montana De La Rosa,Nadia Kassem,Women's Flyweight,0,SUB Armbar,2,2:37
UFC 234: Adesanya vs. Silva,Jimmy Crute,Sam Alvey,Light Heavyweight,0,KO/TKO Punches,1,2:49
UFC 234: Adesanya vs. Silva,Devonte Smith,Dong Hyun Ma,Lightweight,0,KO/TKO Punch,1,3:53
UFC 234: Adesanya vs. Silva,Shane Young,Austin Arnett,Featherweight,0,U-DEC,3,5:00
UFC 234: Adesanya vs. Silva,Kai Kara-France,Raulian Paiva,Flyweight,0,S-DEC,3,5:00
UFC 234: Adesanya vs. Silva,Kyung Ho Kang,Teruto Ishihara,Bantamweight,0,SUB Rear Naked Choke,1,3:59
UFC 234: Adesanya vs. Silva,Jalin Turner,Callan Potter,Lightweight,0,KO/TKO Kick,1,0:53
UFC 234: Adesanya vs. Silva,Jonathan Martinez,Wulijiburen,Bantamweight,0,U-DEC,3,5:00
UFC Fight Night: Assuncao vs. Moraes 2,Marlon Moraes,Raphael Assuncao,Bantamweight,0,SUB Guillotine Choke,1,3:17
UFC Fight Night: Assuncao vs. Moraes 2,Jose Aldo,Renato Moicano,Featherweight,0,KO/TKO Punches,2,0:44
UFC Fight Night: Assuncao vs. Moraes 2,Demian Maia,Lyman Good,Welterweight,0,SUB Rear Naked Choke,1,2:38
UFC Fight Night: Assuncao vs. Moraes 2,Charles Oliveira,David Teymur,Lightweight,0,SUB Anaconda Choke,2,0:55
UFC Fight Night: Assuncao vs. Moraes 2,Johnny Walker,Justin Ledet,Light Heavyweight,0,KO/TKO Spinning Back Fist,1,0:15
UFC Fight Night: Assuncao vs. Moraes 2,Livinha Souza,Sarah Frota,Women's Strawweight,0,S-DEC,3,5:00
UFC Fight Night: Assuncao vs. Moraes 2,Markus Perez,Anthony Hernandez,Middleweight,0,SUB Anaconda Choke,2,1:07
UFC Fight Night: Assuncao vs. Moraes 2,Mara Romero Borella,Taila Santos,Women's Flyweight,0,S-DEC,3,5:00
UFC Fight Night: Assuncao vs. Moraes 2,Thiago Alves,Max Griffin,Welterweight,0,S-DEC,3,5:00
UFC Fight Night: Assuncao vs. Moraes 2,Jairzinho Rozenstruik,Junior Albini,Heavyweight,0,KO/TKO Kick,2,0:54
UFC Fight Night: Assuncao vs. Moraes 2,Geraldo de Freitas,Felipe Colares,Featherweight,0,U-DEC,3,5:00
UFC Fight Night: Assuncao vs. Moraes 2,Said Nurmagomedov,Ricardo Ramos,Bantamweight,0,KO/TKO Spinning Back Kick,1,2:28
UFC Fight Night: Assuncao vs. Moraes 2,Rogerio Bontorin,Bibulatov Magomed,Flyweight,0,S-DEC,3,5:00
UFC Fight Night: Cejudo vs. Dillashaw,Henry Cejudo,TJ Dillashaw,Flyweight,1,KO/TKO Punches,1,0:32
UFC Fight Night: Cejudo vs. Dillashaw,Allen Crowder,Greg Hardy,Heavyweight,0,DQ,2,2:28
UFC Fight Night: Cejudo vs. Dillashaw,Gregor Gillespie,Yancy Medeiros,Lightweight,0,KO/TKO Punches,2,4:59
UFC Fight Night: Cejudo vs. Dillashaw,Joseph Benavidez,Dustin Ortiz,Flyweight,0,U-DEC,3,5:00
UFC Fight Night: Cejudo vs. Dillashaw,Paige VanZant,Rachael Ostovich,Women's Flyweight,0,SUB Armbar,2,1:50
UFC Fight Night: Cejudo vs. Dillashaw,Glover Teixeira,Karl Roberson,Light Heavyweight,0,SUB Arm Triangle,1,3:21
UFC Fight Night: Cejudo vs. Dillashaw,Donald Cerrone,Alexander Hernandez,Lightweight,0,KO/TKO Kick,2,3:43
UFC Fight Night: Cejudo vs. Dillashaw,Joanne Wood,Ariane da Silva,Women's Flyweight,0,U-DEC,3,5:00
UFC Fight Night: Cejudo vs. Dillashaw,Alonzo Menifield,Vinicius Moreira,Light Heavyweight,0,KO/TKO Punch,1,3:56
UFC Fight Night: Cejudo vs. Dillashaw,Cory Sandhagen,Mario Bautista,Bantamweight,0,SUB Armbar,1,3:31
UFC Fight Night: Cejudo vs. Dillashaw,Dennis Bermudez,Te Edwards,Lightweight,0,U-DEC,3,5:00
UFC Fight Night: Cejudo vs. Dillashaw,Geoff Neal,Belal Muhammad,Welterweight,0,U-DEC,3,5:00
UFC Fight Night: Cejudo vs. Dillashaw,Chance Rencountre,Kyle Stewart,Welterweight,0,SUB Rear Naked Choke,1,2:25
UFC 232: Jones vs. Gustafsson 2,Jon Jones,Alexander Gustafsson,Light Heavyweight,1,KO/TKO Punches,3,2:02
UFC 232: Jones vs. Gustafsson 2,Amanda Nunes,Cristiane Justino,Women's Featherweight,1,KO/TKO Punches,1,0:51
UFC 232: Jones vs. Gustafsson 2,Michael Chiesa,Carlos Condit,Welterweight,0,SUB Kimura,2,0:56
UFC 232: Jones vs. Gustafsson 2,Corey Anderson,Ilir Latifi,Light Heavyweight,0,U-DEC,3,5:00
UFC 232: Jones vs. Gustafsson 2,Alexander Volkanovski,Chad Mendes,Featherweight,0,KO/TKO Punches,2,4:14
UFC 232: Jones vs. Gustafsson 2,Andrei Arlovski,Walt Harris,Heavyweight,0,Overturned,3,5:00
UFC 232: Jones vs. Gustafsson 2,Megan Anderson,Cat Zingano,Women's Featherweight,0,KO/TKO Kick,1,1:01
UFC 232: Jones vs. Gustafsson 2,Petr Yan,Douglas Silva de Andrade,Bantamweight,0,KO/TKO,2,5:00
UFC 232: Jones vs. Gustafsson 2,Ryan Hall,BJ Penn,Lightweight,0,SUB Heel Hook,1,2:46
UFC 232: Jones vs. Gustafsson 2,Nathaniel Wood,Andre Ewell,Bantamweight,0,SUB Rear Naked Choke,3,4:12
UFC 232: Jones vs. Gustafsson 2,Uriah Hall,Bevon Lewis,Middleweight,0,KO/TKO Punch,3,1:32
UFC 232: Jones vs. Gustafsson 2,Curtis Millender,Siyar Bahadurzada,Welterweight,0,U-DEC,3,5:00
UFC 232: Jones vs. Gustafsson 2,Montel Jackson,Brian Kelleher,Bantamweight,0,SUB D'Arce Choke,1,1:40
UFC Fight Night: Lee vs. Iaquinta,Al Iaquinta,Kevin Lee,Lightweight,0,U-DEC,5,5:00
UFC Fight Night: Lee vs. Iaquinta,Edson Barboza,Dan Hooker,Lightweight,0,KO/TKO Punches,3,2:19
UFC Fight Night: Lee vs. Iaquinta,Rob Font,Sergio Pettis,Bantamweight,0,U-DEC,3,5:00
UFC Fight Night: Lee vs. Iaquinta,Charles Oliveira,Jim Miller,Lightweight,0,SUB Rear Naked Choke,1,1:15
UFC Fight Night: Lee vs. Iaquinta,Zak Ottow,Dwight Grant,Welterweight,0,S-DEC,3,5:00
UFC Fight Night: Lee vs. Iaquinta,Drakkar Klose,King Green,Lightweight,0,U-DEC,3,5:00
UFC Fight Night: Lee vs. Iaquinta,Joaquim Silva,Jared Gordon,Lightweight,0,KO/TKO Punches,3,2:39
UFC Fight Night: Lee vs. Iaquinta,Jack Hermansson,Gerald Meerschaert,Middleweight,0,SUB Guillotine Choke,1,4:25
UFC Fight Night: Lee vs. Iaquinta,Zak Cummings,Trevor Smith,Middleweight,0,U-DEC,3,5:00
UFC Fight Night: Lee vs. Iaquinta,Dan Ige,Jordan Griffin,Featherweight,0,U-DEC,3,5:00
UFC Fight Night: Lee vs. Iaquinta,Mike Rodriguez,Adam Milstead,Light Heavyweight,0,KO/TKO Knee,1,2:59
UFC Fight Night: Lee vs. Iaquinta,Juan Adams,Chris de la Rocha,Heavyweight,0,KO/TKO Knee,3,0:58
UFC 231: Holloway vs. Ortega,Max Holloway,Brian Ortega,Featherweight,1,KO/TKO,4,5:00
UFC 231: Holloway vs. Ortega,Valentina Shevchenko,Joanna Jedrzejczyk,Women's Flyweight,1,U-DEC,5,5:00
UFC 231: Holloway vs. Ortega,Gunnar Nelson,Alex Oliveira,Welterweight,0,SUB Rear Naked Choke,2,4:17
UFC 231: Holloway vs. Ortega,Hakeem Dawodu,Kyle Bochniak,Featherweight,0,S-DEC,3,5:00
UFC 231: Holloway vs. Ortega,Thiago Santos,Jimi Manuwa,Light Heavyweight,0,KO/TKO Punch,2,0:41
UFC 231: Holloway vs. Ortega,Nina Nunes,Claudia Gadelha,Women's Strawweight,0,U-DEC,3,5:00
UFC 231: Holloway vs. Ortega,Gilbert Burns,Olivier Aubin-Mercier,Lightweight,0,U-DEC,3,5:00
UFC 231: Holloway vs. Ortega,Jessica Eye,Katlyn Cerminara,Women's Flyweight,0,S-DEC,3,5:00
UFC 231: Holloway vs. Ortega,Elias Theodorou,Eryk Anders,Middleweight,0,S-DEC,3,5:00
UFC 231: Holloway vs. Ortega,Brad Katona,Matthew Lopez,Bantamweight,0,U-DEC,3,5:00
UFC 231: Holloway vs. Ortega,Dhiego Lima,Chad Laprise,Welterweight,0,KO/TKO Punch,1,1:37
UFC 231: Holloway vs. Ortega,Diego Ferreira,Kyle Nelson,Lightweight,0,KO/TKO Punches,2,1:23
UFC 231: Holloway vs. Ortega,Aleksandar Rakic,Devin Clark,Light Heavyweight,0,KO/TKO Spinning Back Fist,1,4:05
UFC Fight Night: Dos Santos vs. Tuivasa,Junior Dos Santos,Tai Tuivasa,Heavyweight,0,KO/TKO Punches,2,2:30
UFC Fight Night: Dos Santos vs. Tuivasa,Mauricio Rua,Tyson Pedro,Light Heavyweight,0,KO/TKO Punches,3,0:43
UFC Fight Night: Dos Santos vs. Tuivasa,Justin Willis,Mark Hunt,Heavyweight,0,U-DEC,3,5:00
UFC Fight Night: Dos Santos vs. Tuivasa,Anthony Rocco Martin,Jake Matthews,Welterweight,0,SUB Anaconda Choke,3,1:19
UFC Fight Night: Dos Santos vs. Tuivasa,Sodiq Yusuff,Suman Mokhtarian,Featherweight,0,KO/TKO Punches,1,2:14
UFC Fight Night: Dos Santos vs. Tuivasa,Jimmy Crute,Paul Craig,Light Heavyweight,0,SUB Kimura,3,4:51
UFC Fight Night: Dos Santos vs. Tuivasa,Aleksei Kunchenko,Yushin Okami,Welterweight,0,U-DEC,3,5:00
UFC Fight Night: Dos Santos vs. Tuivasa,Wilson Reis,Ben Nguyen,Flyweight,0,U-DEC,3,5:00
UFC Fight Night: Dos Santos vs. Tuivasa,Keita Nakamura,Salim Touahri,Welterweight,0,S-DEC,3,5:00
UFC Fight Night: Dos Santos vs. Tuivasa,Kai Kara-France,Elias Garcia,Flyweight,0,U-DEC,3,5:00
UFC Fight Night: Dos Santos vs. Tuivasa,Christos Giagos,Mizuto Hirota,Lightweight,0,U-DEC,3,5:00
UFC Fight Night: Dos Santos vs. Tuivasa,Damir Ismagulov,Alex Gorgees,Lightweight,0,U-DEC,3,5:00
The Ultimate Fighter: Heavy Hitters Finale,Kamaru Usman,Rafael Dos Anjos,Welterweight,0,U-DEC,5,5:00
The Ultimate Fighter: Heavy Hitters Finale,Juan Espino,Justin Frazier,Heavyweight,1,SUB Armbar,1,3:36
The Ultimate Fighter: Heavy Hitters Finale,Macy Chiasson,Pannie Kianzad,Women's Featherweight,1,SUB Rear Naked Choke,2,2:11
The Ultimate Fighter: Heavy Hitters Finale,Pedro Munhoz,Bryan Caraway,Bantamweight,0,KO/TKO Kick,1,2:39
The Ultimate Fighter: Heavy Hitters Finale,Edmen Shahbazyan,Darren Stewart,Middleweight,0,S-DEC,3,5:00
The Ultimate Fighter: Heavy Hitters Finale,Antonina Shevchenko,Ji Yeon Kim,Women's Flyweight,0,U-DEC,3,5:00
The Ultimate Fighter: Heavy Hitters Finale,Kevin Aguilar,Ricky Glenn,Featherweight,0,U-DEC,3,5:00
The Ultimate Fighter: Heavy Hitters Finale,Joseph Benavidez,Alex Perez,Flyweight,0,KO/TKO Punches,1,4:19
The Ultimate Fighter: Heavy Hitters Finale,Maurice Greene,Michel Batista,Heavyweight,0,SUB Triangle Choke,1,2:14
The Ultimate Fighter: Heavy Hitters Finale,Leah Letson,Julija Stoliarenko,Women's Featherweight,0,S-DEC,3,5:00
The Ultimate Fighter: Heavy Hitters Finale,Roosevelt Roberts,Darrell Horcher,Lightweight,0,SUB Guillotine Choke,1,4:50
The Ultimate Fighter: Heavy Hitters Finale,Tim Means,Ricky Rainey,Welterweight,0,KO/TKO Punches,1,1:18
The Ultimate Fighter: Heavy Hitters Finale,Raoni Barcelos,Chris Gutierrez,Bantamweight,0,SUB Rear Naked Choke,2,4:12
UFC Fight Night: Blaydes vs. Ngannou 2,Francis Ngannou,Curtis Blaydes,Heavyweight,0,KO/TKO Punch,1,0:45
UFC Fight Night: Blaydes vs. Ngannou 2,Alistair Overeem,Sergei Pavlovich,Heavyweight,0,KO/TKO Punches,1,4:21
UFC Fight Night: Blaydes vs. Ngannou 2,Song Yadong,Vince Morales,Bantamweight,0,U-DEC,3,5:00
UFC Fight Night: Blaydes vs. Ngannou 2,Li Jingliang,David Zawada,Welterweight,0,KO/TKO Kick,3,4:07
UFC Fight Night: Blaydes vs. Ngannou 2,Alex Morono,Song Kenan,Welterweight,0,U-DEC,3,5:00
UFC Fight Night: Blaydes vs. Ngannou 2,Wu Yanan,Lauren Mueller,Women's Flyweight,0,SUB Armbar,1,4:00
UFC Fight Night: Blaydes vs. Ngannou 2,Rashad Coulter,Hu Yaozong,Light Heavyweight,0,U-DEC,3,5:00
UFC Fight Night: Blaydes vs. Ngannou 2,Zhang Weili,Jessica Aguilar,Women's Strawweight,0,SUB Armbar,1,3:41
UFC Fight Night: Blaydes vs. Ngannou 2,Pingyuan Liu,Martin Day,Bantamweight,0,S-DEC,3,5:00
UFC Fight Night: Blaydes vs. Ngannou 2,Yan Xiaonan,Syuri Kondo,Women's Strawweight,0,U-DEC,3,5:00
UFC Fight Night: Blaydes vs. Ngannou 2,Kevin Holland,John Phillips,Middleweight,0,SUB Rear Naked Choke,3,4:05
UFC Fight Night: Blaydes vs. Ngannou 2,Louis Smolka,Sumudaerji,Bantamweight,0,SUB Armbar,2,2:07
UFC Fight Night: Magny vs. Ponzinibbio,Santiago Ponzinibbio,Neil Magny,Welterweight,0,KO/TKO Punch,4,2:36
UFC Fight Night: Magny vs. Ponzinibbio,Ricardo Lamas,Darren Elkins,Featherweight,0,KO/TKO Elbows,3,4:09
UFC Fight Night: Magny vs. Ponzinibbio,Johnny Walker,Khalil Rountree Jr.,Light Heavyweight,0,KO/TKO Elbow,1,1:57
UFC Fight Night: Magny vs. Ponzinibbio,Ian Heinisch,Cezar Ferreira,Middleweight,0,U-DEC,3,5:00
UFC Fight Night: Magny vs. Ponzinibbio,Marlon Vera,Guido Cannetti,Bantamweight,0,SUB Rear Naked Choke,2,1:31
UFC Fight Night: Magny vs. Ponzinibbio,Cynthia Calvillo,Poliana Botelho,Women's Strawweight,0,SUB Rear Naked Choke,1,4:48
UFC Fight Night: Magny vs. Ponzinibbio,Michel Prazeres,Bartosz Fabinski,Welterweight,0,SUB Guillotine Choke,1,1:02
UFC Fight Night: Magny vs. Ponzinibbio,Alexandre Pantoja,Yuta Sasaki,Flyweight,0,SUB Rear Naked Choke,1,2:18
UFC Fight Night: Magny vs. Ponzinibbio,Austin Arnett,Humberto Bandenay,Featherweight,0,U-DEC,3,5:00
UFC Fight Night: Magny vs. Ponzinibbio,Laureano Staropoli,Hector Aldana,Welterweight,0,U-DEC,3,5:00
UFC Fight Night: Magny vs. Ponzinibbio,Jesus Pinedo,Devin Powell,Lightweight,0,U-DEC,3,5:00
UFC Fight Night: Magny vs. Ponzinibbio,Nad Narimani,Anderson Dos Santos,Featherweight,0,U-DEC,3,5:00
UFC Fight Night: Korean Zombie vs. Rodriguez,Yair Rodriguez,Chan Sung Jung,Featherweight,0,KO/TKO Elbow,5,4:59
UFC Fight Night: Korean Zombie vs. Rodriguez,Donald Cerrone,Mike Perry,Welterweight,0,SUB Armbar,1,4:46
UFC Fight Night: Korean Zombie vs. Rodriguez,Germaine de Randamie,Raquel Pennington,Women's Bantamweight,0,U-DEC,3,5:00
UFC Fight Night: Korean Zombie vs. Rodriguez,Beneil Dariush,Thiago Moises,Lightweight,0,U-DEC,3,5:00
UFC Fight Night: Korean Zombie vs. Rodriguez,Maycee Barber,Hannah Cifers,Women's Strawweight,0,KO/TKO Punches,2,2:01
UFC Fight Night: Korean Zombie vs. Rodriguez,Michael Trizano,Luis Pena,Lightweight,0,S-DEC,3,5:00
UFC Fight Night: Korean Zombie vs. Rodriguez,Ashley Yoder,Amanda Cooper,Women's Strawweight,0,S-DEC,3,5:00
UFC Fight Night: Korean Zombie vs. Rodriguez,Chas Skelly,Bobby Moffett,Featherweight,0,Overturned D'Arce Choke,2,2:43
UFC Fight Night: Korean Zombie vs. Rodriguez,Davi Ramos,John Gunther,Lightweight,0,SUB Rear Naked Choke,1,1:57
UFC Fight Night: Korean Zombie vs. Rodriguez,Devonte Smith,Julian Erosa,Lightweight,0,KO/TKO Punches,1,0:46
UFC Fight Night: Korean Zombie vs. Rodriguez,Eric Shelton,Joseph Morales,Flyweight,0,S-DEC,3,5:00
UFC Fight Night: Korean Zombie vs. Rodriguez,Mark De La Rosa,Joby Sanchez,Bantamweight,0,S-DEC,3,5:00
UFC 230: Cormier vs. Lewis,Daniel Cormier,Derrick Lewis,Heavyweight,1,SUB Rear Naked Choke,2,2:14
UFC 230: Cormier vs. Lewis,Jacare Souza,Chris Weidman,Middleweight,0,KO/TKO Punches,3,2:46
UFC 230: Cormier vs. Lewis,Jared Cannonier,David Branch,Middleweight,0,KO/TKO Punches,2,0:39
UFC 230: Cormier vs. Lewis,Karl Roberson,Jack Marshman,Middleweight,0,U-DEC,3,5:00
UFC 230: Cormier vs. Lewis,Israel Adesanya,Derek Brunson,Middleweight,0,KO/TKO Punches,1,4:51
UFC 230: Cormier vs. Lewis,Jordan Rinaldi,Jason Knight,Featherweight,0,U-DEC,3,5:00
UFC 230: Cormier vs. Lewis,Sijara Eubanks,Roxanne Modafferi,Women's Flyweight,0,U-DEC,3,5:00
UFC 230: Cormier vs. Lewis,Sheymon Moraes,Julio Arce,Featherweight,0,S-DEC,3,5:00
UFC 230: Cormier vs. Lewis,Lyman Good,Ben Saunders,Welterweight,0,KO/TKO Punches,1,1:32
UFC 230: Cormier vs. Lewis,Matt Frevola,Lando Vannata,Lightweight,0,M-DEC,3,5:00
UFC 230: Cormier vs. Lewis,Shane Burgos,Kurt Holobaugh,Featherweight,0,SUB Armbar,1,2:11
UFC 230: Cormier vs. Lewis,Marcos Rogerio de Lima,Adam Wieczorek,Heavyweight,0,U-DEC,3,5:00
UFC Fight Night: Oezdemir vs. Smith,Anthony Smith,Volkan Oezdemir,Light Heavyweight,0,SUB Rear Naked Choke,3,4:26
UFC Fight Night: Oezdemir vs. Smith,Michael Johnson,Artem Lobov,Featherweight,0,U-DEC,3,5:00
UFC Fight Night: Oezdemir vs. Smith,Misha Cirkunov,Patrick Cummins,Light Heavyweight,0,SUB Arm Triangle,1,2:40
UFC Fight Night: Oezdemir vs. Smith,Andre Soukhamthath,Jonathan Martinez,Bantamweight,0,U-DEC,3,5:00
UFC Fight Night: Oezdemir vs. Smith,Gian Villante,Ed Herman,Light Heavyweight,0,S-DEC,3,5:00
UFC Fight Night: Oezdemir vs. Smith,Court McGee,Alex Garcia,Welterweight,0,U-DEC,3,5:00
UFC Fight Night: Oezdemir vs. Smith,Sean Strickland,Nordine Taleb,Welterweight,0,KO/TKO Punch,2,3:10
UFC Fight Night: Oezdemir vs. Smith,Nasrat Haqparast,Thibault Gouti,Lightweight,0,U-DEC,3,5:00
UFC Fight Night: Oezdemir vs. Smith,Calvin Kattar,Chris Fishgold,Featherweight,0,KO/TKO Punch,1,4:11
UFC Fight Night: Oezdemir vs. Smith,Talita Bernardo,Sarah Moras,Women's Bantamweight,0,U-DEC,3,5:00
UFC Fight Night: Oezdemir vs. Smith,Don Madge,Te Edwards,Lightweight,0,KO/TKO Kick,2,0:14
UFC Fight Night: Oezdemir vs. Smith,Arjan Bhullar,Marcelo Golm,Heavyweight,0,U-DEC,3,5:00
UFC Fight Night: Oezdemir vs. Smith,Stevie Ray,Jessin Ayari,Lightweight,0,U-DEC,3,5:00
UFC 229: Khabib vs. McGregor,Khabib Nurmagomedov,Conor McGregor,Lightweight,1,SUB Rear Naked Choke,4,3:03
UFC 229: Khabib vs. McGregor,Tony Ferguson,Anthony Pettis,Lightweight,0,KO/TKO,2,5:00
UFC 229: Khabib vs. McGregor,Dominick Reyes,Ovince Saint Preux,Light Heavyweight,0,U-DEC,3,5:00
UFC 229: Khabib vs. McGregor,Derrick Lewis,Alexander Volkov,Heavyweight,0,KO/TKO Punches,3,4:49
UFC 229: Khabib vs. McGregor,Michelle Waterson-Gomez,Felice Herrig,Women's Strawweight,0,U-DEC,3,5:00
UFC 229: Khabib vs. McGregor,Jussier Formiga,Sergio Pettis,Flyweight,0,U-DEC,3,5:00
UFC 229: Khabib vs. McGregor,Vicente Luque,Jalin Turner,Welterweight,0,KO/TKO Punches,1,3:52
UFC 229: Khabib vs. McGregor,Aspen Ladd,Tonya Evinger,Women's Bantamweight,0,KO/TKO Punches,1,3:26
UFC 229: Khabib vs. McGregor,Scott Holtzman,Alan Patrick,Lightweight,0,KO/TKO Elbows,3,3:42
UFC 229: Khabib vs. McGregor,Yana Santos,Lina Lansberg,Women's Bantamweight,0,U-DEC,3,5:00
UFC 229: Khabib vs. McGregor,Nik Lentz,Gray Maynard,Lightweight,0,KO/TKO Kick,2,1:19
UFC 229: Khabib vs. McGregor,Anthony Rocco Martin,Ryan LaFlare,Welterweight,0,KO/TKO Kick,3,1:00
UFC Fight Night: Marreta vs. Anders,Thiago Santos,Eryk Anders,Light Heavyweight,0,KO/TKO,3,5:00
UFC Fight Night: Marreta vs. Anders,Alex Oliveira,Carlo Pedersoli Jr.,Welterweight,0,KO/TKO Punch,1,0:39
UFC Fight Night: Marreta vs. Anders,Rogerio Nogueira,Sam Alvey,Light Heavyweight,0,KO/TKO Punch,2,1:00
UFC Fight Night: Marreta vs. Anders,Andre Ewell,Renan Barao,Bantamweight,0,S-DEC,3,5:00
UFC Fight Night: Marreta vs. Anders,Randa Markos,Marina Rodriguez,Women's Strawweight,0,M-DEC,3,5:00
UFC Fight Night: Marreta vs. Anders,Charles Oliveira,Christos Giagos,Lightweight,0,SUB Rear Naked Choke,2,3:22
UFC Fight Night: Marreta vs. Anders,Francisco Trinaldo,Evan Dunham,Lightweight,0,KO/TKO Knee,2,4:10
UFC Fight Night: Marreta vs. Anders,Ryan Spann,Luis Henrique,Light Heavyweight,0,U-DEC,3,5:00
UFC Fight Night: Marreta vs. Anders,Augusto Sakai,Chase Sherman,Heavyweight,0,KO/TKO Punches,3,4:03
UFC Fight Night: Marreta vs. Anders,Sergio Moraes,Ben Saunders,Welterweight,0,SUB Arm Triangle,2,4:42
UFC Fight Night: Marreta vs. Anders,Mayra Bueno Silva,Gillian Robertson,Women's Flyweight,0,SUB Armbar,1,4:55
UFC Fight Night: Marreta vs. Anders,Thales Leites,Hector Lombard,Middleweight,0,U-DEC,3,5:00
UFC Fight Night: Marreta vs. Anders,Elizeu Zaleski dos Santos,Luigi Vendramini,Welterweight,0,KO/TKO Flying Knee,2,1:20
UFC Fight Night: Marreta vs. Anders,Livinha Souza,Alex Chambers,Women's Strawweight,0,SUB Guillotine Choke,1,1:21
UFC Fight Night: Hunt vs. Oleinik,Aleksei Oleinik,Mark Hunt,Heavyweight,0,SUB Rear Naked Choke,1,4:26
UFC Fight Night: Hunt vs. Oleinik,Jan Blachowicz,Nikita Krylov,Light Heavyweight,0,SUB Arm Triangle,2,2:41
UFC Fight Night: Hunt vs. Oleinik,Shamil Abdurakhimov,Andrei Arlovski,Heavyweight,0,U-DEC,3,5:00
UFC Fight Night: Hunt vs. Oleinik,Aleksei Kunchenko,Thiago Alves,Welterweight,0,U-DEC,3,5:00
UFC Fight Night: Hunt vs. Oleinik,Khalid Murtazaliev,CB Dollaway,Middleweight,0,KO/TKO Punches,2,5:00
UFC Fight Night: Hunt vs. Oleinik,Petr Yan,Jin Soo Son,Bantamweight,0,U-DEC,3,5:00
UFC Fight Night: Hunt vs. Oleinik,Rustam Khabilov,Kajan Johnson,Lightweight,0,S-DEC,3,5:00
UFC Fight Night: Hunt vs. Oleinik,Mairbek Taisumov,Desmond Green,Lightweight,0,U-DEC,3,5:00
UFC Fight Night: Hunt vs. Oleinik,Magomed Ankalaev,Marcin Prachnio,Light Heavyweight,0,KO/TKO Kick,1,3:09
UFC Fight Night: Hunt vs. Oleinik,Jordan Johnson,Adam Yandiev,Middleweight,0,SUB Arm Triangle,2,0:42
UFC Fight Night: Hunt vs. Oleinik,Ramazan Emeev,Stefan Sekulic,Welterweight,0,U-DEC,3,5:00
UFC Fight Night: Hunt vs. Oleinik,Merab Dvalishvili,Terrion Ware,Bantamweight,0,U-DEC,3,5:00
UFC 228: Woodley vs. Till,Tyron Woodley,Darren Till,Welterweight,1,SUB D'Arce Choke,2,4:19
UFC 228: Woodley vs. Till,Jessica Andrade,Karolina Kowalkiewicz,Women's Strawweight,0,KO/TKO Punch,1,1:58
UFC 228: Woodley vs. Till,Zabit Magomedsharipov,Brandon Davis,Featherweight,0,SUB Suloev Stretch,2,3:46
UFC 228: Woodley vs. Till,Jimmie Rivera,John Dodson,Bantamweight,0,U-DEC,3,5:00
UFC 228: Woodley vs. Till,Abdul Razak Alhassan,Niko Price,Welterweight,0,KO/TKO Punches,1,0:43
UFC 228: Woodley vs. Till,Tatiana Suarez,Carla Esparza,Women's Strawweight,0,KO/TKO Punches,3,4:33
UFC 228: Woodley vs. Till,Aljamain Sterling,Cody Stamann,Bantamweight,0,SUB Suloev Stretch,2,3:42
UFC 228: Woodley vs. Till,Geoff Neal,Frank Camacho,Welterweight,0,KO/TKO Kick,2,1:23
UFC 228: Woodley vs. Till,Darren Stewart,Charles Byrd,Middleweight,0,KO/TKO Elbow,2,2:17
UFC 228: Woodley vs. Till,Diego Sanchez,Craig White,Welterweight,0,U-DEC,3,5:00
UFC 228: Woodley vs. Till,Jim Miller,Alex White,Lightweight,0,SUB Rear Naked Choke,1,1:29
UFC 228: Woodley vs. Till,Irene Aldana,Lucie Pudilova,Women's Bantamweight,0,S-DEC,3,5:00
UFC 228: Woodley vs. Till,Jarred Brooks,Robert Sanchez,Flyweight,0,S-DEC,3,5:00
UFC Fight Night: Gaethje vs. Vick,Justin Gaethje,James Vick,Lightweight,0,KO/TKO Punch,1,1:27
UFC Fight Night: Gaethje vs. Vick,Michael Johnson,Andre Fili,Featherweight,0,S-DEC,3,5:00
UFC Fight Night: Gaethje vs. Vick,Cortney Casey,Angela Hill,Women's Strawweight,0,S-DEC,3,5:00
UFC Fight Night: Gaethje vs. Vick,Bryan Barberena,Jake Ellenberger,Welterweight,0,KO/TKO Punch,1,2:26
UFC Fight Night: Gaethje vs. Vick,Deiveson Figueiredo,John Moraga,Flyweight,0,KO/TKO Punch,2,3:08
UFC Fight Night: Gaethje vs. Vick,Eryk Anders,Tim Williams,Middleweight,0,KO/TKO Kick,3,4:42
UFC Fight Night: Gaethje vs. Vick,James Krause,Warlley Alves,Welterweight,0,KO/TKO Flying Knee,2,2:28
UFC Fight Night: Gaethje vs. Vick,Cory Sandhagen,Iuri Alcantara,Bantamweight,0,KO/TKO Punches,2,1:01
UFC Fight Night: Gaethje vs. Vick,Andrew Sanchez,Markus Perez,Middleweight,0,U-DEC,3,5:00
UFC Fight Night: Gaethje vs. Vick,Mickey Gall,George Sullivan,Welterweight,0,SUB Rear Naked Choke,1,1:09
UFC Fight Night: Gaethje vs. Vick,Joanne Wood,Kalindra Faria,Women's Flyweight,0,SUB Armbar,1,4:57
UFC Fight Night: Gaethje vs. Vick,Drew Dober,Jon Tuck,Lightweight,0,U-DEC,3,5:00
UFC Fight Night: Gaethje vs. Vick,Rani Yahya,Luke Sanders,Bantamweight,0,SUB Heel Hook,1,1:31
UFC 227: Dillashaw vs. Garbrandt 2,TJ Dillashaw,Cody Garbrandt,Bantamweight,1,KO/TKO Punches,1,4:10
UFC 227: Dillashaw vs. Garbrandt 2,Henry Cejudo,Demetrious Johnson,Flyweight,1,S-DEC,5,5:00
UFC 227: Dillashaw vs. Garbrandt 2,Renato Moicano,Cub Swanson,Featherweight,0,SUB Rear Naked Choke,1,4:15
UFC 227: Dillashaw vs. Garbrandt 2,JJ Aldrich,Polyana Viana,Women's Strawweight,0,U-DEC,3,5:00
UFC 227: Dillashaw vs. Garbrandt 2,Thiago Santos,Kevin Holland,Middleweight,0,U-DEC,3,5:00
UFC 227: Dillashaw vs. Garbrandt 2,Pedro Munhoz,Brett Johns,Bantamweight,0,U-DEC,3,5:00
UFC 227: Dillashaw vs. Garbrandt 2,Ricky Simon,Montel Jackson,Bantamweight,0,U-DEC,3,5:00
UFC 227: Dillashaw vs. Garbrandt 2,Ricardo Ramos,Kyung Ho Kang,Bantamweight,0,S-DEC,3,5:00
UFC 227: Dillashaw vs. Garbrandt 2,Sheymon Moraes,Matt Sayles,Featherweight,0,U-DEC,3,5:00
UFC 227: Dillashaw vs. Garbrandt 2,Alex Perez,Jose Torres,Flyweight,0,KO/TKO Punches,1,3:46
UFC 227: Dillashaw vs. Garbrandt 2,Zhang Weili,Danielle Taylor,Women's Strawweight,0,U-DEC,3,5:00
UFC 227: Dillashaw vs. Garbrandt 2,Marlon Vera,Wulijiburen,Bantamweight,0,KO/TKO Punch,2,4:53
UFC Fight Night: Alvarez vs. Poirier 2,Dustin Poirier,Eddie Alvarez,Lightweight,0,KO/TKO Punches,2,4:05
UFC Fight Night: Alvarez vs. Poirier 2,Jose Aldo,Jeremy Stephens,Featherweight,0,KO/TKO Punches,1,4:19
UFC Fight Night: Alvarez vs. Poirier 2,Joanna Jedrzejczyk,Tecia Pennington,Women's Strawweight,0,U-DEC,3,5:00
UFC Fight Night: Alvarez vs. Poirier 2,Alexander Hernandez,Olivier Aubin-Mercier,Lightweight,0,U-DEC,3,5:00
UFC Fight Night: Alvarez vs. Poirier 2,Jordan Mein,Alex Morono,Welterweight,0,U-DEC,3,5:00
UFC Fight Night: Alvarez vs. Poirier 2,Hakeem Dawodu,Austin Arnett,Featherweight,0,U-DEC,3,5:00
UFC Fight Night: Alvarez vs. Poirier 2,Islam Makhachev,Kajan Johnson,Lightweight,0,SUB Armbar,1,4:43
UFC Fight Night: Alvarez vs. Poirier 2,Ion Cutelaba,Gadzhimurad Antigulov,Light Heavyweight,0,KO/TKO Elbows,1,4:25
UFC Fight Night: Alvarez vs. Poirier 2,John Makdessi,Ross Pearson,Lightweight,0,U-DEC,3,5:00
UFC Fight Night: Alvarez vs. Poirier 2,Katlyn Cerminara,Alexis Davis,Women's Flyweight,0,U-DEC,3,5:00
UFC Fight Night: Alvarez vs. Poirier 2,Dustin Ortiz,Matheus Nicolau,Flyweight,0,KO/TKO Kick,1,3:49
UFC Fight Night: Alvarez vs. Poirier 2,Nina Nunes,Randa Markos,Women's Strawweight,0,U-DEC,3,5:00
UFC Fight Night: Alvarez vs. Poirier 2,Devin Powell,Alvaro Herrera Mendoza,Lightweight,0,KO/TKO Kicks,1,1:52
UFC Fight Night: Shogun vs. Smith,Anthony Smith,Mauricio Rua,Light Heavyweight,0,KO/TKO Punches,1,1:29
UFC Fight Night: Shogun vs. Smith,Corey Anderson,Glover Teixeira,Light Heavyweight,0,U-DEC,3,5:00
UFC Fight Night: Shogun vs. Smith,Abu Azaitar,Vitor Miranda,Middleweight,0,U-DEC,3,5:00
UFC Fight Night: Shogun vs. Smith,Marcin Tybura,Stefan Struve,Heavyweight,0,U-DEC,3,5:00
UFC Fight Night: Shogun vs. Smith,Danny Roberts,David Zawada,Welterweight,0,S-DEC,3,5:00
UFC Fight Night: Shogun vs. Smith,Nasrat Haqparast,Marc Diakiese,Lightweight,0,U-DEC,3,5:00
UFC Fight Night: Shogun vs. Smith,Damir Hadzovic,Nick Hein,Lightweight,0,S-DEC,3,5:00
UFC Fight Night: Shogun vs. Smith,Bartosz Fabinski,Emil Meek,Welterweight,0,U-DEC,3,5:00
UFC Fight Night: Shogun vs. Smith,Nad Narimani,Khalid Taha,Featherweight,0,U-DEC,3,5:00
UFC Fight Night: Shogun vs. Smith,Aleksandar Rakic,Justin Ledet,Light Heavyweight,0,U-DEC,3,5:00
UFC Fight Night: Shogun vs. Smith,Manny Bermudez,Davey Grant,Bantamweight,0,SUB Triangle Choke,1,0:59
UFC Fight Night: Shogun vs. Smith,Darko Stosic,Jeremy Kimball,Light Heavyweight,0,KO/TKO Elbows,1,3:13
UFC Fight Night: Shogun vs. Smith,Pingyuan Liu,Damian Stasiak,Bantamweight,0,U-DEC,3,5:00
UFC Fight Night: Dos Santos vs. Ivanov,Junior Dos Santos,Blagoy Ivanov,Heavyweight,0,U-DEC,5,5:00
UFC Fight Night: Dos Santos vs. Ivanov,Sage Northcutt,Zak Ottow,Welterweight,0,KO/TKO Punch,2,3:13
UFC Fight Night: Dos Santos vs. Ivanov,Ricky Glenn,Dennis Bermudez,Featherweight,0,S-DEC,3,5:00
UFC Fight Night: Dos Santos vs. Ivanov,Niko Price,Randy Brown,Welterweight,0,KO/TKO Punch,2,1:09
UFC Fight Night: Dos Santos vs. Ivanov,Chad Mendes,Myles Jury,Featherweight,0,KO/TKO Punch,1,2:52
UFC Fight Night: Dos Santos vs. Ivanov,Cat Zingano,Marion Reneau,Women's Bantamweight,0,U-DEC,3,5:00
UFC Fight Night: Dos Santos vs. Ivanov,Alejandro Perez,Eddie Wineland,Bantamweight,0,U-DEC,3,5:00
UFC Fight Night: Dos Santos vs. Ivanov,Alexander Volkanovski,Darren Elkins,Featherweight,0,U-DEC,3,5:00
UFC Fight Night: Dos Santos vs. Ivanov,Said Nurmagomedov,Justin Scoggins,Flyweight,0,S-DEC,3,5:00
UFC Fight Night: Dos Santos vs. Ivanov,Raoni Barcelos,Kurt Holobaugh,Featherweight,0,KO/TKO Punch,3,1:29
UFC Fight Night: Dos Santos vs. Ivanov,Liz Carmouche,Jennifer Maia,Women's Flyweight,0,U-DEC,3,5:00
UFC Fight Night: Dos Santos vs. Ivanov,Mark De La Rosa,Elias Garcia,Flyweight,0,SUB Rear Naked Choke,2,2:00
UFC Fight Night: Dos Santos vs. Ivanov,Jessica Aguilar,Jodie Esquibel,Women's Strawweight,0,U-DEC,3,5:00
UFC 226: Miocic vs. Cormier,Daniel Cormier,Stipe Miocic,Heavyweight,1,KO/TKO Punches,1,4:33
UFC 226: Miocic vs. Cormier,Derrick Lewis,Francis Ngannou,Heavyweight,0,U-DEC,3,5:00
UFC 226: Miocic vs. Cormier,Mike Perry,Paul Felder,Welterweight,0,S-DEC,3,5:00
UFC 226: Miocic vs. Cormier,Anthony Pettis,Michael Chiesa,Lightweight,0,SUB Triangle Choke,2,0:52
UFC 226: Miocic vs. Cormier,Khalil Rountree Jr.,Gokhan Saki,Light Heavyweight,0,KO/TKO Punches,1,1:36
UFC 226: Miocic vs. Cormier,Paulo Costa,Uriah Hall,Middleweight,0,KO/TKO Punches,2,2:38
UFC 226: Miocic vs. Cormier,Raphael Assuncao,Rob Font,Bantamweight,0,U-DEC,3,5:00
UFC 226: Miocic vs. Cormier,Drakkar Klose,Lando Vannata,Lightweight,0,U-DEC,3,5:00
UFC 226: Miocic vs. Cormier,Curtis Millender,Max Griffin,Welterweight,0,U-DEC,3,5:00
UFC 226: Miocic vs. Cormier,Dan Hooker,Gilbert Burns,Lightweight,0,KO/TKO Punches,1,2:28
UFC 226: Miocic vs. Cormier,Emily Whitmire,Jamie Moyle,Women's Strawweight,0,U-DEC,3,5:00
The Ultimate Fighter: Undefeated Finale,Israel Adesanya,Brad Tavares,Middleweight,0,U-DEC,5,5:00
The Ultimate Fighter: Undefeated Finale,Michael Trizano,Joe Giannetti,Lightweight,1,S-DEC,3,5:00
The Ultimate Fighter: Undefeated Finale,Brad Katona,Jay Cucciniello,Featherweight,1,U-DEC,3,5:00
The Ultimate Fighter: Undefeated Finale,Alex Caceres,Martin Bravo,Featherweight,0,S-DEC,3,5:00
The Ultimate Fighter: Undefeated Finale,Roxanne Modafferi,Barb Honchak,Women's Flyweight,0,KO/TKO Elbows,2,3:32
The Ultimate Fighter: Undefeated Finale,Alessio Di Chirico,Julian Marquez,Middleweight,0,S-DEC,3,5:00
The Ultimate Fighter: Undefeated Finale,Montana De La Rosa,Rachael Ostovich,Women's Flyweight,0,SUB Rear Naked Choke,3,4:21
The Ultimate Fighter: Undefeated Finale,Luis Pena,Richie Smullen,Lightweight,0,SUB Guillotine Choke,1,3:32
The Ultimate Fighter: Undefeated Finale,John Gunther,Allan Zuniga,Lightweight,0,M-DEC,3,5:00
The Ultimate Fighter: Undefeated Finale,Bryce Mitchell,Tyler Diamond,Featherweight,0,M-DEC,3,5:00
The Ultimate Fighter: Undefeated Finale,Steven Peterson,Matt Bessette,Featherweight,0,S-DEC,3,5:00
The Ultimate Fighter: Undefeated Finale,Gerald Meerschaert,Oskar Piechota,Middleweight,0,SUB Rear Naked Choke,2,4:55
UFC Fight Night: Cowboy vs. Edwards,Leon Edwards,Donald Cerrone,Welterweight,0,U-DEC,5,5:00
UFC Fight Night: Cowboy vs. Edwards,Ovince Saint Preux,Tyson Pedro,Light Heavyweight,0,SUB Armbar,1,2:54
UFC Fight Night: Cowboy vs. Edwards,Jessica Eye,Jessica-Rose Clark,Women's Flyweight,0,U-DEC,3,5:00
UFC Fight Night: Cowboy vs. Edwards,Li Jingliang,Daichi Abe,Welterweight,0,U-DEC,3,5:00
UFC Fight Night: Cowboy vs. Edwards,Petr Yan,Teruto Ishihara,Bantamweight,0,KO/TKO Punch,1,3:28
UFC Fight Night: Cowboy vs. Edwards,Song Yadong,Felipe Arantes,Bantamweight,0,KO/TKO Elbow,2,4:59
UFC Fight Night: Cowboy vs. Edwards,Shane Young,Rolando Dy,Featherweight,0,KO/TKO Elbow,2,4:40
UFC Fight Night: Cowboy vs. Edwards,Song Kenan,Hector Aldana,Welterweight,0,KO/TKO Punch,2,4:45
UFC Fight Night: Cowboy vs. Edwards,Jake Matthews,Shinsho Anzai,Welterweight,0,SUB Rear Naked Choke,1,2:44
UFC Fight Night: Cowboy vs. Edwards,Yan Xiaonan,Viviane Pereira,Women's Strawweight,0,U-DEC,3,5:00
UFC Fight Night: Cowboy vs. Edwards,Matt Schnell,Naoki Inoue,Flyweight,0,S-DEC,3,5:00
UFC Fight Night: Cowboy vs. Edwards,Yuta Sasaki,Jenel Lausa,Flyweight,0,SUB Rear Naked Choke,2,4:04
UFC Fight Night: Cowboy vs. Edwards,Ji Yeon Kim,Melinda Fabian,Women's Flyweight,0,S-DEC,3,5:00
UFC 225: Whittaker vs. Romero 2,Robert Whittaker,Yoel Romero,Middleweight,0,S-DEC,5,5:00
UFC 225: Whittaker vs. Romero 2,Colby Covington,Rafael Dos Anjos,Welterweight,1,U-DEC,5,5:00
UFC 225: Whittaker vs. Romero 2,Holly Holm,Megan Anderson,Women's Featherweight,0,U-DEC,3,5:00
UFC 225: Whittaker vs. Romero 2,Tai Tuivasa,Andrei Arlovski,Heavyweight,0,U-DEC,3,5:00
UFC 225: Whittaker vs. Romero 2,CM Punk,Mike Jackson,Welterweight,0,Overturned,3,5:00
UFC 225: Whittaker vs. Romero 2,Curtis Blaydes,Alistair Overeem,Heavyweight,0,KO/TKO Elbows,3,2:56
UFC 225: Whittaker vs. Romero 2,Claudia Gadelha,Carla Esparza,Women's Strawweight,0,S-DEC,3,5:00
UFC 225: Whittaker vs. Romero 2,Mirsad Bektic,Ricardo Lamas,Featherweight,0,S-DEC,3,5:00
UFC 225: Whittaker vs. Romero 2,Chris de la Rocha,Rashad Coulter,Heavyweight,0,KO/TKO Punches,2,3:53
UFC 225: Whittaker vs. Romero 2,Anthony Smith,Rashad Evans,Light Heavyweight,0,KO/TKO Knee,1,0:53
UFC 225: Whittaker vs. Romero 2,Sergio Pettis,Joseph Benavidez,Flyweight,0,S-DEC,3,5:00
UFC 225: Whittaker vs. Romero 2,Charles Oliveira,Clay Guida,Lightweight,0,SUB Guillotine Choke,1,2:18
UFC 225: Whittaker vs. Romero 2,Dan Ige,Mike Santiago,Featherweight,0,KO/TKO Punches,1,0:50
UFC Fight Night: Rivera vs. Moraes,Marlon Moraes,Jimmie Rivera,Bantamweight,0,KO/TKO Kick,1,0:33
UFC Fight Night: Rivera vs. Moraes,Gregor Gillespie,Vinc Pichel,Lightweight,0,SUB Arm Triangle,2,4:06
UFC Fight Night: Rivera vs. Moraes,Walt Harris,Daniel Spitz,Heavyweight,0,KO/TKO Punches,2,4:59
UFC Fight Night: Rivera vs. Moraes,Ben Saunders,Jake Ellenberger,Welterweight,0,KO/TKO Knee,1,1:56
UFC Fight Night: Rivera vs. Moraes,Julio Arce,Daniel Teymur,Featherweight,0,SUB Rear Naked Choke,3,2:55
UFC Fight Night: Rivera vs. Moraes,Sam Alvey,Gian Villante,Light Heavyweight,0,S-DEC,3,5:00
UFC Fight Night: Rivera vs. Moraes,Sijara Eubanks,Lauren Murphy,Women's Flyweight,0,U-DEC,3,5:00
UFC Fight Night: Rivera vs. Moraes,David Teymur,Nik Lentz,Lightweight,0,U-DEC,3,5:00
UFC Fight Night: Rivera vs. Moraes,Belal Muhammad,Chance Rencountre,Welterweight,0,U-DEC,3,5:00
UFC Fight Night: Rivera vs. Moraes,Desmond Green,Gleison Tibau,Lightweight,0,U-DEC,3,5:00
UFC Fight Night: Rivera vs. Moraes,Nathaniel Wood,Johnny Eduardo,Bantamweight,0,SUB D'Arce Choke,2,2:18
UFC Fight Night: Rivera vs. Moraes,Jose Torres,Jarred Brooks,Flyweight,0,KO/TKO Punches,2,2:55
UFC Fight Night: Thompson vs. Till,Darren Till,Stephen Thompson,Welterweight,0,U-DEC,5,5:00
UFC Fight Night: Thompson vs. Till,Neil Magny,Craig White,Welterweight,0,KO/TKO Knee,1,4:32
UFC Fight Night: Thompson vs. Till,Arnold Allen,Mads Burnell,Featherweight,0,SUB Guillotine Choke,3,2:41
UFC Fight Night: Thompson vs. Till,Makwan Amirkhani,Jason Knight,Featherweight,0,S-DEC,3,5:00
UFC Fight Night: Thompson vs. Till,Claudio Silva,Nordine Taleb,Welterweight,0,SUB Rear Naked Choke,1,4:31
UFC Fight Night: Thompson vs. Till,Darren Stewart,Eric Spicely,Middleweight,0,KO/TKO Punch,2,1:47
UFC Fight Night: Thompson vs. Till,Tom Breese,Daniel Kelly,Middleweight,0,KO/TKO Punch,1,3:33
UFC Fight Night: Thompson vs. Till,Lina Lansberg,Gina Mazany,Women's Bantamweight,0,U-DEC,3,5:00
UFC Fight Night: Thompson vs. Till,Carlo Pedersoli Jr.,Brad Scott,Welterweight,0,S-DEC,3,5:00
UFC Fight Night: Thompson vs. Till,Gillian Robertson,Molly McCann,Women's Flyweight,0,SUB Rear Naked Choke,2,2:05
UFC Fight Night: Thompson vs. Till,Elias Theodorou,Trevor Smith,Middleweight,0,U-DEC,3,5:00
UFC Fight Night: Maia vs. Usman,Kamaru Usman,Demian Maia,Welterweight,0,U-DEC,5,5:00
UFC Fight Night: Maia vs. Usman,Tatiana Suarez,Alexa Grasso,Women's Strawweight,0,SUB Rear Naked Choke,1,2:44
UFC Fight Night: Maia vs. Usman,Dominick Reyes,Jared Cannonier,Light Heavyweight,0,KO/TKO Punch,1,2:55
UFC Fight Night: Maia vs. Usman,Guido Cannetti,Diego Rivas,Bantamweight,0,U-DEC,3,5:00
UFC Fight Night: Maia vs. Usman,Andrea Lee,Veronica Hardy,Women's Flyweight,0,U-DEC,3,5:00
UFC Fight Night: Maia vs. Usman,Vicente Luque,Chad Laprise,Welterweight,0,KO/TKO Punch,1,4:16
UFC Fight Night: Maia vs. Usman,Michel Prazeres,Zak Cummings,Welterweight,0,S-DEC,3,5:00
UFC Fight Night: Maia vs. Usman,Alexandre Pantoja,Brandon Moreno,Flyweight,0,U-DEC,3,5:00
UFC Fight Night: Maia vs. Usman,Poliana Botelho,Syuri Kondo,Women's Strawweight,0,KO/TKO Kick,1,0:33
UFC Fight Night: Maia vs. Usman,Gabriel Benitez,Humberto Bandenay,Featherweight,0,KO/TKO Slam,1,0:39
UFC Fight Night: Maia vs. Usman,Enrique Barzola,Brandon Davis,Featherweight,0,U-DEC,3,5:00
UFC Fight Night: Maia vs. Usman,Frankie Saenz,Henry Briones,Bantamweight,0,U-DEC,3,5:00
UFC Fight Night: Maia vs. Usman,Claudio Puelles,Felipe Silva,Lightweight,0,SUB Kneebar,3,2:23
UFC 224: Nunes vs. Pennington,Amanda Nunes,Raquel Pennington,Women's Bantamweight,1,KO/TKO Punches,5,2:36
UFC 224: Nunes vs. Pennington,Kelvin Gastelum,Jacare Souza,Middleweight,0,S-DEC,3,5:00
UFC 224: Nunes vs. Pennington,Mackenzie Dern,Amanda Cooper,Women's Strawweight,0,SUB Rear Naked Choke,1,2:27
UFC 224: Nunes vs. Pennington,John Lineker,Brian Kelleher,Bantamweight,0,KO/TKO Punch,3,3:43
UFC 224: Nunes vs. Pennington,Lyoto Machida,Vitor Belfort,Middleweight,0,KO/TKO Kick,2,1:00
UFC 224: Nunes vs. Pennington,Cezar Ferreira,Karl Roberson,Middleweight,0,SUB Arm Triangle,1,4:45
UFC 224: Nunes vs. Pennington,Aleksei Oleinik,Junior Albini,Heavyweight,0,SUB Ezekiel Choke,1,1:45
UFC 224: Nunes vs. Pennington,Davi Ramos,Nick Hein,Lightweight,0,SUB Rear Naked Choke,1,4:15
UFC 224: Nunes vs. Pennington,Elizeu Zaleski dos Santos,Sean Strickland,Welterweight,0,KO/TKO Kick,1,3:40
UFC 224: Nunes vs. Pennington,Warlley Alves,Sultan Aliev,Welterweight,0,KO/TKO,2,5:00
UFC 224: Nunes vs. Pennington,Jack Hermansson,Thales Leites,Middleweight,0,KO/TKO Punches,3,2:10
UFC 224: Nunes vs. Pennington,Ramazan Emeev,Alberto Mina,Welterweight,0,U-DEC,3,5:00
UFC 224: Nunes vs. Pennington,Markus Perez,James Bochnovic,Middleweight,0,SUB Rear Naked Choke,1,4:28
UFC Fight Night: Barboza vs. Lee,Kevin Lee,Edson Barboza,Lightweight,0,KO/TKO,5,2:18
UFC Fight Night: Barboza vs. Lee,Frankie Edgar,Cub Swanson,Featherweight,0,U-DEC,3,5:00
UFC Fight Night: Barboza vs. Lee,Justin Willis,Chase Sherman,Heavyweight,0,U-DEC,3,5:00
UFC Fight Night: Barboza vs. Lee,David Branch,Thiago Santos,Middleweight,0,KO/TKO Punch,1,2:30
UFC Fight Night: Barboza vs. Lee,Aljamain Sterling,Brett Johns,Bantamweight,0,U-DEC,3,5:00
UFC Fight Night: Barboza vs. Lee,Dan Hooker,Jim Miller,Lightweight,0,KO/TKO Knee,1,3:00
UFC Fight Night: Barboza vs. Lee,Ryan LaFlare,Alex Garcia,Welterweight,0,U-DEC,3,5:00
UFC Fight Night: Barboza vs. Lee,Ricky Simon,Merab Dvalishvili,Bantamweight,0,SUB Guillotine Choke,3,5:00
UFC Fight Night: Barboza vs. Lee,Siyar Bahadurzada,Luan Chagas,Welterweight,0,KO/TKO Kick,2,2:40
UFC Fight Night: Barboza vs. Lee,Corey Anderson,Patrick Cummins,Light Heavyweight,0,U-DEC,3,5:00
UFC Fight Night: Barboza vs. Lee,Anthony Rocco Martin,Keita Nakamura,Welterweight,0,U-DEC,3,5:00
UFC Fight Night: Poirier vs. Gaethje,Dustin Poirier,Justin Gaethje,Lightweight,0,KO/TKO Punch,4,0:33
UFC Fight Night: Poirier vs. Gaethje,Alex Oliveira,Carlos Condit,Welterweight,0,SUB Guillotine Choke,2,3:17
UFC Fight Night: Poirier vs. Gaethje,Israel Adesanya,Marvin Vettori,Middleweight,0,S-DEC,3,5:00
UFC Fight Night: Poirier vs. Gaethje,Michelle Waterson-Gomez,Cortney Casey,Women's Strawweight,0,S-DEC,3,5:00
UFC Fight Night: Poirier vs. Gaethje,Antonio Carlos Junior,Tim Boetsch,Middleweight,0,SUB Rear Naked Choke,1,4:28
UFC Fight Night: Poirier vs. Gaethje,Muslim Salikhov,Ricky Rainey,Welterweight,0,KO/TKO Punch,2,4:12
UFC Fight Night: Poirier vs. Gaethje,John Moraga,Wilson Reis,Flyweight,0,U-DEC,3,5:00
UFC Fight Night: Poirier vs. Gaethje,Brad Tavares,Krzysztof Jotko,Middleweight,0,KO/TKO Punch,3,2:16
UFC Fight Night: Poirier vs. Gaethje,Gilbert Burns,Dan Moret,Lightweight,0,KO/TKO Punch,2,0:59
UFC Fight Night: Poirier vs. Gaethje,Lauren Mueller,Shana Dobson,Women's Flyweight,0,U-DEC,3,5:00
UFC Fight Night: Poirier vs. Gaethje,Yushin Okami,Dhiego Lima,Welterweight,0,U-DEC,3,5:00
UFC Fight Night: Poirier vs. Gaethje,Adam Wieczorek,Arjan Bhullar,Heavyweight,0,SUB Omoplata,2,1:59
UFC Fight Night: Poirier vs. Gaethje,Alejandro Perez,Matthew Lopez,Bantamweight,0,KO/TKO Punches,2,3:42
UFC Fight Night: Poirier vs. Gaethje,Luke Sanders,Patrick Williams,Bantamweight,0,U-DEC,3,5:00
UFC 223: Khabib vs. Iaquinta,Khabib Nurmagomedov,Al Iaquinta,Lightweight,1,U-DEC,5,5:00
UFC 223: Khabib vs. Iaquinta,Rose Namajunas,Joanna Jedrzejczyk,Women's Strawweight,1,U-DEC,5,5:00
UFC 223: Khabib vs. Iaquinta,Renato Moicano,Calvin Kattar,Featherweight,0,U-DEC,3,5:00
UFC 223: Khabib vs. Iaquinta,Zabit Magomedsharipov,Kyle Bochniak,Featherweight,0,U-DEC,3,5:00
UFC 223: Khabib vs. Iaquinta,Chris Gruetzemacher,Joe Lauzon,Lightweight,0,KO/TKO,2,5:00
UFC 223: Khabib vs. Iaquinta,Karolina Kowalkiewicz,Felice Herrig,Women's Strawweight,0,S-DEC,3,5:00
UFC 223: Khabib vs. Iaquinta,Olivier Aubin-Mercier,Evan Dunham,Lightweight,0,KO/TKO Knees,1,0:53
UFC 223: Khabib vs. Iaquinta,Ashlee Evans-Smith,Bec Rawlings,Women's Flyweight,0,U-DEC,3,5:00
UFC 223: Khabib vs. Iaquinta,Devin Clark,Mike Rodriguez,Light Heavyweight,0,U-DEC,3,5:00
UFC Fight Night: Werdum vs. Volkov,Alexander Volkov,Fabricio Werdum,Heavyweight,0,KO/TKO Punch,4,1:38
UFC Fight Night: Werdum vs. Volkov,Jan Blachowicz,Jimi Manuwa,Light Heavyweight,0,U-DEC,3,5:00
UFC Fight Night: Werdum vs. Volkov,Tom Duquesnoy,Terrion Ware,Bantamweight,0,U-DEC,3,5:00
UFC Fight Night: Werdum vs. Volkov,Leon Edwards,Peter Sobotta,Welterweight,0,KO/TKO Punch,3,4:59
UFC Fight Night: Werdum vs. Volkov,Charles Byrd,John Phillips,Middleweight,0,SUB Rear Naked Choke,1,3:58
UFC Fight Night: Werdum vs. Volkov,Danny Roberts,Oliver Enkamp,Welterweight,0,KO/TKO Punch,1,2:12
UFC Fight Night: Werdum vs. Volkov,Danny Henry,Hakeem Dawodu,Featherweight,0,SUB Guillotine Choke,1,0:39
UFC Fight Night: Werdum vs. Volkov,Paul Craig,Magomed Ankalaev,Light Heavyweight,0,SUB Triangle Choke,3,4:59
UFC Fight Night: Werdum vs. Volkov,Kajan Johnson,Stevie Ray,Lightweight,0,S-DEC,3,5:00
UFC Fight Night: Werdum vs. Volkov,Dmitry Sosnovskiy,Mark Godbeer,Heavyweight,0,SUB Rear Naked Choke,2,4:29
UFC 222: Cyborg vs. Kunitskaya,Cristiane Justino,Yana Santos,Women's Featherweight,1,KO/TKO Punches,1,3:25
UFC 222: Cyborg vs. Kunitskaya,Brian Ortega,Frankie Edgar,Featherweight,0,KO/TKO Punch,1,4:44
UFC 222: Cyborg vs. Kunitskaya,Sean O'Malley,Andre Soukhamthath,Bantamweight,0,U-DEC,3,5:00
UFC 222: Cyborg vs. Kunitskaya,Andrei Arlovski,Stefan Struve,Heavyweight,0,U-DEC,3,5:00
UFC 222: Cyborg vs. Kunitskaya,Ketlen Vieira,Cat Zingano,Women's Bantamweight,0,S-DEC,3,5:00
UFC 222: Cyborg vs. Kunitskaya,Mackenzie Dern,Ashley Yoder,Women's Strawweight,0,S-DEC,3,5:00
UFC 222: Cyborg vs. Kunitskaya,Alexander Hernandez,Beneil Dariush,Lightweight,0,KO/TKO Punch,1,0:42
UFC 222: Cyborg vs. Kunitskaya,John Dodson,Pedro Munhoz,Bantamweight,0,S-DEC,3,5:00
UFC 222: Cyborg vs. Kunitskaya,CB Dollaway,Hector Lombard,Middleweight,0,DQ,1,5:00
UFC 222: Cyborg vs. Kunitskaya,Zak Ottow,Mike Pyle,Welterweight,0,KO/TKO Punches,1,2:34
UFC 222: Cyborg vs. Kunitskaya,Cody Stamann,Bryan Caraway,Bantamweight,0,S-DEC,3,5:00
UFC 222: Cyborg vs. Kunitskaya,Jordan Johnson,Adam Milstead,Light Heavyweight,0,S-DEC,3,5:00
UFC Fight Night: Emmett vs. Stephens,Jeremy Stephens,Josh Emmett,Featherweight,0,KO/TKO Punch,2,1:35
UFC Fight Night: Emmett vs. Stephens,Jessica Andrade,Tecia Pennington,Women's Strawweight,0,U-DEC,3,5:00
UFC Fight Night: Emmett vs. Stephens,Ilir Latifi,Ovince Saint Preux,Light Heavyweight,0,SUB Guillotine Choke,1,3:48
UFC Fight Night: Emmett vs. Stephens,Max Griffin,Mike Perry,Welterweight,0,U-DEC,3,5:00
UFC Fight Night: Emmett vs. Stephens,Brian Kelleher,Renan Barao,Bantamweight,0,U-DEC,3,5:00
UFC Fight Night: Emmett vs. Stephens,Marion Reneau,Sara McMann,Women's Bantamweight,0,SUB Triangle Choke,2,3:40
UFC Fight Night: Emmett vs. Stephens,Angela Hill,Maryna Moroz,Women's Strawweight,0,U-DEC,3,5:00
UFC Fight Night: Emmett vs. Stephens,Alan Jouban,Ben Saunders,Welterweight,0,KO/TKO Punch,2,2:38
UFC Fight Night: Emmett vs. Stephens,Sam Alvey,Marcin Prachnio,Light Heavyweight,0,KO/TKO Punch,1,4:23
UFC Fight Night: Emmett vs. Stephens,Rani Yahya,Russell Doane,Bantamweight,0,SUB Arm Triangle,3,2:32
UFC Fight Night: Emmett vs. Stephens,Alex Perez,Eric Shelton,Flyweight,0,U-DEC,3,5:00
UFC Fight Night: Emmett vs. Stephens,Manny Bermudez,Albert Morales,Bantamweight,0,SUB Guillotine Choke,2,2:33
UFC Fight Night: Cerrone vs. Medeiros,Donald Cerrone,Yancy Medeiros,Welterweight,0,KO/TKO Punch,1,4:58
UFC Fight Night: Cerrone vs. Medeiros,Derrick Lewis,Marcin Tybura,Heavyweight,0,KO/TKO Punch,3,2:48
UFC Fight Night: Cerrone vs. Medeiros,James Vick,Francisco Trinaldo,Lightweight,0,U-DEC,3,5:00
UFC Fight Night: Cerrone vs. Medeiros,Curtis Millender,Thiago Alves,Welterweight,0,KO/TKO Knee,2,4:17
UFC Fight Night: Cerrone vs. Medeiros,Brandon Davis,Steven Peterson,Featherweight,0,U-DEC,3,5:00
UFC Fight Night: Cerrone vs. Medeiros,Sage Northcutt,Thibault Gouti,Lightweight,0,U-DEC,3,5:00
UFC Fight Night: Cerrone vs. Medeiros,Diego Ferreira,Jared Gordon,Lightweight,0,KO/TKO Punch,1,1:58
UFC Fight Night: Cerrone vs. Medeiros,Geoff Neal,Brian Camozzi,Welterweight,0,SUB Rear Naked Choke,1,2:48
UFC Fight Night: Cerrone vs. Medeiros,Robert Sanchez,Joby Sanchez,Flyweight,0,SUB Rear Naked Choke,1,1:50
UFC Fight Night: Cerrone vs. Medeiros,Lucie Pudilova,Sarah Moras,Women's Bantamweight,0,U-DEC,3,5:00
UFC Fight Night: Cerrone vs. Medeiros,Alex Morono,Joshua Burkman,Welterweight,0,SUB Guillotine Choke,1,2:12
UFC Fight Night: Cerrone vs. Medeiros,Oskar Piechota,Tim Williams,Middleweight,0,KO/TKO Punch,1,1:54
UFC 221: Romero vs. Rockhold,Yoel Romero,Luke Rockhold,Middleweight,0,KO/TKO Punch,3,1:48
UFC 221: Romero vs. Rockhold,Curtis Blaydes,Mark Hunt,Heavyweight,0,U-DEC,3,5:00
UFC 221: Romero vs. Rockhold,Tai Tuivasa,Cyril Asker,Heavyweight,0,KO/TKO Elbow,1,2:18
UFC 221: Romero vs. Rockhold,Jake Matthews,Li Jingliang,Welterweight,0,U-DEC,3,5:00
UFC 221: Romero vs. Rockhold,Tyson Pedro,Saparbeg Safarov,Light Heavyweight,0,SUB Kimura,1,3:54
UFC 221: Romero vs. Rockhold,Dong Hyun Ma,Damien Brown,Lightweight,0,S-DEC,3,5:00
UFC 221: Romero vs. Rockhold,Israel Adesanya,Rob Wilkinson,Middleweight,0,KO/TKO Punches,2,3:37
UFC 221: Romero vs. Rockhold,Alexander Volkanovski,Jeremy Kennedy,Featherweight,0,KO/TKO Punches,2,4:57
UFC 221: Romero vs. Rockhold,Jussier Formiga,Ben Nguyen,Flyweight,0,SUB Rear Naked Choke,3,1:43
UFC 221: Romero vs. Rockhold,Ross Pearson,Mizuto Hirota,Lightweight,0,U-DEC,3,5:00
UFC 221: Romero vs. Rockhold,Jose Quinonez,Teruto Ishihara,Bantamweight,0,U-DEC,3,5:00
UFC 221: Romero vs. Rockhold,Luke Jumeau,Daichi Abe,Welterweight,0,U-DEC,3,5:00
UFC Fight Night: Machida vs. Anders,Lyoto Machida,Eryk Anders,Middleweight,0,S-DEC,5,5:00
UFC Fight Night: Machida vs. Anders,Valentina Shevchenko,Priscila Cachoeira,Women's Flyweight,0,SUB Rear Naked Choke,2,4:25
UFC Fight Night: Machida vs. Anders,Michel Prazeres,Desmond Green,Lightweight,0,U-DEC,3,5:00
UFC Fight Night: Machida vs. Anders,Timothy Johnson,Marcelo Golm,Heavyweight,0,U-DEC,3,5:00
UFC Fight Night: Machida vs. Anders,Douglas Silva de Andrade,Marlon Vera,Bantamweight,0,U-DEC,3,5:00
UFC Fight Night: Machida vs. Anders,Thiago Santos,Anthony Smith,Middleweight,0,KO/TKO Kick,2,1:03
UFC Fight Night: Machida vs. Anders,Sergio Moraes,Tim Means,Welterweight,0,S-DEC,3,5:00
UFC Fight Night: Machida vs. Anders,Alan Patrick,Damir Hadzovic,Lightweight,0,U-DEC,3,5:00
UFC Fight Night: Machida vs. Anders,Polyana Viana,Maia Stevenson,Women's Strawweight,0,SUB Rear Naked Choke,1,3:50
UFC Fight Night: Machida vs. Anders,Iuri Alcantara,Joe Soto,Bantamweight,0,KO/TKO Punches,1,1:06
UFC Fight Night: Machida vs. Anders,Deiveson Figueiredo,Joseph Morales,Flyweight,0,KO/TKO Punches,2,4:34
UFC Fight Night: Jacare vs. Brunson 2,Jacare Souza,Derek Brunson,Middleweight,0,KO/TKO Kick,1,3:50
UFC Fight Night: Jacare vs. Brunson 2,Andre Fili,Dennis Bermudez,Featherweight,0,S-DEC,3,5:00
UFC Fight Night: Jacare vs. Brunson 2,Gregor Gillespie,Jordan Rinaldi,Lightweight,0,KO/TKO Punches,1,4:46
UFC Fight Night: Jacare vs. Brunson 2,Drew Dober,Frank Camacho,Welterweight,0,U-DEC,3,5:00
UFC Fight Night: Jacare vs. Brunson 2,King Green,Erik Koch,Lightweight,0,U-DEC,3,5:00
UFC Fight Night: Jacare vs. Brunson 2,Mirsad Bektic,Godofredo Pepey,Featherweight,0,KO/TKO Punch,1,2:47
UFC Fight Night: Jacare vs. Brunson 2,Katlyn Cerminara,Mara Romero Borella,Women's Flyweight,0,U-DEC,3,5:00
UFC Fight Night: Jacare vs. Brunson 2,Randa Markos,Juliana Lima,Women's Strawweight,0,U-DEC,3,5:00
UFC Fight Night: Jacare vs. Brunson 2,Ji Yeon Kim,Justine Kish,Women's Flyweight,0,S-DEC,3,5:00
UFC Fight Night: Jacare vs. Brunson 2,Vinc Pichel,Joaquim Silva,Lightweight,0,U-DEC,3,5:00
UFC Fight Night: Jacare vs. Brunson 2,Niko Price,George Sullivan,Welterweight,0,SUB Rear Naked Choke,2,4:21
UFC Fight Night: Jacare vs. Brunson 2,Cory Sandhagen,Austin Arnett,Featherweight,0,KO/TKO Punches,2,3:48
UFC 220: Miocic vs. Ngannou,Stipe Miocic,Francis Ngannou,Heavyweight,1,U-DEC,5,5:00
UFC 220: Miocic vs. Ngannou,Daniel Cormier,Volkan Oezdemir,Light Heavyweight,1,KO/TKO Punches,2,2:00
UFC 220: Miocic vs. Ngannou,Calvin Kattar,Shane Burgos,Featherweight,0,KO/TKO Punch,3,0:32
UFC 220: Miocic vs. Ngannou,Gian Villante,Francimar Barroso,Light Heavyweight,0,S-DEC,3,5:00
UFC 220: Miocic vs. Ngannou,Rob Font,Thomas Almeida,Bantamweight,0,KO/TKO Kick,2,2:24
UFC 220: Miocic vs. Ngannou,Kyle Bochniak,Brandon Davis,Featherweight,0,U-DEC,3,5:00
UFC 220: Miocic vs. Ngannou,Abdul Razak Alhassan,Sabah Homasi,Welterweight,0,KO/TKO Punch,1,3:47
UFC 220: Miocic vs. Ngannou,Dustin Ortiz,Alexandre Pantoja,Flyweight,0,U-DEC,3,5:00
UFC 220: Miocic vs. Ngannou,Julio Arce,Dan Ige,Featherweight,0,U-DEC,3,5:00
UFC 220: Miocic vs. Ngannou,Enrique Barzola,Matt Bessette,Featherweight,0,U-DEC,3,5:00
UFC 220: Miocic vs. Ngannou,Islam Makhachev,Gleison Tibau,Lightweight,0,KO/TKO Punch,1,0:57
UFC Fight Night: Stephens vs. Choi,Jeremy Stephens,Dooho Choi,Featherweight,0,KO/TKO Punch,2,2:36
UFC Fight Night: Stephens vs. Choi,Jessica-Rose Clark,Paige VanZant,Women's Flyweight,0,U-DEC,3,5:00
UFC Fight Night: Stephens vs. Choi,Kamaru Usman,Emil Meek,Welterweight,0,U-DEC,3,5:00
UFC Fight Night: Stephens vs. Choi,Darren Elkins,Michael Johnson,Featherweight,0,SUB Rear Naked Choke,2,2:22
UFC Fight Night: Stephens vs. Choi,James Krause,Alex White,Lightweight,0,U-DEC,3,5:00
UFC Fight Night: Stephens vs. Choi,Marco Polo Reyes,Matt Frevola,Lightweight,0,KO/TKO Punch,1,1:00
UFC Fight Night: Stephens vs. Choi,Irene Aldana,Talita Bernardo,Women's Bantamweight,0,U-DEC,3,5:00
UFC Fight Night: Stephens vs. Choi,Kyung Ho Kang,Guido Cannetti,Bantamweight,0,SUB Triangle Choke,1,4:53
UFC Fight Night: Stephens vs. Choi,Jessica Eye,Kalindra Faria,Women's Flyweight,0,S-DEC,3,5:00
UFC Fight Night: Stephens vs. Choi,JJ Aldrich,Danielle Taylor,Women's Strawweight,0,U-DEC,3,5:00
UFC Fight Night: Stephens vs. Choi,Mads Burnell,Mike Santiago,Featherweight,0,U-DEC,3,5:00
UFC 219: Cyborg vs. Holm,Cristiane Justino,Holly Holm,Women's Featherweight,1,U-DEC,5,5:00
UFC 219: Cyborg vs. Holm,Khabib Nurmagomedov,Edson Barboza,Lightweight,0,U-DEC,3,5:00
UFC 219: Cyborg vs. Holm,Dan Hooker,Marc Diakiese,Lightweight,0,SUB Guillotine Choke,3,0:42
UFC 219: Cyborg vs. Holm,Carla Esparza,Cynthia Calvillo,Women's Strawweight,0,U-DEC,3,5:00
UFC 219: Cyborg vs. Holm,Neil Magny,Carlos Condit,Welterweight,0,U-DEC,3,5:00
UFC 219: Cyborg vs. Holm,Khalil Rountree Jr.,Michal Oleksiejczuk,Light Heavyweight,0,Overturned,3,5:00
UFC 219: Cyborg vs. Holm,Myles Jury,Ricky Glenn,Featherweight,0,U-DEC,3,5:00
UFC 219: Cyborg vs. Holm,Marvin Vettori,Omari Akhmedov,Middleweight,0,M-DEC,3,5:00
UFC 219: Cyborg vs. Holm,Matheus Nicolau,Louis Smolka,Flyweight,0,U-DEC,3,5:00
UFC 219: Cyborg vs. Holm,Tim Elliott,Mark De La Rosa,Bantamweight,0,SUB Anaconda Choke,2,1:41
UFC Fight Night: Lawler vs. Dos Anjos,Rafael Dos Anjos,Robbie Lawler,Welterweight,0,U-DEC,5,5:00
UFC Fight Night: Lawler vs. Dos Anjos,Josh Emmett,Ricardo Lamas,Featherweight,0,KO/TKO Punch,1,4:33
UFC Fight Night: Lawler vs. Dos Anjos,Santiago Ponzinibbio,Mike Perry,Welterweight,0,U-DEC,3,5:00
UFC Fight Night: Lawler vs. Dos Anjos,Glover Teixeira,Misha Cirkunov,Light Heavyweight,0,KO/TKO Punches,1,2:45
UFC Fight Night: Lawler vs. Dos Anjos,Jan Blachowicz,Jared Cannonier,Light Heavyweight,0,U-DEC,3,5:00
UFC Fight Night: Lawler vs. Dos Anjos,Julian Marquez,Darren Stewart,Middleweight,0,SUB Guillotine Choke,2,2:42
UFC Fight Night: Lawler vs. Dos Anjos,Chad Laprise,Galore Bofando,Welterweight,0,KO/TKO Punches,1,4:10
UFC Fight Night: Lawler vs. Dos Anjos,Nordine Taleb,Danny Roberts,Welterweight,0,KO/TKO Kick,1,0:59
UFC Fight Night: Lawler vs. Dos Anjos,John Makdessi,Abel Trujillo,Lightweight,0,U-DEC,3,5:00
UFC Fight Night: Lawler vs. Dos Anjos,Alessio Di Chirico,Oluwale Bamgbose,Middleweight,0,KO/TKO Knee,2,2:14
UFC Fight Night: Lawler vs. Dos Anjos,Jordan Mein,Erick Silva,Welterweight,0,U-DEC,3,5:00
UFC Fight Night: Swanson vs. Ortega,Brian Ortega,Cub Swanson,Featherweight,0,SUB Guillotine Choke,2,3:22
UFC Fight Night: Swanson vs. Ortega,Gabriel Benitez,Jason Knight,Featherweight,0,U-DEC,3,5:00
UFC Fight Night: Swanson vs. Ortega,Marlon Moraes,Aljamain Sterling,Bantamweight,0,KO/TKO Knee,1,1:07
UFC Fight Night: Swanson vs. Ortega,Scott Holtzman,Darrell Horcher,Lightweight,0,U-DEC,3,5:00
UFC Fight Night: Swanson vs. Ortega,Eryk Anders,Markus Perez,Middleweight,0,U-DEC,3,5:00
UFC Fight Night: Swanson vs. Ortega,Benito Lopez,Albert Morales,Bantamweight,0,U-DEC,3,5:00
UFC Fight Night: Swanson vs. Ortega,Alexis Davis,Liz Carmouche,Women's Flyweight,0,S-DEC,3,5:00
UFC Fight Night: Swanson vs. Ortega,Andre Soukhamthath,Luke Sanders,Bantamweight,0,KO/TKO Punches,2,1:06
UFC Fight Night: Swanson vs. Ortega,Alex Perez,Carls John De Tomas,Bantamweight,0,SUB Anaconda Choke,2,1:54
UFC Fight Night: Swanson vs. Ortega,Frankie Saenz,Merab Dvalishvili,Bantamweight,0,S-DEC,3,5:00
UFC Fight Night: Swanson vs. Ortega,Alejandro Perez,Iuri Alcantara,Bantamweight,0,U-DEC,3,5:00
UFC Fight Night: Swanson vs. Ortega,Davi Ramos,Chris Gruetzemacher,Lightweight,0,SUB Rear Naked Choke,3,0:50
UFC Fight Night: Swanson vs. Ortega,Trevin Giles,Antonio Braga Neto,Middleweight,0,KO/TKO Punches,3,2:27
UFC 218: Holloway vs. Aldo 2,Max Holloway,Jose Aldo,Featherweight,1,KO/TKO Punches,3,4:51
UFC 218: Holloway vs. Aldo 2,Francis Ngannou,Alistair Overeem,Heavyweight,0,KO/TKO Punch,1,1:42
UFC 218: Holloway vs. Aldo 2,Henry Cejudo,Sergio Pettis,Flyweight,0,U-DEC,3,5:00
UFC 218: Holloway vs. Aldo 2,Eddie Alvarez,Justin Gaethje,Lightweight,0,KO/TKO Knee,3,3:59
UFC 218: Holloway vs. Aldo 2,Tecia Pennington,Michelle Waterson-Gomez,Women's Strawweight,0,U-DEC,3,5:00
UFC 218: Holloway vs. Aldo 2,Paul Felder,Charles Oliveira,Lightweight,0,KO/TKO Elbows,2,4:06
UFC 218: Holloway vs. Aldo 2,Yancy Medeiros,Alex Oliveira,Welterweight,0,KO/TKO Punches,3,2:02
UFC 218: Holloway vs. Aldo 2,David Teymur,Drakkar Klose,Lightweight,0,U-DEC,3,5:00
UFC 218: Holloway vs. Aldo 2,Felice Herrig,Cortney Casey,Women's Strawweight,0,S-DEC,3,5:00
UFC 218: Holloway vs. Aldo 2,Amanda Cooper,Angela Magana,Women's Strawweight,0,KO/TKO Punches,2,4:34
UFC 218: Holloway vs. Aldo 2,Abdul Razak Alhassan,Sabah Homasi,Welterweight,0,KO/TKO Punches,1,4:21
UFC 218: Holloway vs. Aldo 2,Dominick Reyes,Jeremy Kimball,Light Heavyweight,0,SUB Rear Naked Choke,1,3:39
UFC 218: Holloway vs. Aldo 2,Justin Willis,Allen Crowder,Heavyweight,0,KO/TKO Punch,1,2:33
The Ultimate Fighter: A New World Champion Finale,Nicco Montano,Roxanne Modafferi,Women's Flyweight,1,U-DEC,5,5:00
The Ultimate Fighter: A New World Champion Finale,Sean O'Malley,Terrion Ware,Bantamweight,0,U-DEC,3,5:00
The Ultimate Fighter: A New World Champion Finale,Lauren Murphy,Barb Honchak,Women's Flyweight,0,S-DEC,3,5:00
The Ultimate Fighter: A New World Champion Finale,Gerald Meerschaert,Eric Spicely,Middleweight,0,KO/TKO Kick,2,2:18
The Ultimate Fighter: A New World Champion Finale,DeAnna Bennett,Melinda Fabian,Women's Flyweight,0,M-DEC,3,5:00
The Ultimate Fighter: A New World Champion Finale,Brett Johns,Joe Soto,Bantamweight,0,SUB Calf Slicer,1,0:30
The Ultimate Fighter: A New World Champion Finale,Montana De La Rosa,Christina Marks,Women's Flyweight,0,SUB Armbar,1,2:00
The Ultimate Fighter: A New World Champion Finale,Ryan Janes,Andrew Sanchez,Middleweight,0,KO/TKO Punch,3,0:58
The Ultimate Fighter: A New World Champion Finale,Rachael Ostovich,Karine Gevorgyan,Women's Flyweight,0,SUB Armbar,1,1:40
The Ultimate Fighter: A New World Champion Finale,Shana Dobson,Ariel Beck,Women's Flyweight,0,KO/TKO Punch,2,2:53
The Ultimate Fighter: A New World Champion Finale,Gillian Robertson,Emily Whitmire,Women's Flyweight,0,SUB Armbar,1,2:12
UFC Fight Night: Bisping vs. Gastelum,Kelvin Gastelum,Michael Bisping,Middleweight,0,KO/TKO Punch,1,2:30
UFC Fight Night: Bisping vs. Gastelum,Li Jingliang,Zak Ottow,Welterweight,0,KO/TKO Punches,1,2:57
UFC Fight Night: Bisping vs. Gastelum,Wang Guan,Alex Caceres,Featherweight,0,S-DEC,3,5:00
UFC Fight Night: Bisping vs. Gastelum,Alex Garcia,Muslim Salikhov,Welterweight,0,SUB Rear Naked Choke,2,3:22
UFC Fight Night: Bisping vs. Gastelum,Zabit Magomedsharipov,Sheymon Moraes,Featherweight,0,SUB Anaconda Choke,3,4:30
UFC Fight Night: Bisping vs. Gastelum,Song Kenan,Bobby Nash,Welterweight,0,KO/TKO Punches,1,0:15
UFC Fight Night: Bisping vs. Gastelum,Yan Xiaonan,Kailin Curran,Women's Strawweight,0,U-DEC,3,5:00
UFC Fight Night: Bisping vs. Gastelum,Song Yadong,Bharat Kandare,Featherweight,0,SUB Guillotine Choke,1,4:16
UFC Fight Night: Bisping vs. Gastelum,Shamil Abdurakhimov,Chase Sherman,Heavyweight,0,KO/TKO Punches,1,1:24
UFC Fight Night: Bisping vs. Gastelum,Gina Mazany,Wu Yanan,Women's Bantamweight,0,U-DEC,3,5:00
UFC Fight Night: Bisping vs. Gastelum,Rolando Dy,Wulijiburen,Featherweight,0,U-DEC,3,5:00
UFC Fight Night: Bisping vs. Gastelum,Cyril Asker,Hu Yaozong,Heavyweight,0,SUB Rear Naked Choke,2,2:33
UFC Fight Night: Werdum vs. Tybura,Fabricio Werdum,Marcin Tybura,Heavyweight,0,U-DEC,5,5:00
UFC Fight Night: Werdum vs. Tybura,Jessica-Rose Clark,Bec Rawlings,Women's Flyweight,0,S-DEC,3,5:00
UFC Fight Night: Werdum vs. Tybura,Belal Muhammad,Tim Means,Welterweight,0,S-DEC,3,5:00
UFC Fight Night: Werdum vs. Tybura,Jake Matthews,Bojan Velickovic,Welterweight,0,S-DEC,3,5:00
UFC Fight Night: Werdum vs. Tybura,Elias Theodorou,Daniel Kelly,Middleweight,0,U-DEC,3,5:00
UFC Fight Night: Werdum vs. Tybura,Alexander Volkanovski,Shane Young,Catch Weight,0,U-DEC,3,5:00
UFC Fight Night: Werdum vs. Tybura,Ryan Benoit,Ashkan Mokhtarian,Flyweight,0,KO/TKO Kick,3,2:38
UFC Fight Night: Werdum vs. Tybura,Nik Lentz,Will Brooks,Lightweight,0,SUB Guillotine Choke,2,2:05
UFC Fight Night: Werdum vs. Tybura,Tai Tuivasa,Rashad Coulter,Heavyweight,0,KO/TKO Flying Knee,1,4:35
UFC Fight Night: Werdum vs. Tybura,Frank Camacho,Damien Brown,Lightweight,0,S-DEC,3,5:00
UFC Fight Night: Werdum vs. Tybura,Nadia Kassem,Alex Chambers,Women's Strawweight,0,U-DEC,3,5:00
UFC Fight Night: Werdum vs. Tybura,Eric Shelton,Jenel Lausa,Flyweight,0,U-DEC,3,5:00
UFC Fight Night: Werdum vs. Tybura,Adam Wieczorek,Anthony Hamilton,Heavyweight,0,U-DEC,3,5:00
UFC Fight Night: Poirier vs. Pettis,Dustin Poirier,Anthony Pettis,Lightweight,0,KO/TKO,3,2:08
UFC Fight Night: Poirier vs. Pettis,Matt Brown,Diego Sanchez,Welterweight,0,KO/TKO Elbow,1,3:44
UFC Fight Night: Poirier vs. Pettis,Andrei Arlovski,Junior Albini,Heavyweight,0,U-DEC,3,5:00
UFC Fight Night: Poirier vs. Pettis,Cezar Ferreira,Nate Marquardt,Middleweight,0,S-DEC,3,5:00
UFC Fight Night: Poirier vs. Pettis,Raphael Assuncao,Matthew Lopez,Bantamweight,0,KO/TKO Punch,3,1:50
UFC Fight Night: Poirier vs. Pettis,Clay Guida,Joe Lauzon,Lightweight,0,KO/TKO Punch,1,1:07
UFC Fight Night: Poirier vs. Pettis,Marlon Moraes,John Dodson,Bantamweight,0,S-DEC,3,5:00
UFC Fight Night: Poirier vs. Pettis,Tatiana Suarez,Viviane Pereira,Women's Strawweight,0,U-DEC,3,5:00
UFC Fight Night: Poirier vs. Pettis,Sage Northcutt,Michel Quinones,Lightweight,0,U-DEC,3,5:00
UFC Fight Night: Poirier vs. Pettis,Nina Nunes,Angela Hill,Women's Strawweight,0,U-DEC,3,5:00
UFC Fight Night: Poirier vs. Pettis,Sean Strickland,Court McGee,Welterweight,0,U-DEC,3,5:00
UFC Fight Night: Poirier vs. Pettis,Jake Collier,Marcel Fortuna,Light Heavyweight,0,U-DEC,3,5:00
UFC Fight Night: Poirier vs. Pettis,Karl Roberson,Darren Stewart,Middleweight,0,SUB Rear Naked Choke,1,3:41
UFC 217: Bisping vs. St-Pierre,Georges St-Pierre,Michael Bisping,Middleweight,1,SUB Rear Naked Choke,3,4:23
UFC 217: Bisping vs. St-Pierre,TJ Dillashaw,Cody Garbrandt,Bantamweight,1,KO/TKO Punch,2,2:41
UFC 217: Bisping vs. St-Pierre,Rose Namajunas,Joanna Jedrzejczyk,Women's Strawweight,1,KO/TKO Punch,1,3:03
UFC 217: Bisping vs. St-Pierre,Stephen Thompson,Jorge Masvidal,Welterweight,0,U-DEC,3,5:00
UFC 217: Bisping vs. St-Pierre,Paulo Costa,Johny Hendricks,Middleweight,0,KO/TKO Punches,2,1:23
UFC 217: Bisping vs. St-Pierre,James Vick,Joe Duffy,Lightweight,0,KO/TKO Punch,2,4:59
UFC 217: Bisping vs. St-Pierre,Mark Godbeer,Walt Harris,Heavyweight,0,DQ,1,4:29
UFC 217: Bisping vs. St-Pierre,Ovince Saint Preux,Corey Anderson,Light Heavyweight,0,KO/TKO Kick,3,1:25
UFC 217: Bisping vs. St-Pierre,Randy Brown,Mickey Gall,Welterweight,0,U-DEC,3,5:00
UFC 217: Bisping vs. St-Pierre,Curtis Blaydes,Aleksei Oleinik,Heavyweight,0,KO/TKO,2,1:39
UFC 217: Bisping vs. St-Pierre,Ricardo Ramos,Aiemann Zahabi,Bantamweight,0,KO/TKO Spinning Back Elbow,3,1:58
UFC Fight Night: Brunson vs. Machida,Derek Brunson,Lyoto Machida,Middleweight,0,KO/TKO Punch,1,2:30
UFC Fight Night: Brunson vs. Machida,Colby Covington,Demian Maia,Welterweight,0,U-DEC,3,5:00
UFC Fight Night: Brunson vs. Machida,Pedro Munhoz,Rob Font,Bantamweight,0,SUB Guillotine Choke,1,4:03
UFC Fight Night: Brunson vs. Machida,Francisco Trinaldo,Jim Miller,Lightweight,0,U-DEC,3,5:00
UFC Fight Night: Brunson vs. Machida,Thiago Santos,Jack Hermansson,Middleweight,0,KO/TKO Punch,1,4:59
UFC Fight Night: Brunson vs. Machida,John Lineker,Marlon Vera,Bantamweight,0,U-DEC,3,5:00
UFC Fight Night: Brunson vs. Machida,Vicente Luque,Niko Price,Welterweight,0,SUB D'Arce Choke,2,4:08
UFC Fight Night: Brunson vs. Machida,Antonio Carlos Junior,Jack Marshman,Middleweight,0,SUB Rear Naked Choke,1,4:30
UFC Fight Night: Brunson vs. Machida,Jared Gordon,Hacran Dias,Lightweight,0,U-DEC,3,5:00
UFC Fight Night: Brunson vs. Machida,Elizeu Zaleski dos Santos,Max Griffin,Welterweight,0,U-DEC,3,5:00
UFC Fight Night: Brunson vs. Machida,Deiveson Figueiredo,Jarred Brooks,Flyweight,0,S-DEC,3,5:00
UFC Fight Night: Brunson vs. Machida,Marcelo Golm,Christian Colombo,Heavyweight,0,SUB Rear Naked Choke,1,2:08
UFC Fight Night: Cerrone vs. Till,Darren Till,Donald Cerrone,Welterweight,0,KO/TKO Punch,1,4:20
UFC Fight Night: Cerrone vs. Till,Karolina Kowalkiewicz,Jodie Esquibel,Women's Strawweight,0,U-DEC,3,5:00
UFC Fight Night: Cerrone vs. Till,Jan Blachowicz,Devin Clark,Light Heavyweight,0,SUB Rear Naked Choke,2,3:02
UFC Fight Night: Cerrone vs. Till,Oskar Piechota,Jonathan Wilson,Middleweight,0,U-DEC,3,5:00
UFC Fight Night: Cerrone vs. Till,Marcin Held,Nasrat Haqparast,Lightweight,0,U-DEC,3,5:00
UFC Fight Night: Cerrone vs. Till,Brian Kelleher,Damian Stasiak,Bantamweight,0,KO/TKO Punch,3,3:39
UFC Fight Night: Cerrone vs. Till,Ramazan Emeev,Sam Alvey,Middleweight,0,U-DEC,3,5:00
UFC Fight Night: Cerrone vs. Till,Andre Fili,Artem Lobov,Featherweight,0,U-DEC,3,5:00
UFC Fight Night: Cerrone vs. Till,Warlley Alves,Salim Touahri,Welterweight,0,U-DEC,3,5:00
UFC Fight Night: Cerrone vs. Till,Aspen Ladd,Lina Lansberg,Women's Bantamweight,0,KO/TKO Punches,2,2:33
UFC Fight Night: Cerrone vs. Till,Josh Emmett,Felipe Arantes,Featherweight,0,U-DEC,3,5:00
UFC 216: Ferguson vs. Lee,Tony Ferguson,Kevin Lee,Lightweight,1,SUB Triangle Choke,3,4:02
UFC 216: Ferguson vs. Lee,Demetrious Johnson,Ray Borg,Flyweight,1,SUB Armbar,5,3:15
UFC 216: Ferguson vs. Lee,Fabricio Werdum,Walt Harris,Heavyweight,0,SUB Armbar,1,1:05
UFC 216: Ferguson vs. Lee,Mara Romero Borella,Kalindra Faria,Women's Flyweight,0,SUB Rear Naked Choke,1,2:54
UFC 216: Ferguson vs. Lee,Beneil Dariush,Evan Dunham,Lightweight,0,M-DEC,3,5:00
UFC 216: Ferguson vs. Lee,Cody Stamann,Tom Duquesnoy,Bantamweight,0,S-DEC,3,5:00
UFC 216: Ferguson vs. Lee,Lando Vannata,King Green,Lightweight,0,S-DEC,3,5:00
UFC 216: Ferguson vs. Lee,Poliana Botelho,Pearl Gonzalez,Women's Strawweight,0,U-DEC,3,5:00
UFC 216: Ferguson vs. Lee,Matt Schnell,Marco Beltran,Flyweight,0,U-DEC,3,5:00
UFC 216: Ferguson vs. Lee,John Moraga,Bibulatov Magomed,Flyweight,0,KO/TKO Punch,1,1:38
UFC 216: Ferguson vs. Lee,Brad Tavares,Thales Leites,Middleweight,0,U-DEC,3,5:00
UFC Fight Night: Saint Preux vs. Okami,Ovince Saint Preux,Yushin Okami,Light Heavyweight,0,SUB Von Flue Choke,1,1:50
UFC Fight Night: Saint Preux vs. Okami,Jessica Andrade,Claudia Gadelha,Women's Strawweight,0,U-DEC,3,5:00
UFC Fight Night: Saint Preux vs. Okami,Dong Hyun Ma,Takanori Gomi,Lightweight,0,KO/TKO Punch,1,1:30
UFC Fight Night: Saint Preux vs. Okami,Gokhan Saki,Henrique da Silva,Light Heavyweight,0,KO/TKO Punch,1,4:45
UFC Fight Night: Saint Preux vs. Okami,Teruto Ishihara,Rolando Dy,Featherweight,0,U-DEC,3,5:00
UFC Fight Night: Saint Preux vs. Okami,Jussier Formiga,Yuta Sasaki,Flyweight,0,SUB Rear Naked Choke,1,4:30
UFC Fight Night: Saint Preux vs. Okami,Keita Nakamura,Alex Morono,Welterweight,0,S-DEC,3,5:00
UFC Fight Night: Saint Preux vs. Okami,Syuri Kondo,Chan-Mi Jeon,Women's Strawweight,0,S-DEC,3,5:00
UFC Fight Night: Saint Preux vs. Okami,Shinsho Anzai,Luke Jumeau,Welterweight,0,U-DEC,3,5:00
UFC Fight Night: Saint Preux vs. Okami,Daichi Abe,Hyun Gyu Lim,Welterweight,0,U-DEC,3,5:00
UFC Fight Night: Rockhold vs. Branch,Luke Rockhold,David Branch,Middleweight,0,KO/TKO Punches,2,4:05
UFC Fight Night: Rockhold vs. Branch,Mike Perry,Alex Reyes,Welterweight,0,KO/TKO Knee,1,1:19
UFC Fight Night: Rockhold vs. Branch,Anthony Smith,Hector Lombard,Middleweight,0,KO/TKO Punches,3,2:33
UFC Fight Night: Rockhold vs. Branch,Gregor Gillespie,Jason Gonzalez,Lightweight,0,SUB Arm Triangle,2,2:11
UFC Fight Night: Rockhold vs. Branch,Kamaru Usman,Sergio Moraes,Welterweight,0,KO/TKO Punch,1,2:48
UFC Fight Night: Rockhold vs. Branch,Justin Ledet,Azunna Anyanwu,Heavyweight,0,S-DEC,3,5:00
UFC Fight Night: Rockhold vs. Branch,Olivier Aubin-Mercier,Anthony Rocco Martin,Lightweight,0,S-DEC,3,5:00
UFC Fight Night: Rockhold vs. Branch,Daniel Spitz,Anthony Hamilton,Heavyweight,0,KO/TKO Punches,1,0:24
UFC Fight Night: Rockhold vs. Branch,Uriah Hall,Krzysztof Jotko,Middleweight,0,KO/TKO Punches,2,2:25
UFC Fight Night: Rockhold vs. Branch,Gilbert Burns,Jason Saggo,Lightweight,0,KO/TKO Punch,2,4:55
UFC 215: Nunes vs Shevchenko 2,Amanda Nunes,Valentina Shevchenko,Women's Bantamweight,1,S-DEC,5,5:00
UFC 215: Nunes vs Shevchenko 2,Rafael Dos Anjos,Neil Magny,Welterweight,0,SUB Arm Triangle,1,3:43
UFC 215: Nunes vs Shevchenko 2,Henry Cejudo,Wilson Reis,Flyweight,0,KO/TKO Punch,2,0:25
UFC 215: Nunes vs Shevchenko 2,Ilir Latifi,Tyson Pedro,Light Heavyweight,0,U-DEC,3,5:00
UFC 215: Nunes vs Shevchenko 2,Jeremy Stephens,Gilbert Melendez,Featherweight,0,U-DEC,3,5:00
UFC 215: Nunes vs Shevchenko 2,Ketlen Vieira,Sara McMann,Women's Bantamweight,0,SUB Arm Triangle,2,4:16
UFC 215: Nunes vs Shevchenko 2,Sarah Moras,Ashlee Evans-Smith,Women's Bantamweight,0,SUB Armbar,1,2:51
UFC 215: Nunes vs Shevchenko 2,Ricky Glenn,Gavin Tucker,Featherweight,0,U-DEC,3,5:00
UFC 215: Nunes vs Shevchenko 2,Alex White,Mitch Clarke,Lightweight,0,KO/TKO Punch,2,4:36
UFC 215: Nunes vs Shevchenko 2,Arjan Bhullar,Luis Henrique,Heavyweight,0,U-DEC,3,5:00
UFC 215: Nunes vs Shevchenko 2,Kajan Johnson,Adriano Martins,Lightweight,0,KO/TKO Punch,3,0:49
UFC Fight Night: Volkov vs. Struve,Alexander Volkov,Stefan Struve,Heavyweight,0,KO/TKO Punch,3,3:30
UFC Fight Night: Volkov vs. Struve,Siyar Bahadurzada,Rob Wilkinson,Middleweight,0,KO/TKO Punch,2,3:10
UFC Fight Night: Volkov vs. Struve,Marion Reneau,Talita Bernardo,Women's Bantamweight,0,KO/TKO Punches,3,4:54
UFC Fight Night: Volkov vs. Struve,Leon Edwards,Bryan Barberena,Welterweight,0,U-DEC,3,5:00
UFC Fight Night: Volkov vs. Struve,Darren Till,Bojan Velickovic,Welterweight,0,U-DEC,3,5:00
UFC Fight Night: Volkov vs. Struve,Mairbek Taisumov,Felipe Silva,Lightweight,0,KO/TKO Punch,1,1:24
UFC Fight Night: Volkov vs. Struve,Michel Prazeres,Mads Burnell,Lightweight,0,SUB North-South Choke,3,1:26
UFC Fight Night: Volkov vs. Struve,Rustam Khabilov,Desmond Green,Lightweight,0,U-DEC,3,5:00
UFC Fight Night: Volkov vs. Struve,Aleksandar Rakic,Francimar Barroso,Light Heavyweight,0,U-DEC,3,5:00
UFC Fight Night: Volkov vs. Struve,Zabit Magomedsharipov,Mike Santiago,Featherweight,0,SUB Rear Naked Choke,2,4:22
UFC Fight Night: Volkov vs. Struve,Abdul-Kerim Edilov,Bojan Mihajlovic,Light Heavyweight,0,KO/TKO Punches,2,2:32
UFC Fight Night: Volkov vs. Struve,Thibault Gouti,Andrew Holbrook,Lightweight,0,KO/TKO Punches,1,4:28
UFC Fight Night: Pettis vs. Moreno,Sergio Pettis,Brandon Moreno,Flyweight,0,U-DEC,5,5:00
UFC Fight Night: Pettis vs. Moreno,Alexa Grasso,Randa Markos,Women's Strawweight,0,S-DEC,3,5:00
UFC Fight Night: Pettis vs. Moreno,Niko Price,Alan Jouban,Welterweight,0,KO/TKO Punch,1,1:44
UFC Fight Night: Pettis vs. Moreno,Humberto Bandenay,Martin Bravo,Featherweight,0,KO/TKO Kick,1,0:26
UFC Fight Night: Pettis vs. Moreno,Sam Alvey,Rashad Evans,Middleweight,0,S-DEC,3,5:00
UFC Fight Night: Pettis vs. Moreno,Alejandro Perez,Andre Soukhamthath,Bantamweight,0,S-DEC,3,5:00
UFC Fight Night: Pettis vs. Moreno,Jack Hermansson,Brad Scott,Middleweight,0,KO/TKO Punch,1,3:50
UFC Fight Night: Pettis vs. Moreno,Dustin Ortiz,Hector Sandoval,Flyweight,0,KO/TKO Punch,1,0:15
UFC Fight Night: Pettis vs. Moreno,Rani Yahya,Henry Briones,Bantamweight,0,SUB Kimura,1,2:01
UFC Fight Night: Pettis vs. Moreno,Jose Quinonez,Diego Rivas,Bantamweight,0,U-DEC,3,5:00
UFC Fight Night: Pettis vs. Moreno,Joseph Morales,Robert Sanchez,Flyweight,0,SUB Rear Naked Choke,1,3:56
UFC Fight Night: Pettis vs. Moreno,Jordan Rinaldi,Alvaro Herrera Mendoza,Lightweight,0,SUB Von Flue Choke,1,2:01
UFC 214: Cormier vs. Jones 2,Daniel Cormier,Jon Jones,Light Heavyweight,1,Overturned Kick,3,3:01
UFC 214: Cormier vs. Jones 2,Tyron Woodley,Demian Maia,Welterweight,1,U-DEC,5,5:00
UFC 214: Cormier vs. Jones 2,Cristiane Justino,Tonya Evinger,Women's Featherweight,1,KO/TKO Knees,3,1:56
UFC 214: Cormier vs. Jones 2,Robbie Lawler,Donald Cerrone,Welterweight,0,U-DEC,3,5:00
UFC 214: Cormier vs. Jones 2,Volkan Oezdemir,Jimi Manuwa,Light Heavyweight,0,KO/TKO Punches,1,0:42
UFC 214: Cormier vs. Jones 2,Ricardo Lamas,Jason Knight,Featherweight,0,KO/TKO Punches,1,4:34
UFC 214: Cormier vs. Jones 2,Aljamain Sterling,Renan Barao,Catch Weight,0,U-DEC,3,5:00
UFC 214: Cormier vs. Jones 2,Brian Ortega,Renato Moicano,Featherweight,0,SUB Guillotine Choke,3,2:59
UFC 214: Cormier vs. Jones 2,Calvin Kattar,Andre Fili,Featherweight,0,U-DEC,3,5:00
UFC 214: Cormier vs. Jones 2,Aleksandra Albu,Kailin Curran,Women's Strawweight,0,U-DEC,3,5:00
UFC 214: Cormier vs. Jones 2,Jarred Brooks,Eric Shelton,Flyweight,0,S-DEC,3,5:00
UFC 214: Cormier vs. Jones 2,Drew Dober,Joshua Burkman,Lightweight,0,KO/TKO Punch,1,3:04
UFC Fight Night: Weidman vs. Gastelum,Chris Weidman,Kelvin Gastelum,Middleweight,0,SUB Arm Triangle,3,3:45
UFC Fight Night: Weidman vs. Gastelum,Darren Elkins,Dennis Bermudez,Featherweight,0,S-DEC,3,5:00
UFC Fight Night: Weidman vs. Gastelum,Patrick Cummins,Gian Villante,Light Heavyweight,0,S-DEC,3,5:00
UFC Fight Night: Weidman vs. Gastelum,Jimmie Rivera,Thomas Almeida,Bantamweight,0,U-DEC,3,5:00
UFC Fight Night: Weidman vs. Gastelum,Elizeu Zaleski dos Santos,Lyman Good,Welterweight,0,S-DEC,3,5:00
UFC Fight Night: Weidman vs. Gastelum,Eryk Anders,Rafael Natal,Middleweight,0,KO/TKO Punch,1,2:54
UFC Fight Night: Weidman vs. Gastelum,Alex Oliveira,Ryan LaFlare,Welterweight,0,KO/TKO Punch,2,1:50
UFC Fight Night: Weidman vs. Gastelum,Chase Sherman,Damian Grabowski,Heavyweight,0,U-DEC,3,5:00
UFC Fight Night: Weidman vs. Gastelum,Jeremy Kennedy,Kyle Bochniak,Featherweight,0,U-DEC,3,5:00
UFC Fight Night: Weidman vs. Gastelum,Marlon Vera,Brian Kelleher,Bantamweight,0,SUB Armbar,1,2:18
UFC Fight Night: Weidman vs. Gastelum,Junior Albini,Timothy Johnson,Heavyweight,0,KO/TKO Punch,1,2:51
UFC Fight Night: Weidman vs. Gastelum,Shane Burgos,Godofredo Pepey,Featherweight,0,U-DEC,3,5:00
UFC Fight Night: Weidman vs. Gastelum,Chris Wade,Frankie Perez,Lightweight,0,U-DEC,3,5:00
UFC Fight Night: Nelson vs. Ponzinibbio,Santiago Ponzinibbio,Gunnar Nelson,Welterweight,0,KO/TKO Punches,1,1:22
UFC Fight Night: Nelson vs. Ponzinibbio,Cynthia Calvillo,Joanne Wood,Women's Strawweight,0,U-DEC,3,5:00
UFC Fight Night: Nelson vs. Ponzinibbio,Paul Felder,Stevie Ray,Lightweight,0,KO/TKO Elbow,1,3:57
UFC Fight Night: Nelson vs. Ponzinibbio,Jack Marshman,Ryan Janes,Middleweight,0,U-DEC,3,5:00
UFC Fight Night: Nelson vs. Ponzinibbio,Khalil Rountree Jr.,Paul Craig,Light Heavyweight,0,KO/TKO Punch,1,4:56
UFC Fight Night: Nelson vs. Ponzinibbio,Justin Willis,James Mulheron,Heavyweight,0,U-DEC,3,5:00
UFC Fight Night: Nelson vs. Ponzinibbio,Danny Roberts,Bobby Nash,Welterweight,0,KO/TKO Punch,2,3:59
UFC Fight Night: Nelson vs. Ponzinibbio,Alexandre Pantoja,Neil Seery,Flyweight,0,SUB Rear Naked Choke,3,2:31
UFC Fight Night: Nelson vs. Ponzinibbio,Galore Bofando,Charlie Ward,Welterweight,0,KO/TKO Slam,1,2:10
UFC Fight Night: Nelson vs. Ponzinibbio,Danny Henry,Daniel Teymur,Lightweight,0,U-DEC,3,5:00
UFC Fight Night: Nelson vs. Ponzinibbio,Brett Johns,Albert Morales,Bantamweight,0,U-DEC,3,5:00
UFC Fight Night: Nelson vs. Ponzinibbio,Leslie Smith,Amanda Lemos,Women's Bantamweight,0,KO/TKO Elbows,2,2:53
UFC 213: Romero vs. Whittaker,Robert Whittaker,Yoel Romero,Middleweight,1,U-DEC,5,5:00
UFC 213: Romero vs. Whittaker,Alistair Overeem,Fabricio Werdum,Heavyweight,0,M-DEC,3,5:00
UFC 213: Romero vs. Whittaker,Curtis Blaydes,Daniel Omielanczuk,Heavyweight,0,U-DEC,3,5:00
UFC 213: Romero vs. Whittaker,Anthony Pettis,Jim Miller,Lightweight,0,U-DEC,3,5:00
UFC 213: Romero vs. Whittaker,Rob Font,Douglas Silva de Andrade,Bantamweight,0,SUB Guillotine Choke,2,4:36
UFC 213: Romero vs. Whittaker,Aleksei Oleinik,Travis Browne,Heavyweight,0,SUB Rear Naked Choke,2,3:44
UFC 213: Romero vs. Whittaker,Chad Laprise,Brian Camozzi,Welterweight,0,KO/TKO Punch,3,1:27
UFC 213: Romero vs. Whittaker,Thiago Santos,Gerald Meerschaert,Middleweight,0,KO/TKO Punches,2,2:04
UFC 213: Romero vs. Whittaker,Belal Muhammad,Jordan Mein,Welterweight,0,U-DEC,3,5:00
UFC 213: Romero vs. Whittaker,Cody Stamann,Terrion Ware,Featherweight,0,U-DEC,3,5:00
UFC 213: Romero vs. Whittaker,Trevin Giles,James Bochnovic,Light Heavyweight,0,KO/TKO Punch,2,2:54
The Ultimate Fighter: Redemption Finale,Justin Gaethje,Michael Johnson,Lightweight,0,KO/TKO Knees,2,4:48
The Ultimate Fighter: Redemption Finale,Jesse Taylor,Dhiego Lima,Welterweight,1,SUB Rear Naked Choke,2,0:43
The Ultimate Fighter: Redemption Finale,Drakkar Klose,Marc Diakiese,Lightweight,0,S-DEC,3,5:00
The Ultimate Fighter: Redemption Finale,Jared Cannonier,Nick Roehrick,Light Heavyweight,0,KO/TKO Elbows,3,2:08
The Ultimate Fighter: Redemption Finale,Brad Tavares,Elias Theodorou,Middleweight,0,U-DEC,3,5:00
The Ultimate Fighter: Redemption Finale,Jordan Johnson,Marcel Fortuna,Light Heavyweight,0,U-DEC,3,5:00
The Ultimate Fighter: Redemption Finale,Angela Hill,Ashley Yoder,Women's Strawweight,0,U-DEC,3,5:00
The Ultimate Fighter: Redemption Finale,James Krause,Tom Gallicchio,Welterweight,0,U-DEC,3,5:00
The Ultimate Fighter: Redemption Finale,CB Dollaway,Ed Herman,Light Heavyweight,0,U-DEC,3,5:00
The Ultimate Fighter: Redemption Finale,Tecia Pennington,Juliana Lima,Women's Strawweight,0,SUB Rear Naked Choke,2,0:53
The Ultimate Fighter: Redemption Finale,Gray Maynard,Teruto Ishihara,Featherweight,0,U-DEC,3,5:00
UFC Fight Night: Chiesa vs. Lee,Kevin Lee,Michael Chiesa,Lightweight,0,SUB Rear Naked Choke,1,4:37
UFC Fight Night: Chiesa vs. Lee,Tim Boetsch,Johny Hendricks,Middleweight,0,KO/TKO Punches,2,0:46
UFC Fight Night: Chiesa vs. Lee,Felice Herrig,Justine Kish,Women's Strawweight,0,U-DEC,3,5:00
UFC Fight Night: Chiesa vs. Lee,Dominick Reyes,Joachim Christensen,Light Heavyweight,0,KO/TKO Punches,1,0:29
UFC Fight Night: Chiesa vs. Lee,Tim Means,Alex Garcia,Welterweight,0,U-DEC,3,5:00
UFC Fight Night: Chiesa vs. Lee,Dennis Siver,BJ Penn,Featherweight,0,M-DEC,3,5:00
UFC Fight Night: Chiesa vs. Lee,Clay Guida,Erik Koch,Lightweight,0,U-DEC,3,5:00
UFC Fight Night: Chiesa vs. Lee,Marvin Vettori,Vitor Miranda,Middleweight,0,U-DEC,3,5:00
UFC Fight Night: Chiesa vs. Lee,Carla Esparza,Maryna Moroz,Women's Strawweight,0,U-DEC,3,5:00
UFC Fight Night: Chiesa vs. Lee,Darrell Horcher,Devin Powell,Lightweight,0,S-DEC,3,5:00
UFC Fight Night: Chiesa vs. Lee,Jared Gordon,Michel Quinones,Featherweight,0,KO/TKO Punches,2,4:24
UFC Fight Night: Chiesa vs. Lee,Anthony Rocco Martin,Johnny Case,Lightweight,0,U-DEC,3,5:00
UFC Fight Night: Chiesa vs. Lee,Jeremy Kimball,Josh Stansbury,Light Heavyweight,0,KO/TKO Punches,1,1:21
UFC Fight Night: Holm vs. Correia,Holly Holm,Bethe Correia,Women's Bantamweight,0,KO/TKO Kick,3,1:09
UFC Fight Night: Holm vs. Correia,Marcin Tybura,Andrei Arlovski,Heavyweight,0,U-DEC,3,5:00
UFC Fight Night: Holm vs. Correia,Colby Covington,Dong Hyun Kim,Welterweight,0,U-DEC,3,5:00
UFC Fight Night: Holm vs. Correia,Rafael Dos Anjos,Tarec Saffiedine,Welterweight,0,U-DEC,3,5:00
UFC Fight Night: Holm vs. Correia,Jon Tuck,Takanori Gomi,Lightweight,0,SUB Rear Naked Choke,1,1:12
UFC Fight Night: Holm vs. Correia,Walt Harris,Cyril Asker,Heavyweight,0,KO/TKO Elbows,1,1:44
UFC Fight Night: Holm vs. Correia,Alex Caceres,Rolando Dy,Featherweight,0,KO/TKO,2,5:00
UFC Fight Night: Holm vs. Correia,Yuta Sasaki,Justin Scoggins,Flyweight,0,SUB Rear Naked Choke,2,3:19
UFC Fight Night: Holm vs. Correia,Li Jingliang,Frank Camacho,Welterweight,0,U-DEC,3,5:00
UFC Fight Night: Holm vs. Correia,Russell Doane,Kwan Ho Kwak,Bantamweight,0,KO/TKO Punches,1,4:09
UFC Fight Night: Holm vs. Correia,Naoki Inoue,Carls John De Tomas,Flyweight,0,U-DEC,3,5:00
UFC Fight Night: Holm vs. Correia,Lucie Pudilova,Ji Yeon Kim,Women's Bantamweight,0,U-DEC,3,5:00
UFC Fight Night: Lewis vs. Hunt,Mark Hunt,Derrick Lewis,Heavyweight,0,KO/TKO Punches,4,3:51
UFC Fight Night: Lewis vs. Hunt,Derek Brunson,Daniel Kelly,Middleweight,0,KO/TKO Punch,1,1:16
UFC Fight Night: Lewis vs. Hunt,Dan Hooker,Ross Pearson,Lightweight,0,KO/TKO Knee,2,3:02
UFC Fight Night: Lewis vs. Hunt,Ion Cutelaba,Henrique da Silva,Light Heavyweight,0,KO/TKO Punch,1,0:22
UFC Fight Night: Lewis vs. Hunt,Ben Nguyen,Tim Elliott,Flyweight,0,SUB Rear Naked Choke,1,0:49
UFC Fight Night: Lewis vs. Hunt,Alexander Volkanovski,Mizuto Hirota,Featherweight,0,U-DEC,3,5:00
UFC Fight Night: Lewis vs. Hunt,Vinc Pichel,Damien Brown,Lightweight,0,KO/TKO Punch,1,3:37
UFC Fight Night: Lewis vs. Hunt,Luke Jumeau,Dominique Steele,Welterweight,0,U-DEC,3,5:00
UFC Fight Night: Lewis vs. Hunt,John Moraga,Ashkan Mokhtarian,Flyweight,0,U-DEC,3,5:00
UFC Fight Night: Lewis vs. Hunt,Zak Ottow,Kiichi Kunimoto,Welterweight,0,S-DEC,3,5:00
UFC Fight Night: Lewis vs. Hunt,JJ Aldrich,Chan-Mi Jeon,Women's Strawweight,0,U-DEC,3,5:00
UFC 212: Aldo vs. Holloway,Max Holloway,Jose Aldo,Featherweight,1,KO/TKO Punches,3,4:13
UFC 212: Aldo vs. Holloway,Claudia Gadelha,Karolina Kowalkiewicz,Women's Strawweight,0,SUB Rear Naked Choke,1,3:03
UFC 212: Aldo vs. Holloway,Vitor Belfort,Nate Marquardt,Middleweight,0,U-DEC,3,5:00
UFC 212: Aldo vs. Holloway,Paulo Costa,Oluwale Bamgbose,Middleweight,0,KO/TKO Punches,2,1:06
UFC 212: Aldo vs. Holloway,Yancy Medeiros,Erick Silva,Welterweight,0,KO/TKO Punch,2,2:01
UFC 212: Aldo vs. Holloway,Raphael Assuncao,Marlon Moraes,Bantamweight,0,S-DEC,3,5:00
UFC 212: Aldo vs. Holloway,Antonio Carlos Junior,Eric Spicely,Middleweight,0,SUB Rear Naked Choke,2,3:49
UFC 212: Aldo vs. Holloway,Matthew Lopez,Johnny Eduardo,Bantamweight,0,KO/TKO Punches,1,2:57
UFC 212: Aldo vs. Holloway,Brian Kelleher,Iuri Alcantara,Bantamweight,0,SUB Guillotine Choke,1,1:48
UFC 212: Aldo vs. Holloway,Viviane Pereira,Jamie Moyle,Women's Strawweight,0,U-DEC,3,5:00
UFC 212: Aldo vs. Holloway,Luan Chagas,Jim Wallhead,Welterweight,0,SUB Rear Naked Choke,2,4:48
UFC 212: Aldo vs. Holloway,Deiveson Figueiredo,Marco Beltran,Flyweight,0,KO/TKO,2,5:00
UFC Fight Night: Gustafsson vs. Teixeira,Alexander Gustafsson,Glover Teixeira,Light Heavyweight,0,KO/TKO Punches,5,1:07
UFC Fight Night: Gustafsson vs. Teixeira,Volkan Oezdemir,Misha Cirkunov,Light Heavyweight,0,KO/TKO Punch,1,0:28
UFC Fight Night: Gustafsson vs. Teixeira,Peter Sobotta,Ben Saunders,Welterweight,0,KO/TKO Knee,2,2:29
UFC Fight Night: Gustafsson vs. Teixeira,Omari Akhmedov,Abdul Razak Alhassan,Welterweight,0,S-DEC,3,5:00
UFC Fight Night: Gustafsson vs. Teixeira,Nordine Taleb,Oliver Enkamp,Welterweight,0,U-DEC,3,5:00
UFC Fight Night: Gustafsson vs. Teixeira,Jack Hermansson,Alex Nicholson,Middleweight,0,KO/TKO Punches,1,2:00
UFC Fight Night: Gustafsson vs. Teixeira,Pedro Munhoz,Damian Stasiak,Bantamweight,0,U-DEC,3,5:00
UFC Fight Night: Gustafsson vs. Teixeira,Trevor Smith,Chris Camozzi,Middleweight,0,U-DEC,3,5:00
UFC Fight Night: Gustafsson vs. Teixeira,Joaquim Silva,Reza Madadi,Lightweight,0,S-DEC,3,5:00
UFC Fight Night: Gustafsson vs. Teixeira,Bojan Velickovic,Nicholas Musoke,Welterweight,0,KO/TKO Punch,3,4:37
UFC Fight Night: Gustafsson vs. Teixeira,Darren Till,Jessin Ayari,Welterweight,0,U-DEC,3,5:00
UFC Fight Night: Gustafsson vs. Teixeira,Damir Hadzovic,Marcin Held,Lightweight,0,KO/TKO Knee,3,0:07
UFC 211: Miocic vs. Dos Santos,Stipe Miocic,Junior Dos Santos,Heavyweight,1,KO/TKO Punch,1,2:22
UFC 211: Miocic vs. Dos Santos,Joanna Jedrzejczyk,Jessica Andrade,Women's Strawweight,1,U-DEC,5,5:00
UFC 211: Miocic vs. Dos Santos,Demian Maia,Jorge Masvidal,Welterweight,0,S-DEC,3,5:00
UFC 211: Miocic vs. Dos Santos,Frankie Edgar,Yair Rodriguez,Featherweight,0,KO/TKO,2,5:00
UFC 211: Miocic vs. Dos Santos,David Branch,Krzysztof Jotko,Middleweight,0,S-DEC,3,5:00
UFC 211: Miocic vs. Dos Santos,Eddie Alvarez,Dustin Poirier,Lightweight,0,CNC,2,4:02
UFC 211: Miocic vs. Dos Santos,Jason Knight,Chas Skelly,Featherweight,0,KO/TKO Punch,3,0:39
UFC 211: Miocic vs. Dos Santos,Chase Sherman,Rashad Coulter,Heavyweight,0,KO/TKO Elbow,2,3:36
UFC 211: Miocic vs. Dos Santos,James Vick,Marco Polo Reyes,Lightweight,0,KO/TKO Punch,1,2:39
UFC 211: Miocic vs. Dos Santos,Cortney Casey,Jessica Aguilar,Women's Strawweight,0,U-DEC,3,5:00
UFC 211: Miocic vs. Dos Santos,Enrique Barzola,Gabriel Benitez,Featherweight,0,U-DEC,3,5:00
UFC 211: Miocic vs. Dos Santos,Gadzhimurad Antigulov,Joachim Christensen,Light Heavyweight,0,SUB Rear Naked Choke,1,2:21
UFC Fight Night: Swanson vs. Lobov,Cub Swanson,Artem Lobov,Featherweight,0,U-DEC,5,5:00
UFC Fight Night: Swanson vs. Lobov,Al Iaquinta,Diego Sanchez,Lightweight,0,KO/TKO Punch,1,1:38
UFC Fight Night: Swanson vs. Lobov,Ovince Saint Preux,Marcos Rogerio de Lima,Light Heavyweight,0,SUB Von Flue Choke,2,2:11
UFC Fight Night: Swanson vs. Lobov,John Dodson,Eddie Wineland,Bantamweight,0,U-DEC,3,5:00
UFC Fight Night: Swanson vs. Lobov,Stevie Ray,Joe Lauzon,Lightweight,0,M-DEC,3,5:00
UFC Fight Night: Swanson vs. Lobov,Mike Perry,Jake Ellenberger,Welterweight,0,KO/TKO Elbow,2,1:05
UFC Fight Night: Swanson vs. Lobov,Thales Leites,Sam Alvey,Middleweight,0,U-DEC,3,5:00
UFC Fight Night: Swanson vs. Lobov,Brandon Moreno,Dustin Ortiz,Flyweight,0,SUB Rear Naked Choke,2,4:06
UFC Fight Night: Swanson vs. Lobov,Scott Holtzman,Michael McBride,Lightweight,0,U-DEC,3,5:00
UFC Fight Night: Swanson vs. Lobov,Danielle Taylor,Jessica Penne,Women's Strawweight,0,U-DEC,3,5:00
UFC Fight Night: Swanson vs. Lobov,Alexis Davis,Cindy Dandois,Women's Bantamweight,0,U-DEC,3,5:00
UFC Fight Night: Swanson vs. Lobov,Bryan Barberena,Joe Proctor,Welterweight,0,KO/TKO Punch,1,3:30
UFC Fight Night: Swanson vs. Lobov,Hector Sandoval,Matt Schnell,Flyweight,0,KO/TKO Punch,1,4:24
UFC on FOX: Johnson vs. Reis,Demetrious Johnson,Wilson Reis,Flyweight,1,SUB Armbar,3,4:49
UFC on FOX: Johnson vs. Reis,Rose Namajunas,Michelle Waterson-Gomez,Women's Strawweight,0,SUB Rear Naked Choke,2,2:47
UFC on FOX: Johnson vs. Reis,Robert Whittaker,Jacare Souza,Middleweight,0,KO/TKO Kick,2,3:28
UFC on FOX: Johnson vs. Reis,Renato Moicano,Jeremy Stephens,Featherweight,0,S-DEC,3,5:00
UFC on FOX: Johnson vs. Reis,Alexander Volkov,Roy Nelson,Heavyweight,0,U-DEC,3,5:00
UFC on FOX: Johnson vs. Reis,Tom Duquesnoy,Patrick Williams,Bantamweight,0,KO/TKO Elbows,2,0:28
UFC on FOX: Johnson vs. Reis,Rashid Magomedov,King Green,Lightweight,0,S-DEC,3,5:00
UFC on FOX: Johnson vs. Reis,Tim Elliott,Louis Smolka,Flyweight,0,U-DEC,3,5:00
UFC on FOX: Johnson vs. Reis,Aljamain Sterling,Augusto Mendes,Bantamweight,0,U-DEC,3,5:00
UFC on FOX: Johnson vs. Reis,Devin Clark,Jake Collier,Light Heavyweight,0,U-DEC,3,5:00
UFC on FOX: Johnson vs. Reis,Anthony Smith,Andrew Sanchez,Middleweight,0,KO/TKO Kick,3,3:52
UFC on FOX: Johnson vs. Reis,Zak Cummings,Nathan Coy,Welterweight,0,SUB Guillotine Choke,1,4:21
UFC on FOX: Johnson vs. Reis,Ketlen Vieira,Ashlee Evans-Smith,Women's Bantamweight,0,U-DEC,3,5:00
UFC 210: Cormier vs. Johnson 2,Daniel Cormier,Anthony Johnson,Light Heavyweight,1,SUB Rear Naked Choke,2,3:37
UFC 210: Cormier vs. Johnson 2,Gegard Mousasi,Chris Weidman,Middleweight,0,KO/TKO Knee,2,3:13
UFC 210: Cormier vs. Johnson 2,Cynthia Calvillo,Pearl Gonzalez,Women's Strawweight,0,SUB Rear Naked Choke,3,3:45
UFC 210: Cormier vs. Johnson 2,Thiago Alves,Patrick Cote,Welterweight,0,U-DEC,3,5:00
UFC 210: Cormier vs. Johnson 2,Charles Oliveira,Will Brooks,Lightweight,0,SUB Rear Naked Choke,1,2:30
UFC 210: Cormier vs. Johnson 2,Myles Jury,Mike de la Torre,Featherweight,0,KO/TKO Punches,1,3:30
UFC 210: Cormier vs. Johnson 2,Kamaru Usman,Sean Strickland,Welterweight,0,U-DEC,3,5:00
UFC 210: Cormier vs. Johnson 2,Shane Burgos,Charles Rosa,Featherweight,0,KO/TKO Punch,3,1:59
UFC 210: Cormier vs. Johnson 2,Patrick Cummins,Jan Blachowicz,Light Heavyweight,0,U-DEC,3,5:00
UFC 210: Cormier vs. Johnson 2,Gregor Gillespie,Andrew Holbrook,Lightweight,0,KO/TKO Punch,1,0:21
UFC 210: Cormier vs. Johnson 2,Desmond Green,Josh Emmett,Lightweight,0,S-DEC,3,5:00
UFC 210: Cormier vs. Johnson 2,Katlyn Cerminara,Irene Aldana,Women's Bantamweight,0,S-DEC,3,5:00
UFC 210: Cormier vs. Johnson 2,Bibulatov Magomed,Jenel Lausa,Flyweight,0,U-DEC,3,5:00
UFC Fight Night: Manuwa vs. Anderson,Jimi Manuwa,Corey Anderson,Light Heavyweight,0,KO/TKO Punch,1,3:05
UFC Fight Night: Manuwa vs. Anderson,Gunnar Nelson,Alan Jouban,Welterweight,0,SUB Guillotine Choke,2,0:46
UFC Fight Night: Manuwa vs. Anderson,Marlon Vera,Brad Pickett,Catch Weight,0,KO/TKO Kick,3,3:50
UFC Fight Night: Manuwa vs. Anderson,Arnold Allen,Makwan Amirkhani,Featherweight,0,S-DEC,3,5:00
UFC Fight Night: Manuwa vs. Anderson,Joe Duffy,Reza Madadi,Lightweight,0,U-DEC,3,5:00
UFC Fight Night: Manuwa vs. Anderson,Francimar Barroso,Darren Stewart,Light Heavyweight,0,U-DEC,3,5:00
UFC Fight Night: Manuwa vs. Anderson,Timothy Johnson,Daniel Omielanczuk,Heavyweight,0,S-DEC,3,5:00
UFC Fight Night: Manuwa vs. Anderson,Leon Edwards,Vicente Luque,Welterweight,0,U-DEC,3,5:00
UFC Fight Night: Manuwa vs. Anderson,Marc Diakiese,Teemu Packalen,Lightweight,0,KO/TKO Punch,1,0:30
UFC Fight Night: Manuwa vs. Anderson,Brad Scott,Scott Askham,Middleweight,0,S-DEC,3,5:00
UFC Fight Night: Manuwa vs. Anderson,Lina Lansberg,Lucie Pudilova,Women's Bantamweight,0,U-DEC,3,5:00
UFC Fight Night: Belfort vs. Gastelum,Vitor Belfort,Kelvin Gastelum,Middleweight,0,Overturned Punch,1,3:52
UFC Fight Night: Belfort vs. Gastelum,Mauricio Rua,Gian Villante,Light Heavyweight,0,KO/TKO Punch,3,0:59
UFC Fight Night: Belfort vs. Gastelum,Edson Barboza,Beneil Dariush,Lightweight,0,KO/TKO Flying Knee,2,3:35
UFC Fight Night: Belfort vs. Gastelum,Ray Borg,Jussier Formiga,Flyweight,0,U-DEC,3,5:00
UFC Fight Night: Belfort vs. Gastelum,Bethe Correia,Marion Reneau,Women's Bantamweight,0,M-DEC,3,5:00
UFC Fight Night: Belfort vs. Gastelum,Alex Oliveira,Tim Means,Welterweight,0,SUB Rear Naked Choke,2,2:38
UFC Fight Night: Belfort vs. Gastelum,Kevin Lee,Francisco Trinaldo,Lightweight,0,SUB Rear Naked Choke,2,3:12
UFC Fight Night: Belfort vs. Gastelum,Sergio Moraes,Davi Ramos,Welterweight,0,U-DEC,3,5:00
UFC Fight Night: Belfort vs. Gastelum,Joe Soto,Rani Yahya,Bantamweight,0,U-DEC,3,5:00
UFC Fight Night: Belfort vs. Gastelum,Michel Prazeres,Joshua Burkman,Lightweight,0,SUB North-South Choke,1,1:42
UFC Fight Night: Belfort vs. Gastelum,Jeremy Kennedy,Rony Jason,Featherweight,0,U-DEC,3,5:00
UFC Fight Night: Belfort vs. Gastelum,Paulo Costa,Garreth McLellan,Middleweight,0,KO/TKO Punch,1,1:17
UFC 209: Woodley vs. Thompson 2,Tyron Woodley,Stephen Thompson,Welterweight,1,M-DEC,5,5:00
UFC 209: Woodley vs. Thompson 2,David Teymur,Lando Vannata,Lightweight,0,U-DEC,3,5:00
UFC 209: Woodley vs. Thompson 2,Daniel Kelly,Rashad Evans,Middleweight,0,S-DEC,3,5:00
UFC 209: Woodley vs. Thompson 2,Cynthia Calvillo,Amanda Cooper,Women's Strawweight,0,SUB Rear Naked Choke,1,3:19
UFC 209: Woodley vs. Thompson 2,Alistair Overeem,Mark Hunt,Heavyweight,0,KO/TKO Knees,3,1:44
UFC 209: Woodley vs. Thompson 2,Marcin Tybura,Luis Henrique,Heavyweight,0,KO/TKO Punches,3,3:46
UFC 209: Woodley vs. Thompson 2,Darren Elkins,Mirsad Bektic,Featherweight,0,KO/TKO Kick,3,3:19
UFC 209: Woodley vs. Thompson 2,Iuri Alcantara,Luke Sanders,Bantamweight,0,SUB Kneebar,2,3:13
UFC 209: Woodley vs. Thompson 2,Mark Godbeer,Daniel Spitz,Heavyweight,0,U-DEC,3,5:00
UFC 209: Woodley vs. Thompson 2,Tyson Pedro,Paul Craig,Light Heavyweight,0,KO/TKO Elbows,1,4:10
UFC 209: Woodley vs. Thompson 2,Albert Morales,Andre Soukhamthath,Bantamweight,0,S-DEC,3,5:00
UFC Fight Night: Lewis vs. Browne,Derrick Lewis,Travis Browne,Heavyweight,0,KO/TKO Punch,2,3:12
UFC Fight Night: Lewis vs. Browne,Johny Hendricks,Hector Lombard,Middleweight,0,U-DEC,3,5:00
UFC Fight Night: Lewis vs. Browne,Gavin Tucker,Sam Sicilia,Featherweight,0,U-DEC,3,5:00
UFC Fight Night: Lewis vs. Browne,Elias Theodorou,Cezar Ferreira,Middleweight,0,U-DEC,3,5:00
UFC Fight Night: Lewis vs. Browne,Sara McMann,Gina Mazany,Women's Bantamweight,0,SUB Arm Triangle,1,1:14
UFC Fight Night: Lewis vs. Browne,Paul Felder,Alex Ricci,Lightweight,0,KO/TKO Elbow,1,4:44
UFC Fight Night: Lewis vs. Browne,Santiago Ponzinibbio,Nordine Taleb,Welterweight,0,U-DEC,3,5:00
UFC Fight Night: Lewis vs. Browne,Randa Markos,Carla Esparza,Women's Strawweight,0,S-DEC,3,5:00
UFC Fight Night: Lewis vs. Browne,Aiemann Zahabi,Reginaldo Vieira,Bantamweight,0,U-DEC,3,5:00
UFC Fight Night: Lewis vs. Browne,Thiago Santos,Jack Marshman,Middleweight,0,KO/TKO Kick,2,2:21
UFC Fight Night: Lewis vs. Browne,Gerald Meerschaert,Ryan Janes,Middleweight,0,SUB Armbar,1,1:34
UFC 208: Holm vs. De Randamie,Germaine de Randamie,Holly Holm,Women's Featherweight,1,U-DEC,5,5:00
UFC 208: Holm vs. De Randamie,Anderson Silva,Derek Brunson,Middleweight,0,U-DEC,3,5:00
UFC 208: Holm vs. De Randamie,Jacare Souza,Tim Boetsch,Middleweight,0,SUB Kimura,1,3:41
UFC 208: Holm vs. De Randamie,Glover Teixeira,Jared Cannonier,Light Heavyweight,0,U-DEC,3,5:00
UFC 208: Holm vs. De Randamie,Dustin Poirier,Jim Miller,Lightweight,0,M-DEC,3,5:00
UFC 208: Holm vs. De Randamie,Belal Muhammad,Randy Brown,Welterweight,0,U-DEC,3,5:00
UFC 208: Holm vs. De Randamie,Wilson Reis,Yuta Sasaki,Flyweight,0,U-DEC,3,5:00
UFC 208: Holm vs. De Randamie,Islam Makhachev,Nik Lentz,Lightweight,0,U-DEC,3,5:00
UFC 208: Holm vs. De Randamie,Ricky Glenn,Phillipe Nover,Featherweight,0,S-DEC,3,5:00
UFC 208: Holm vs. De Randamie,Ryan LaFlare,Roan Carneiro,Welterweight,0,U-DEC,3,5:00
UFC Fight Night: Bermudez vs. The Korean Zombie,Chan Sung Jung,Dennis Bermudez,Featherweight,0,KO/TKO Punch,1,2:29
UFC Fight Night: Bermudez vs. The Korean Zombie,Felice Herrig,Alexa Grasso,Women's Strawweight,0,U-DEC,3,5:00
UFC Fight Night: Bermudez vs. The Korean Zombie,James Vick,Abel Trujillo,Lightweight,0,SUB D'Arce Choke,3,0:49
UFC Fight Night: Bermudez vs. The Korean Zombie,Volkan Oezdemir,Ovince Saint Preux,Light Heavyweight,0,S-DEC,3,5:00
UFC Fight Night: Bermudez vs. The Korean Zombie,Marcel Fortuna,Anthony Hamilton,Heavyweight,0,KO/TKO Punch,1,3:10
UFC Fight Night: Bermudez vs. The Korean Zombie,Jessica Andrade,Angela Hill,Women's Strawweight,0,U-DEC,3,5:00
UFC Fight Night: Bermudez vs. The Korean Zombie,Adam Milstead,Curtis Blaydes,Heavyweight,0,Overturned,2,0:59
UFC Fight Night: Bermudez vs. The Korean Zombie,Chas Skelly,Chris Gruetzemacher,Featherweight,0,SUB Rear Naked Choke,2,2:01
UFC Fight Night: Bermudez vs. The Korean Zombie,Ricardo Ramos,Michinori Tanaka,Bantamweight,0,U-DEC,3,5:00
UFC Fight Night: Bermudez vs. The Korean Zombie,Tecia Pennington,Bec Rawlings,Women's Strawweight,0,U-DEC,3,5:00
UFC Fight Night: Bermudez vs. The Korean Zombie,Alex Morono,Niko Price,Welterweight,0,Overturned Punch,2,5:00
UFC Fight Night: Bermudez vs. The Korean Zombie,Khalil Rountree Jr.,Daniel Jolly,Light Heavyweight,0,KO/TKO Knees,1,0:52
UFC on FOX: Shevchenko vs. Pena,Valentina Shevchenko,Julianna Pena,Women's Bantamweight,0,SUB Armbar,2,4:29
UFC on FOX: Shevchenko vs. Pena,Jorge Masvidal,Donald Cerrone,Welterweight,0,KO/TKO Punches,2,1:00
UFC on FOX: Shevchenko vs. Pena,Francis Ngannou,Andrei Arlovski,Heavyweight,0,KO/TKO Punch,1,1:32
UFC on FOX: Shevchenko vs. Pena,Jason Knight,Alex Caceres,Featherweight,0,SUB Rear Naked Choke,2,4:21
UFC on FOX: Shevchenko vs. Pena,Sam Alvey,Nate Marquardt,Middleweight,0,U-DEC,3,5:00
UFC on FOX: Shevchenko vs. Pena,Raphael Assuncao,Aljamain Sterling,Bantamweight,0,S-DEC,3,5:00
UFC on FOX: Shevchenko vs. Pena,Li Jingliang,Bobby Nash,Welterweight,0,KO/TKO Punch,2,4:45
UFC on FOX: Shevchenko vs. Pena,Jordan Johnson,Henrique da Silva,Light Heavyweight,0,U-DEC,3,5:00
UFC on FOX: Shevchenko vs. Pena,Eric Spicely,Alessio Di Chirico,Middleweight,0,SUB Triangle Choke,1,2:14
UFC on FOX: Shevchenko vs. Pena,Marcos Rogerio de Lima,Jeremy Kimball,Light Heavyweight,0,KO/TKO Punches,1,2:27
UFC on FOX: Shevchenko vs. Pena,Alexandre Pantoja,Eric Shelton,Flyweight,0,S-DEC,3,5:00
UFC on FOX: Shevchenko vs. Pena,Jason Gonzalez,JC Cottrell,Lightweight,0,SUB D'Arce Choke,1,3:54
UFC Fight Night: Rodriguez vs. Penn,Yair Rodriguez,BJ Penn,Featherweight,0,KO/TKO Punches,2,0:24
UFC Fight Night: Rodriguez vs. Penn,Joe Lauzon,Marcin Held,Lightweight,0,S-DEC,3,5:00
UFC Fight Night: Rodriguez vs. Penn,Ben Saunders,Court McGee,Welterweight,0,U-DEC,3,5:00
UFC Fight Night: Rodriguez vs. Penn,Sergio Pettis,John Moraga,Flyweight,0,U-DEC,3,5:00
UFC Fight Night: Rodriguez vs. Penn,Drakkar Klose,Devin Powell,Lightweight,0,U-DEC,3,5:00
UFC Fight Night: Rodriguez vs. Penn,Augusto Mendes,Frankie Saenz,Bantamweight,0,S-DEC,3,5:00
UFC Fight Night: Rodriguez vs. Penn,Aleksei Oleinik,Viktor Pesta,Heavyweight,0,SUB Ezekiel Choke,1,2:57
UFC Fight Night: Rodriguez vs. Penn,Anthony Rocco Martin,Alex White,Lightweight,0,U-DEC,3,5:00
UFC Fight Night: Rodriguez vs. Penn,Nina Nunes,Jocelyn Jones-Lybarger,Women's Strawweight,0,SUB Rear Naked Choke,3,3:39
UFC Fight Night: Rodriguez vs. Penn,Walt Harris,Chase Sherman,Heavyweight,0,KO/TKO Knee,2,2:41
UFC Fight Night: Rodriguez vs. Penn,Joachim Christensen,Bojan Mihajlovic,Light Heavyweight,0,KO/TKO Punches,3,2:05
UFC Fight Night: Rodriguez vs. Penn,Cyril Asker,Dmitrii Smoliakov,Heavyweight,0,KO/TKO Punches,1,2:41
UFC 207: Nunes vs. Rousey,Amanda Nunes,Ronda Rousey,Women's Bantamweight,1,KO/TKO Punches,1,0:48
UFC 207: Nunes vs. Rousey,Cody Garbrandt,Dominick Cruz,Bantamweight,1,U-DEC,5,5:00
UFC 207: Nunes vs. Rousey,TJ Dillashaw,John Lineker,Bantamweight,0,U-DEC,3,5:00
UFC 207: Nunes vs. Rousey,Dong Hyun Kim,Tarec Saffiedine,Welterweight,0,S-DEC,3,5:00
UFC 207: Nunes vs. Rousey,Ray Borg,Louis Smolka,Flyweight,0,U-DEC,3,5:00
UFC 207: Nunes vs. Rousey,Neil Magny,Johny Hendricks,Welterweight,0,U-DEC,3,5:00
UFC 207: Nunes vs. Rousey,Antonio Carlos Junior,Marvin Vettori,Middleweight,0,U-DEC,3,5:00
UFC 207: Nunes vs. Rousey,Alex Garcia,Mike Pyle,Welterweight,0,KO/TKO Punch,1,3:34
UFC 207: Nunes vs. Rousey,Niko Price,Brandon Thatch,Welterweight,0,SUB Arm Triangle,1,4:30
UFC 207: Nunes vs. Rousey,Alex Oliveira,Tim Means,Welterweight,0,CNC,1,3:33
UFC on FOX: VanZant vs. Waterson,Michelle Waterson-Gomez,Paige VanZant,Women's Strawweight,0,SUB Rear Naked Choke,1,3:21
UFC on FOX: VanZant vs. Waterson,Mickey Gall,Sage Northcutt,Welterweight,0,SUB Rear Naked Choke,2,1:40
UFC on FOX: VanZant vs. Waterson,Urijah Faber,Brad Pickett,Bantamweight,0,U-DEC,3,5:00
UFC on FOX: VanZant vs. Waterson,Alan Jouban,Mike Perry,Welterweight,0,U-DEC,3,5:00
UFC on FOX: VanZant vs. Waterson,Paul Craig,Henrique da Silva,Light Heavyweight,0,SUB Armbar,2,1:59
UFC on FOX: VanZant vs. Waterson,Mizuto Hirota,Cole Miller,Featherweight,0,U-DEC,3,5:00
UFC on FOX: VanZant vs. Waterson,Colby Covington,Bryan Barberena,Welterweight,0,U-DEC,3,5:00
UFC on FOX: VanZant vs. Waterson,Alex Morono,James Moontasri,Welterweight,0,U-DEC,3,5:00
UFC on FOX: VanZant vs. Waterson,Josh Emmett,Scott Holtzman,Lightweight,0,U-DEC,3,5:00
UFC on FOX: VanZant vs. Waterson,Leslie Smith,Irene Aldana,Women's Bantamweight,0,U-DEC,3,5:00
UFC on FOX: VanZant vs. Waterson,Eddie Wineland,Takeya Mizugaki,Bantamweight,0,KO/TKO Punches,1,3:04
UFC on FOX: VanZant vs. Waterson,Hector Sandoval,Fredy Serrano,Flyweight,0,U-DEC,3,5:00
UFC on FOX: VanZant vs. Waterson,Sultan Aliev,Bojan Velickovic,Welterweight,0,S-DEC,3,5:00
UFC 206: Holloway vs. Pettis,Max Holloway,Anthony Pettis,Featherweight,1,KO/TKO Punches,3,4:50
UFC 206: Holloway vs. Pettis,Donald Cerrone,Matt Brown,Welterweight,0,KO/TKO Kick,3,0:34
UFC 206: Holloway vs. Pettis,Cub Swanson,Dooho Choi,Featherweight,0,U-DEC,3,5:00
UFC 206: Holloway vs. Pettis,Kelvin Gastelum,Tim Kennedy,Middleweight,0,KO/TKO Punches,3,2:45
UFC 206: Holloway vs. Pettis,Emil Meek,Jordan Mein,Welterweight,0,U-DEC,3,5:00
UFC 206: Holloway vs. Pettis,Misha Cirkunov,Nikita Krylov,Light Heavyweight,0,SUB Guillotine Choke,1,4:38
UFC 206: Holloway vs. Pettis,Olivier Aubin-Mercier,Drew Dober,Lightweight,0,SUB Rear Naked Choke,2,2:57
UFC 206: Holloway vs. Pettis,Viviane Pereira,Valerie Letourneau,Women's Strawweight,0,S-DEC,3,5:00
UFC 206: Holloway vs. Pettis,Matthew Lopez,Mitch Gagnon,Bantamweight,0,U-DEC,3,5:00
UFC 206: Holloway vs. Pettis,Lando Vannata,John Makdessi,Lightweight,0,KO/TKO Kick,1,1:40
UFC 206: Holloway vs. Pettis,Rustam Khabilov,Jason Saggo,Lightweight,0,U-DEC,3,5:00
UFC 206: Holloway vs. Pettis,Dustin Ortiz,Zach Makovsky,Flyweight,0,S-DEC,3,5:00
UFC Fight Night: Lewis vs. Abdurakhimov,Derrick Lewis,Shamil Abdurakhimov,Heavyweight,0,KO/TKO Punches,4,3:42
UFC Fight Night: Lewis vs. Abdurakhimov,Francis Ngannou,Anthony Hamilton,Heavyweight,0,SUB Kimura,1,1:57
UFC Fight Night: Lewis vs. Abdurakhimov,Corey Anderson,Sean O'Connell,Light Heavyweight,0,KO/TKO Punches,2,2:36
UFC Fight Night: Lewis vs. Abdurakhimov,Gian Villante,Saparbeg Safarov,Light Heavyweight,0,KO/TKO Punches,2,2:54
UFC Fight Night: Lewis vs. Abdurakhimov,Justine Kish,Ashley Yoder,Women's Strawweight,0,U-DEC,3,5:00
UFC Fight Night: Lewis vs. Abdurakhimov,Randy Brown,Brian Camozzi,Welterweight,0,KO/TKO Knee,2,1:25
UFC Fight Night: Lewis vs. Abdurakhimov,Gerald Meerschaert,Joseph Gigliotti,Middleweight,0,SUB Anaconda Choke,1,4:12
UFC Fight Night: Lewis vs. Abdurakhimov,Andrew Sanchez,Trevor Smith,Middleweight,0,U-DEC,3,5:00
UFC Fight Night: Lewis vs. Abdurakhimov,Shane Burgos,Tiago dos Santos e Silva,Featherweight,0,U-DEC,3,5:00
UFC Fight Night: Lewis vs. Abdurakhimov,Marc Diakiese,Frankie Perez,Lightweight,0,U-DEC,3,5:00
UFC Fight Night: Lewis vs. Abdurakhimov,Ryan Janes,Keith Berish,Middleweight,0,U-DEC,3,5:00
UFC Fight Night: Lewis vs. Abdurakhimov,Juliana Lima,JJ Aldrich,Women's Strawweight,0,U-DEC,3,5:00
The Ultimate Fighter: Tournament of Champions Finale,Demetrious Johnson,Tim Elliott,Flyweight,1,U-DEC,5,5:00
The Ultimate Fighter: Tournament of Champions Finale,Joseph Benavidez,Henry Cejudo,Flyweight,0,S-DEC,3,5:00
The Ultimate Fighter: Tournament of Champions Finale,Jorge Masvidal,Jake Ellenberger,Welterweight,0,KO/TKO Punches,1,4:05
The Ultimate Fighter: Tournament of Champions Finale,Jared Cannonier,Ion Cutelaba,Light Heavyweight,0,U-DEC,3,5:00
The Ultimate Fighter: Tournament of Champions Finale,Sara McMann,Alexis Davis,Women's Bantamweight,0,SUB Arm Triangle,2,2:52
The Ultimate Fighter: Tournament of Champions Finale,Brandon Moreno,Ryan Benoit,Flyweight,0,S-DEC,3,5:00
The Ultimate Fighter: Tournament of Champions Finale,Ryan Hall,Gray Maynard,Featherweight,0,U-DEC,3,5:00
The Ultimate Fighter: Tournament of Champions Finale,Rob Font,Matt Schnell,Bantamweight,0,KO/TKO Punch,1,3:47
The Ultimate Fighter: Tournament of Champions Finale,Dong Hyun Ma,Brendan O'Reilly,Lightweight,0,U-DEC,3,5:00
The Ultimate Fighter: Tournament of Champions Finale,Jamie Moyle,Kailin Curran,Women's Strawweight,0,U-DEC,3,5:00
The Ultimate Fighter: Tournament of Champions Finale,Anthony Smith,Elvis Mutapcic,Middleweight,0,KO/TKO Elbow,2,3:27
The Ultimate Fighter: Tournament of Champions Finale,Devin Clark,Josh Stansbury,Light Heavyweight,0,U-DEC,3,5:00
UFC Fight Night: Whittaker vs. Brunson,Robert Whittaker,Derek Brunson,Middleweight,0,KO/TKO Kick,1,4:07
UFC Fight Night: Whittaker vs. Brunson,Andrew Holbrook,Jake Matthews,Lightweight,0,S-DEC,3,5:00
UFC Fight Night: Whittaker vs. Brunson,Omari Akhmedov,Kyle Noke,Welterweight,0,U-DEC,3,5:00
UFC Fight Night: Whittaker vs. Brunson,Alexander Volkanovski,Yusuke Kasuya,Lightweight,0,KO/TKO Punches,2,2:06
UFC Fight Night: Whittaker vs. Brunson,Tyson Pedro,Khalil Rountree Jr.,Light Heavyweight,0,SUB Rear Naked Choke,1,4:07
UFC Fight Night: Whittaker vs. Brunson,Danielle Taylor,Seo Hee Ham,Women's Strawweight,0,S-DEC,3,5:00
UFC Fight Night: Whittaker vs. Brunson,Daniel Kelly,Chris Camozzi,Middleweight,0,U-DEC,3,5:00
UFC Fight Night: Whittaker vs. Brunson,Damien Brown,Jon Tuck,Lightweight,0,S-DEC,3,5:00
UFC Fight Night: Whittaker vs. Brunson,Jonathan Meunier,Richard Walsh,Welterweight,0,U-DEC,3,5:00
UFC Fight Night: Whittaker vs. Brunson,Ben Nguyen,Geane Herrera,Flyweight,0,U-DEC,3,5:00
UFC Fight Night: Whittaker vs. Brunson,Jason Knight,Dan Hooker,Featherweight,0,U-DEC,3,5:00
UFC Fight Night: Whittaker vs. Brunson,Marlon Vera,Guangyou Ning,Featherweight,0,U-DEC,3,5:00
UFC Fight Night: Whittaker vs. Brunson,Jenel Lausa,Yao Zhikui,Flyweight,0,U-DEC,3,5:00
UFC Fight Night: Bader vs. Nogueira,Ryan Bader,Rogerio Nogueira,Light Heavyweight,0,KO/TKO Punches,3,3:51
UFC Fight Night: Bader vs. Nogueira,Thomas Almeida,Albert Morales,Bantamweight,0,KO/TKO Punches,2,1:37
UFC Fight Night: Bader vs. Nogueira,Claudia Gadelha,Cortney Casey,Women's Strawweight,0,U-DEC,3,5:00
UFC Fight Night: Bader vs. Nogueira,Krzysztof Jotko,Thales Leites,Middleweight,0,U-DEC,3,5:00
UFC Fight Night: Bader vs. Nogueira,Kamaru Usman,Warlley Alves,Welterweight,0,U-DEC,3,5:00
UFC Fight Night: Bader vs. Nogueira,Sergio Moraes,Zak Ottow,Welterweight,0,S-DEC,3,5:00
UFC Fight Night: Bader vs. Nogueira,Cezar Ferreira,Jack Hermansson,Middleweight,0,SUB Arm Triangle,2,2:11
UFC Fight Night: Bader vs. Nogueira,Gadzhimurad Antigulov,Marcos Rogerio de Lima,Light Heavyweight,0,SUB Guillotine Choke,1,1:07
UFC Fight Night: Bader vs. Nogueira,Johnny Eduardo,Manvel Gamburyan,Bantamweight,0,KO/TKO Punch,2,0:46
UFC Fight Night: Bader vs. Nogueira,Luis Henrique,Christian Colombo,Heavyweight,0,SUB Guillotine Choke,3,2:12
UFC Fight Night: Bader vs. Nogueira,Pedro Munhoz,Justin Scoggins,Bantamweight,0,SUB Guillotine Choke,2,1:55
UFC Fight Night: Bader vs. Nogueira,Francimar Barroso,Darren Stewart,Light Heavyweight,0,Overturned,1,1:34
UFC Fight Night: Mousasi vs. Hall 2,Gegard Mousasi,Uriah Hall,Middleweight,0,KO/TKO Punches,1,4:37
UFC Fight Night: Mousasi vs. Hall 2,Stevie Ray,Ross Pearson,Lightweight,0,S-DEC,3,5:00
UFC Fight Night: Mousasi vs. Hall 2,Alexander Volkov,Timothy Johnson,Heavyweight,0,S-DEC,3,5:00
UFC Fight Night: Mousasi vs. Hall 2,Artem Lobov,Teruto Ishihara,Featherweight,0,U-DEC,3,5:00
UFC Fight Night: Mousasi vs. Hall 2,Jack Marshman,Magnus Cedenblad,Middleweight,0,KO/TKO Punch,2,3:40
UFC Fight Night: Mousasi vs. Hall 2,Kyoji Horiguchi,Ali Bagautinov,Flyweight,0,U-DEC,3,5:00
UFC Fight Night: Mousasi vs. Hall 2,Kevin Lee,Magomed Mustafaev,Lightweight,0,SUB Rear Naked Choke,2,4:31
UFC Fight Night: Mousasi vs. Hall 2,Amanda Cooper,Anna Elmose,Women's Strawweight,0,U-DEC,3,5:00
UFC Fight Night: Mousasi vs. Hall 2,Justin Ledet,Mark Godbeer,Heavyweight,0,SUB Rear Naked Choke,1,2:16
UFC Fight Night: Mousasi vs. Hall 2,Zak Cummings,Alexander Yakovlev,Welterweight,0,SUB Armbar,2,4:02
UFC Fight Night: Mousasi vs. Hall 2,Marion Reneau,Milana Dudieva,Women's Bantamweight,0,KO/TKO Elbows,3,3:03
UFC Fight Night: Mousasi vs. Hall 2,Brett Johns,Kwan Ho Kwak,Bantamweight,0,U-DEC,3,5:00
UFC Fight Night: Mousasi vs. Hall 2,Abdul Razak Alhassan,Charlie Ward,Welterweight,0,KO/TKO Punch,1,0:53
UFC 205: Alvarez vs McGregor,Conor McGregor,Eddie Alvarez,Lightweight,1,KO/TKO Punches,2,3:04
UFC 205: Alvarez vs McGregor,Tyron Woodley,Stephen Thompson,Welterweight,1,M-DEC,5,5:00
UFC 205: Alvarez vs McGregor,Joanna Jedrzejczyk,Karolina Kowalkiewicz,Women's Strawweight,1,U-DEC,5,5:00
UFC 205: Alvarez vs McGregor,Yoel Romero,Chris Weidman,Middleweight,0,KO/TKO Flying Knee,3,0:24
UFC 205: Alvarez vs McGregor,Raquel Pennington,Miesha Tate,Women's Bantamweight,0,U-DEC,3,5:00
UFC 205: Alvarez vs McGregor,Frankie Edgar,Jeremy Stephens,Featherweight,0,U-DEC,3,5:00
UFC 205: Alvarez vs McGregor,Khabib Nurmagomedov,Michael Johnson,Lightweight,0,SUB Kimura,3,2:31
UFC 205: Alvarez vs McGregor,Tim Boetsch,Rafael Natal,Middleweight,0,KO/TKO Punches,1,3:22
UFC 205: Alvarez vs McGregor,Vicente Luque,Belal Muhammad,Welterweight,0,KO/TKO Punches,1,1:19
UFC 205: Alvarez vs McGregor,Jim Miller,Thiago Alves,Catch Weight,0,U-DEC,3,5:00
UFC 205: Alvarez vs McGregor,Liz Carmouche,Katlyn Cerminara,Women's Bantamweight,0,S-DEC,3,5:00
UFC Fight Night: Dos Anjos vs. Ferguson,Tony Ferguson,Rafael Dos Anjos,Lightweight,0,U-DEC,5,5:00
UFC Fight Night: Dos Anjos vs. Ferguson,Diego Sanchez,Marcin Held,Lightweight,0,U-DEC,3,5:00
UFC Fight Night: Dos Anjos vs. Ferguson,Ricardo Lamas,Charles Oliveira,Featherweight,0,SUB Guillotine Choke,2,2:13
UFC Fight Night: Dos Anjos vs. Ferguson,Martin Bravo,Claudio Puelles,Lightweight,1,KO/TKO Punch,2,1:55
UFC Fight Night: Dos Anjos vs. Ferguson,Beneil Dariush,Rashid Magomedov,Lightweight,0,U-DEC,3,5:00
UFC Fight Night: Dos Anjos vs. Ferguson,Alexa Grasso,Heather Clark,Women's Strawweight,0,U-DEC,3,5:00
UFC Fight Night: Dos Anjos vs. Ferguson,Erik Perez,Felipe Arantes,Bantamweight,0,S-DEC,3,5:00
UFC Fight Night: Dos Anjos vs. Ferguson,Joe Soto,Marco Beltran,Catch Weight,0,SUB Heel Hook,1,1:37
UFC Fight Night: Dos Anjos vs. Ferguson,Max Griffin,Erick Montano,Welterweight,0,KO/TKO Punch,1,0:54
UFC Fight Night: Dos Anjos vs. Ferguson,Douglas Silva de Andrade,Henry Briones,Bantamweight,0,KO/TKO Spinning Back Fist,3,2:33
UFC Fight Night: Dos Anjos vs. Ferguson,Sam Alvey,Alex Nicholson,Middleweight,0,U-DEC,3,5:00
UFC Fight Night: Dos Anjos vs. Ferguson,Marco Polo Reyes,Jason Novelli,Lightweight,0,S-DEC,3,5:00
UFC Fight Night: Dos Anjos vs. Ferguson,Enrique Barzola,Chris Avila,Featherweight,0,U-DEC,3,5:00
UFC 204: Bisping vs. Henderson,Michael Bisping,Dan Henderson,Middleweight,1,U-DEC,5,5:00
UFC 204: Bisping vs. Henderson,Gegard Mousasi,Vitor Belfort,Middleweight,0,KO/TKO Punches,2,2:43
UFC 204: Bisping vs. Henderson,Jimi Manuwa,Ovince Saint Preux,Light Heavyweight,0,KO/TKO Punch,2,2:38
UFC 204: Bisping vs. Henderson,Stefan Struve,Daniel Omielanczuk,Heavyweight,0,SUB D'Arce Choke,2,1:41
UFC 204: Bisping vs. Henderson,Mirsad Bektic,Russell Doane,Featherweight,0,SUB Rear Naked Choke,1,4:22
UFC 204: Bisping vs. Henderson,Iuri Alcantara,Brad Pickett,Bantamweight,0,SUB Triangle Choke,1,1:59
UFC 204: Bisping vs. Henderson,Damian Stasiak,Davey Grant,Bantamweight,0,SUB Armbar,3,2:56
UFC 204: Bisping vs. Henderson,Leon Edwards,Albert Tumenov,Welterweight,0,SUB Rear Naked Choke,3,3:01
UFC 204: Bisping vs. Henderson,Marc Diakiese,Lukasz Sajewski,Lightweight,0,KO/TKO Punches,2,4:40
UFC 204: Bisping vs. Henderson,Mike Perry,Danny Roberts,Welterweight,0,KO/TKO Knee,3,4:40
UFC 204: Bisping vs. Henderson,Leonardo Santos,Adriano Martins,Lightweight,0,S-DEC,3,5:00
UFC Fight Night: Lineker vs. Dodson,John Lineker,John Dodson,Bantamweight,0,S-DEC,5,5:00
UFC Fight Night: Lineker vs. Dodson,Alex Oliveira,Will Brooks,Lightweight,0,KO/TKO Punches,3,3:30
UFC Fight Night: Lineker vs. Dodson,Zak Ottow,Joshua Burkman,Welterweight,0,S-DEC,3,5:00
UFC Fight Night: Lineker vs. Dodson,Brandon Moreno,Louis Smolka,Flyweight,0,SUB Guillotine Choke,1,2:23
UFC Fight Night: Lineker vs. Dodson,Henrique da Silva,Joachim Christensen,Light Heavyweight,0,SUB Armbar,2,4:43
UFC Fight Night: Lineker vs. Dodson,Andre Fili,Hacran Dias,Featherweight,0,U-DEC,3,5:00
UFC Fight Night: Lineker vs. Dodson,Shamil Abdurakhimov,Walt Harris,Heavyweight,0,S-DEC,3,5:00
UFC Fight Night: Lineker vs. Dodson,Elizeu Zaleski dos Santos,Keita Nakamura,Welterweight,0,U-DEC,3,5:00
UFC Fight Night: Lineker vs. Dodson,Nate Marquardt,Tamdan McCrory,Middleweight,0,KO/TKO Kick,2,4:44
UFC Fight Night: Lineker vs. Dodson,Ion Cutelaba,Jonathan Wilson,Light Heavyweight,0,U-DEC,3,5:00
UFC Fight Night: Lineker vs. Dodson,Curtis Blaydes,Cody East,Heavyweight,0,KO/TKO Elbows,2,2:02
UFC Fight Night: Lineker vs. Dodson,Ketlen Vieira,Kelly Faszholz,Women's Bantamweight,0,S-DEC,3,5:00
UFC Fight Night: Cyborg vs. Lansberg,Cristiane Justino,Lina Lansberg,Catch Weight,0,KO/TKO Punches,2,2:29
UFC Fight Night: Cyborg vs. Lansberg,Renan Barao,Phillipe Nover,Featherweight,0,U-DEC,3,5:00
UFC Fight Night: Cyborg vs. Lansberg,Roy Nelson,Antonio Silva,Heavyweight,0,KO/TKO Punch,2,4:10
UFC Fight Night: Cyborg vs. Lansberg,Francisco Trinaldo,Paul Felder,Lightweight,0,KO/TKO,3,2:25
UFC Fight Night: Cyborg vs. Lansberg,Eric Spicely,Thiago Santos,Middleweight,0,SUB Rear Naked Choke,1,2:58
UFC Fight Night: Cyborg vs. Lansberg,Godofredo Pepey,Mike de la Torre,Featherweight,0,SUB Rear Naked Choke,1,3:03
UFC Fight Night: Cyborg vs. Lansberg,Michel Prazeres,Gilbert Burns,Lightweight,0,U-DEC,3,5:00
UFC Fight Night: Cyborg vs. Lansberg,Rani Yahya,Michinori Tanaka,Bantamweight,0,U-DEC,3,5:00
UFC Fight Night: Cyborg vs. Lansberg,Jussier Formiga,Dustin Ortiz,Flyweight,0,U-DEC,3,5:00
UFC Fight Night: Cyborg vs. Lansberg,Erick Silva,Luan Chagas,Welterweight,0,SUB Rear Naked Choke,3,3:57
UFC Fight Night: Cyborg vs. Lansberg,Alan Patrick,Stevie Ray,Lightweight,0,U-DEC,3,5:00
UFC Fight Night: Cyborg vs. Lansberg,Vicente Luque,Hector Urbina,Welterweight,0,KO/TKO Punch,1,1:00
UFC Fight Night: Cyborg vs. Lansberg,Gregor Gillespie,Glaico Franca Moreira,Lightweight,0,U-DEC,3,5:00
UFC Fight Night: Poirier vs. Johnson,Michael Johnson,Dustin Poirier,Lightweight,0,KO/TKO Punches,1,1:35
UFC Fight Night: Poirier vs. Johnson,Derek Brunson,Uriah Hall,Middleweight,0,KO/TKO Punches,1,1:41
UFC Fight Night: Poirier vs. Johnson,Evan Dunham,Ricky Glenn,Lightweight,0,U-DEC,3,5:00
UFC Fight Night: Poirier vs. Johnson,Roan Carneiro,Kenny Robertson,Welterweight,0,S-DEC,3,5:00
UFC Fight Night: Poirier vs. Johnson,Islam Makhachev,Chris Wade,Lightweight,0,U-DEC,3,5:00
UFC Fight Night: Poirier vs. Johnson,Chas Skelly,Maximo Blanco,Featherweight,0,SUB D'Arce Choke,1,0:19
UFC Fight Night: Poirier vs. Johnson,Gabriel Benitez,Sam Sicilia,Featherweight,0,SUB Guillotine Choke,2,1:20
UFC Fight Night: Poirier vs. Johnson,Belal Muhammad,Augusto Montano,Welterweight,0,KO/TKO Punches,3,4:19
UFC Fight Night: Poirier vs. Johnson,Antonio Carlos Junior,Leonardo Guimaraes,Middleweight,0,SUB Rear Naked Choke,3,4:46
UFC Fight Night: Poirier vs. Johnson,Jose Quinonez,Joey Gomez,Bantamweight,0,U-DEC,3,5:00
UFC Fight Night: Poirier vs. Johnson,Randy Brown,Erick Montano,Welterweight,0,SUB Guillotine Choke,3,0:18
UFC Fight Night: Poirier vs. Johnson,Alejandro Perez,Albert Morales,Bantamweight,0,M-DEC,3,5:00
UFC 203: Miocic vs. Overeem,Stipe Miocic,Alistair Overeem,Heavyweight,1,KO/TKO Punch,1,4:27
UFC 203: Miocic vs. Overeem,Fabricio Werdum,Travis Browne,Heavyweight,0,U-DEC,3,5:00
UFC 203: Miocic vs. Overeem,Mickey Gall,CM Punk,Welterweight,0,SUB Rear Naked Choke,1,2:14
UFC 203: Miocic vs. Overeem,Jimmie Rivera,Urijah Faber,Bantamweight,0,U-DEC,3,5:00
UFC 203: Miocic vs. Overeem,Jessica Andrade,Joanne Wood,Women's Strawweight,0,SUB Guillotine Choke,1,4:38
UFC 203: Miocic vs. Overeem,Bethe Correia,Jessica Eye,Women's Bantamweight,0,S-DEC,3,5:00
UFC 203: Miocic vs. Overeem,Brad Tavares,Caio Magalhaes,Middleweight,0,S-DEC,3,5:00
UFC 203: Miocic vs. Overeem,Nik Lentz,Michael McBride,Lightweight,0,KO/TKO Punches,2,4:17
UFC 203: Miocic vs. Overeem,Drew Dober,Jason Gonzalez,Lightweight,0,KO/TKO Punch,1,1:45
UFC 203: Miocic vs. Overeem,Yancy Medeiros,Sean Spencer,Welterweight,0,SUB Rear Naked Choke,2,0:49
UFC Fight Night: Arlovski vs. Barnett,Josh Barnett,Andrei Arlovski,Heavyweight,0,SUB Rear Naked Choke,3,2:53
UFC Fight Night: Arlovski vs. Barnett,Alexander Gustafsson,Jan Blachowicz,Light Heavyweight,0,U-DEC,3,5:00
UFC Fight Night: Arlovski vs. Barnett,Ryan Bader,Ilir Latifi,Light Heavyweight,0,KO/TKO Knee,2,2:06
UFC Fight Night: Arlovski vs. Barnett,Nick Hein,Tae Hyun Bang,Lightweight,0,U-DEC,3,5:00
UFC Fight Night: Arlovski vs. Barnett,Jessin Ayari,Jim Wallhead,Welterweight,0,S-DEC,3,5:00
UFC Fight Night: Arlovski vs. Barnett,Peter Sobotta,Nicolas Dalby,Welterweight,0,U-DEC,3,5:00
UFC Fight Night: Arlovski vs. Barnett,Ashlee Evans-Smith,Veronica Hardy,Women's Bantamweight,0,KO/TKO Elbows,3,2:46
UFC Fight Night: Arlovski vs. Barnett,Taylor Lapilus,Leandro Issa,Bantamweight,0,U-DEC,3,5:00
UFC Fight Night: Arlovski vs. Barnett,Jarjis Danho,Christian Colombo,Heavyweight,0,M-DEC,3,5:00
UFC Fight Night: Arlovski vs. Barnett,Jack Hermansson,Scott Askham,Middleweight,0,U-DEC,3,5:00
UFC Fight Night: Arlovski vs. Barnett,Rustam Khabilov,Leandro Silva,Lightweight,0,U-DEC,3,5:00
UFC on FOX: Maia vs. Condit,Demian Maia,Carlos Condit,Welterweight,0,SUB Rear Naked Choke,1,1:52
UFC on FOX: Maia vs. Condit,Anthony Pettis,Charles Oliveira,Featherweight,0,SUB Guillotine Choke,3,1:49
UFC on FOX: Maia vs. Condit,Paige VanZant,Bec Rawlings,Women's Strawweight,0,KO/TKO Kick,2,0:17
UFC on FOX: Maia vs. Condit,Jim Miller,Joe Lauzon,Lightweight,0,S-DEC,3,5:00
UFC on FOX: Maia vs. Condit,Sam Alvey,Kevin Casey,Middleweight,0,KO/TKO Punches,2,4:56
UFC on FOX: Maia vs. Condit,Kyle Bochniak,Enrique Barzola,Featherweight,0,S-DEC,3,5:00
UFC on FOX: Maia vs. Condit,Alessio Di Chirico,Garreth McLellan,Middleweight,0,S-DEC,3,5:00
UFC on FOX: Maia vs. Condit,Felipe Silva,Shane Campbell,Lightweight,0,KO/TKO Punch,1,1:13
UFC on FOX: Maia vs. Condit,Chad Laprise,Thibault Gouti,Lightweight,0,KO/TKO Punch,1,1:36
UFC on FOX: Maia vs. Condit,Jeremy Kennedy,Alex Ricci,Lightweight,0,U-DEC,3,5:00
UFC 202: Diaz vs. McGregor 2,Conor McGregor,Nate Diaz,Welterweight,0,M-DEC,5,5:00
UFC 202: Diaz vs. McGregor 2,Anthony Johnson,Glover Teixeira,Light Heavyweight,0,KO/TKO Punch,1,0:13
UFC 202: Diaz vs. McGregor 2,Donald Cerrone,Rick Story,Welterweight,0,KO/TKO Kick,2,2:02
UFC 202: Diaz vs. McGregor 2,Mike Perry,Hyun Gyu Lim,Welterweight,0,KO/TKO Punch,1,3:38
UFC 202: Diaz vs. McGregor 2,Tim Means,Sabah Homasi,Welterweight,0,KO/TKO Punches,2,2:56
UFC 202: Diaz vs. McGregor 2,Cody Garbrandt,Takeya Mizugaki,Bantamweight,0,KO/TKO Punch,1,0:48
UFC 202: Diaz vs. McGregor 2,Raquel Pennington,Elizabeth Phillips,Women's Bantamweight,0,U-DEC,3,5:00
UFC 202: Diaz vs. McGregor 2,Artem Lobov,Chris Avila,Featherweight,0,U-DEC,3,5:00
UFC 202: Diaz vs. McGregor 2,Cortney Casey,Randa Markos,Women's Strawweight,0,SUB Armbar,1,4:34
UFC 202: Diaz vs. McGregor 2,Lorenz Larkin,Neil Magny,Welterweight,0,KO/TKO Elbows,1,4:08
UFC 202: Diaz vs. McGregor 2,Colby Covington,Max Griffin,Welterweight,0,KO/TKO Punches,3,2:18
UFC 202: Diaz vs. McGregor 2,Marvin Vettori,Alberto Uda,Middleweight,0,SUB Guillotine Choke,1,4:30
UFC Fight Night: Rodriguez vs. Caceres,Yair Rodriguez,Alex Caceres,Featherweight,0,S-DEC,5,5:00
UFC Fight Night: Rodriguez vs. Caceres,Dennis Bermudez,Rony Jason,Featherweight,0,U-DEC,3,5:00
UFC Fight Night: Rodriguez vs. Caceres,Thales Leites,Chris Camozzi,Middleweight,0,SUB Rear Naked Choke,3,2:58
UFC Fight Night: Rodriguez vs. Caceres,Santiago Ponzinibbio,Zak Cummings,Welterweight,0,U-DEC,3,5:00
UFC Fight Night: Rodriguez vs. Caceres,Trevor Smith,Joseph Gigliotti,Middleweight,0,U-DEC,3,5:00
UFC Fight Night: Rodriguez vs. Caceres,Maryna Moroz,Danielle Taylor,Women's Strawweight,0,S-DEC,3,5:00
UFC Fight Night: Rodriguez vs. Caceres,Court McGee,Dominique Steele,Welterweight,0,U-DEC,3,5:00
UFC Fight Night: Rodriguez vs. Caceres,Marcin Tybura,Viktor Pesta,Heavyweight,0,KO/TKO Kick,2,0:53
UFC Fight Night: Rodriguez vs. Caceres,David Teymur,Jason Novelli,Lightweight,0,KO/TKO Punches,2,1:25
UFC Fight Night: Rodriguez vs. Caceres,Teruto Ishihara,Horacio Gutierrez,Featherweight,0,KO/TKO Punches,1,2:32
UFC Fight Night: Rodriguez vs. Caceres,Cub Swanson,Tatsuya Kawajiri,Featherweight,0,U-DEC,3,5:00
UFC Fight Night: Rodriguez vs. Caceres,Justin Ledet,Chase Sherman,Heavyweight,0,U-DEC,3,5:00
UFC 201: Lawler vs. Woodley,Tyron Woodley,Robbie Lawler,Welterweight,1,KO/TKO Punch,1,2:12
UFC 201: Lawler vs. Woodley,Karolina Kowalkiewicz,Rose Namajunas,Women's Strawweight,0,S-DEC,3,5:00
UFC 201: Lawler vs. Woodley,Jake Ellenberger,Matt Brown,Welterweight,0,KO/TKO Kick,1,1:46
UFC 201: Lawler vs. Woodley,Erik Perez,Francisco Rivera,Bantamweight,0,U-DEC,3,5:00
UFC 201: Lawler vs. Woodley,Ryan Benoit,Fredy Serrano,Flyweight,0,S-DEC,3,5:00
UFC 201: Lawler vs. Woodley,Nikita Krylov,Ed Herman,Light Heavyweight,0,KO/TKO Kick,2,0:40
UFC 201: Lawler vs. Woodley,Jorge Masvidal,Ross Pearson,Welterweight,0,U-DEC,3,5:00
UFC 201: Lawler vs. Woodley,Anthony Hamilton,Damian Grabowski,Heavyweight,0,KO/TKO Punches,1,0:14
UFC 201: Lawler vs. Woodley,Wilson Reis,Hector Sandoval,Flyweight,0,SUB Rear Naked Choke,1,1:49
UFC 201: Lawler vs. Woodley,Michael Graves,Bojan Velickovic,Welterweight,0,M-DEC,3,5:00
UFC 201: Lawler vs. Woodley,Damien Brown,Cesar Arzamendia,Lightweight,0,KO/TKO Punches,1,2:27
UFC on FOX: Holm vs. Shevchenko,Valentina Shevchenko,Holly Holm,Women's Bantamweight,0,U-DEC,5,5:00
UFC on FOX: Holm vs. Shevchenko,Edson Barboza,Gilbert Melendez,Lightweight,0,U-DEC,3,5:00
UFC on FOX: Holm vs. Shevchenko,Francis Ngannou,Bojan Mihajlovic,Heavyweight,0,KO/TKO Punches,1,1:34
UFC on FOX: Holm vs. Shevchenko,Felice Herrig,Kailin Curran,Women's Strawweight,0,SUB Rear Naked Choke,1,1:59
UFC on FOX: Holm vs. Shevchenko,Eddie Wineland,Frankie Saenz,Bantamweight,0,KO/TKO Punches,3,1:54
UFC on FOX: Holm vs. Shevchenko,Darren Elkins,Godofredo Pepey,Featherweight,0,U-DEC,3,5:00
UFC on FOX: Holm vs. Shevchenko,Kamaru Usman,Alexander Yakovlev,Welterweight,0,U-DEC,3,5:00
UFC on FOX: Holm vs. Shevchenko,Michel Prazeres,JC Cottrell,Lightweight,0,U-DEC,3,5:00
UFC on FOX: Holm vs. Shevchenko,Alex Oliveira,James Moontasri,Welterweight,0,U-DEC,3,5:00
UFC on FOX: Holm vs. Shevchenko,Jason Knight,Jim Alers,Featherweight,0,S-DEC,3,5:00
UFC on FOX: Holm vs. Shevchenko,Luis Henrique,Dmitrii Smoliakov,Heavyweight,0,SUB Rear Naked Choke,2,3:58
UFC Fight Night: McDonald vs. Lineker,John Lineker,Michael McDonald,Bantamweight,0,KO/TKO Punch,1,2:43
UFC Fight Night: McDonald vs. Lineker,Tony Ferguson,Lando Vannata,Lightweight,0,SUB D'Arce Choke,2,2:22
UFC Fight Night: McDonald vs. Lineker,Tim Boetsch,Josh Samman,Middleweight,0,KO/TKO Punches,2,3:49
UFC Fight Night: McDonald vs. Lineker,Daniel Omielanczuk,Aleksei Oleinik,Heavyweight,0,M-DEC,3,5:00
UFC Fight Night: McDonald vs. Lineker,Keita Nakamura,Kyle Noke,Welterweight,0,SUB Rear Naked Choke,2,4:59
UFC Fight Night: McDonald vs. Lineker,Louis Smolka,Ben Nguyen,Flyweight,0,KO/TKO Elbows,2,4:41
UFC Fight Night: McDonald vs. Lineker,Katlyn Cerminara,Lauren Murphy,Women's Bantamweight,0,U-DEC,3,5:00
UFC Fight Night: McDonald vs. Lineker,Sam Alvey,Eric Spicely,Middleweight,0,SUB Guillotine Choke,1,2:43
UFC Fight Night: McDonald vs. Lineker,Cortney Casey,Cristina Stanciu,Women's Strawweight,0,KO/TKO Elbows,1,2:36
UFC Fight Night: McDonald vs. Lineker,Scott Holtzman,Cody Pfister,Lightweight,0,U-DEC,3,5:00
UFC Fight Night: McDonald vs. Lineker,Rani Yahya,Matthew Lopez,Bantamweight,0,SUB Arm Triangle,3,4:19
UFC Fight Night: McDonald vs. Lineker,Alex Nicholson,Devin Clark,Middleweight,0,KO/TKO Punch,1,4:57
UFC 200: Tate vs Nunes,Amanda Nunes,Miesha Tate,Women's Bantamweight,1,SUB Rear Naked Choke,1,3:16
UFC 200: Tate vs Nunes,Brock Lesnar,Mark Hunt,Heavyweight,0,Overturned,3,5:00
UFC 200: Tate vs Nunes,Daniel Cormier,Anderson Silva,Light Heavyweight,0,U-DEC,3,5:00
UFC 200: Tate vs Nunes,Jose Aldo,Frankie Edgar,Featherweight,1,U-DEC,5,5:00
UFC 200: Tate vs Nunes,Cain Velasquez,Travis Browne,Heavyweight,0,KO/TKO Punches,1,4:57
UFC 200: Tate vs Nunes,Julianna Pena,Cat Zingano,Women's Bantamweight,0,U-DEC,3,5:00
UFC 200: Tate vs Nunes,Kelvin Gastelum,Johny Hendricks,Welterweight,0,U-DEC,3,5:00
UFC 200: Tate vs Nunes,TJ Dillashaw,Raphael Assuncao,Bantamweight,0,U-DEC,3,5:00
UFC 200: Tate vs Nunes,Sage Northcutt,Enrique Marin,Lightweight,0,U-DEC,3,5:00
UFC 200: Tate vs Nunes,Joe Lauzon,Diego Sanchez,Lightweight,0,KO/TKO Punches,1,1:26
UFC 200: Tate vs Nunes,Gegard Mousasi,Thiago Santos,Middleweight,0,KO/TKO Punch,1,4:32
UFC 200: Tate vs Nunes,Jim Miller,Takanori Gomi,Lightweight,0,KO/TKO Punches,1,2:18
The Ultimate Fighter: Team Joanna vs. Team Cláudia Finale,Joanna Jedrzejczyk,Claudia Gadelha,Women's Strawweight,1,U-DEC,5,5:00
The Ultimate Fighter: Team Joanna vs. Team Cláudia Finale,Andrew Sanchez,Khalil Rountree Jr.,Light Heavyweight,1,U-DEC,3,5:00
The Ultimate Fighter: Team Joanna vs. Team Cláudia Finale,Tatiana Suarez,Amanda Cooper,Women's Strawweight,1,SUB D'Arce Choke,1,3:43
The Ultimate Fighter: Team Joanna vs. Team Cláudia Finale,Will Brooks,Ross Pearson,Lightweight,0,U-DEC,3,5:00
The Ultimate Fighter: Team Joanna vs. Team Cláudia Finale,Dooho Choi,Thiago Tavares,Featherweight,0,KO/TKO Punch,1,2:42
The Ultimate Fighter: Team Joanna vs. Team Cláudia Finale,Joaquim Silva,Andrew Holbrook,Lightweight,0,KO/TKO Punch,1,0:34
The Ultimate Fighter: Team Joanna vs. Team Cláudia Finale,Gray Maynard,Fernando Bruno,Featherweight,0,U-DEC,3,5:00
The Ultimate Fighter: Team Joanna vs. Team Cláudia Finale,Matheus Nicolau,John Moraga,Flyweight,0,S-DEC,3,5:00
The Ultimate Fighter: Team Joanna vs. Team Cláudia Finale,Josh Stansbury,Cory Hendricks,Light Heavyweight,0,M-DEC,3,5:00
The Ultimate Fighter: Team Joanna vs. Team Cláudia Finale,Cezar Ferreira,Anthony Smith,Middleweight,0,U-DEC,3,5:00
The Ultimate Fighter: Team Joanna vs. Team Cláudia Finale,Kevin Lee,Jake Matthews,Lightweight,0,KO/TKO Punches,1,4:06
The Ultimate Fighter: Team Joanna vs. Team Cláudia Finale,Li Jingliang,Anton Zafir,Welterweight,0,KO/TKO Punches,1,2:46
UFC Fight Night: Dos Anjos vs. Alvarez,Eddie Alvarez,Rafael Dos Anjos,Lightweight,1,KO/TKO Punches,1,3:49
UFC Fight Night: Dos Anjos vs. Alvarez,Derrick Lewis,Roy Nelson,Heavyweight,0,S-DEC,3,5:00
UFC Fight Night: Dos Anjos vs. Alvarez,Alan Jouban,Belal Muhammad,Welterweight,0,U-DEC,3,5:00
UFC Fight Night: Dos Anjos vs. Alvarez,Joe Duffy,Mitch Clarke,Lightweight,0,SUB Rear Naked Choke,1,0:25
UFC Fight Night: Dos Anjos vs. Alvarez,Alberto Mina,Mike Pyle,Welterweight,0,KO/TKO Flying Knee,2,1:17
UFC Fight Night: Dos Anjos vs. Alvarez,John Makdessi,Mehdi Baghdad,Lightweight,0,S-DEC,3,5:00
UFC Fight Night: Dos Anjos vs. Alvarez,Anthony Birchak,Dileno Lopes,Bantamweight,0,S-DEC,3,5:00
UFC Fight Night: Dos Anjos vs. Alvarez,Pedro Munhoz,Russell Doane,Bantamweight,0,SUB Guillotine Choke,1,2:08
UFC Fight Night: Dos Anjos vs. Alvarez,Felipe Arantes,Jerrod Sanders,Bantamweight,0,SUB Armbar,2,1:39
UFC Fight Night: Dos Anjos vs. Alvarez,Gilbert Burns,Lukasz Sajewski,Lightweight,0,SUB Armbar,1,4:57
UFC Fight Night: Dos Anjos vs. Alvarez,Marco Beltran,Reginaldo Vieira,Bantamweight,0,SUB Rear Naked Choke,2,3:04
UFC Fight Night: Dos Anjos vs. Alvarez,Vicente Luque,Alvaro Herrera Mendoza,Welterweight,0,SUB D'Arce Choke,2,3:52
UFC Fight Night: MacDonald vs Thompson,Stephen Thompson,Rory MacDonald,Welterweight,0,U-DEC,5,5:00
UFC Fight Night: MacDonald vs Thompson,Donald Cerrone,Patrick Cote,Welterweight,0,KO/TKO Punches,3,2:35
UFC Fight Night: MacDonald vs Thompson,Steve Bosse,Sean O'Connell,Light Heavyweight,0,U-DEC,3,5:00
UFC Fight Night: MacDonald vs Thompson,Olivier Aubin-Mercier,Thibault Gouti,Lightweight,0,SUB Rear Naked Choke,3,2:28
UFC Fight Night: MacDonald vs Thompson,Joanne Wood,Valerie Letourneau,Women's Flyweight,0,KO/TKO Kick,3,2:44
UFC Fight Night: MacDonald vs Thompson,Jason Saggo,Leandro Silva,Lightweight,0,S-DEC,3,5:00
UFC Fight Night: MacDonald vs Thompson,Misha Cirkunov,Ion Cutelaba,Light Heavyweight,0,SUB Arm Triangle,3,1:22
UFC Fight Night: MacDonald vs Thompson,Krzysztof Jotko,Tamdan McCrory,Middleweight,0,KO/TKO Punch,1,0:59
UFC Fight Night: MacDonald vs Thompson,Joe Soto,Chris Beal,Bantamweight,0,SUB Rear Naked Choke,3,3:39
UFC Fight Night: MacDonald vs Thompson,Elias Theodorou,Sam Alvey,Middleweight,0,U-DEC,3,5:00
UFC Fight Night: MacDonald vs Thompson,Randa Markos,Jocelyn Jones-Lybarger,Women's Strawweight,0,U-DEC,3,5:00
UFC Fight Night: MacDonald vs Thompson,Colby Covington,Jonathan Meunier,Welterweight,0,SUB Rear Naked Choke,3,0:54
UFC Fight Night: MacDonald vs Thompson,Ali Bagautinov,Geane Herrera,Flyweight,0,U-DEC,3,5:00
UFC 199: Rockhold vs. Bisping 2,Michael Bisping,Luke Rockhold,Middleweight,1,KO/TKO Punch,1,3:36
UFC 199: Rockhold vs. Bisping 2,Dominick Cruz,Urijah Faber,Bantamweight,1,U-DEC,5,5:00
UFC 199: Rockhold vs. Bisping 2,Max Holloway,Ricardo Lamas,Featherweight,0,U-DEC,3,5:00
UFC 199: Rockhold vs. Bisping 2,Dan Henderson,Hector Lombard,Middleweight,0,KO/TKO Elbow,2,1:27
UFC 199: Rockhold vs. Bisping 2,Dustin Poirier,King Green,Lightweight,0,KO/TKO Punch,1,2:53
UFC 199: Rockhold vs. Bisping 2,Brian Ortega,Clay Guida,Featherweight,0,KO/TKO Knee,3,4:40
UFC 199: Rockhold vs. Bisping 2,Beneil Dariush,James Vick,Lightweight,0,KO/TKO Punch,1,4:16
UFC 199: Rockhold vs. Bisping 2,Jessica Andrade,Jessica Penne,Women's Strawweight,0,KO/TKO Punches,2,2:56
UFC 199: Rockhold vs. Bisping 2,Alex Caceres,Cole Miller,Featherweight,0,U-DEC,3,5:00
UFC 199: Rockhold vs. Bisping 2,Sean Strickland,Tom Breese,Welterweight,0,S-DEC,3,5:00
UFC 199: Rockhold vs. Bisping 2,Henrique da Silva,Jonathan Wilson,Light Heavyweight,0,KO/TKO Punches,2,4:11
UFC 199: Rockhold vs. Bisping 2,Kevin Casey,Elvis Mutapcic,Middleweight,0,S-DEC,3,5:00
UFC 199: Rockhold vs. Bisping 2,Marco Polo Reyes,Dong Hyun Ma,Lightweight,0,KO/TKO Punch,3,1:52
UFC Fight Night: Almeida vs Garbrandt,Cody Garbrandt,Thomas Almeida,Bantamweight,0,KO/TKO Punches,1,2:53
UFC Fight Night: Almeida vs Garbrandt,Jeremy Stephens,Renan Barao,Featherweight,0,U-DEC,3,5:00
UFC Fight Night: Almeida vs Garbrandt,Rick Story,Tarec Saffiedine,Welterweight,0,U-DEC,3,5:00
UFC Fight Night: Almeida vs Garbrandt,Chris Camozzi,Vitor Miranda,Middleweight,0,U-DEC,3,5:00
UFC Fight Night: Almeida vs Garbrandt,Lorenz Larkin,Jorge Masvidal,Welterweight,0,S-DEC,3,5:00
UFC Fight Night: Almeida vs Garbrandt,Paul Felder,Joshua Burkman,Lightweight,0,U-DEC,3,5:00
UFC Fight Night: Almeida vs Garbrandt,Sara McMann,Jessica Eye,Women's Bantamweight,0,U-DEC,3,5:00
UFC Fight Night: Almeida vs Garbrandt,Abel Trujillo,Jordan Rinaldi,Lightweight,0,U-DEC,3,5:00
UFC Fight Night: Almeida vs Garbrandt,Jake Collier,Alberto Uda,Middleweight,0,KO/TKO Spinning Back Kick,2,1:06
UFC Fight Night: Almeida vs Garbrandt,Erik Koch,Shane Campbell,Lightweight,0,SUB Rear Naked Choke,2,3:02
UFC Fight Night: Almeida vs Garbrandt,Bryan Caraway,Aljamain Sterling,Bantamweight,0,S-DEC,3,5:00
UFC Fight Night: Almeida vs Garbrandt,Adam Milstead,Chris de la Rocha,Heavyweight,0,KO/TKO Punches,2,4:01
UFC 198: Werdum vs Miocic,Stipe Miocic,Fabricio Werdum,Heavyweight,1,KO/TKO Punch,1,2:47
UFC 198: Werdum vs Miocic,Jacare Souza,Vitor Belfort,Middleweight,0,KO/TKO Punches,1,4:38
UFC 198: Werdum vs Miocic,Cristiane Justino,Leslie Smith,Catch Weight,0,KO/TKO Punch,1,1:21
UFC 198: Werdum vs Miocic,Mauricio Rua,Corey Anderson,Light Heavyweight,0,S-DEC,3,5:00
UFC 198: Werdum vs Miocic,Bryan Barberena,Warlley Alves,Welterweight,0,U-DEC,3,5:00
UFC 198: Werdum vs Miocic,Demian Maia,Matt Brown,Welterweight,0,SUB Rear Naked Choke,3,4:31
UFC 198: Werdum vs Miocic,Thiago Santos,Nate Marquardt,Middleweight,0,KO/TKO Punch,1,3:39
UFC 198: Werdum vs Miocic,Francisco Trinaldo,Yancy Medeiros,Lightweight,0,U-DEC,3,5:00
UFC 198: Werdum vs Miocic,John Lineker,Rob Font,Bantamweight,0,U-DEC,3,5:00
UFC 198: Werdum vs Miocic,Rogerio Nogueira,Patrick Cummins,Light Heavyweight,0,KO/TKO Punches,1,4:52
UFC 198: Werdum vs Miocic,Sergio Moraes,Luan Chagas,Welterweight,0,S-DEC,3,5:00
UFC 198: Werdum vs Miocic,Renato Moicano,Zubaira Tukhugov,Featherweight,0,S-DEC,3,5:00
UFC Fight Night: Overeem vs Arlovski,Alistair Overeem,Andrei Arlovski,Heavyweight,0,KO/TKO Punch,2,1:12
UFC Fight Night: Overeem vs Arlovski,Stefan Struve,Antonio Silva,Heavyweight,0,KO/TKO Punch,1,0:16
UFC Fight Night: Overeem vs Arlovski,Gunnar Nelson,Albert Tumenov,Welterweight,0,SUB Rear Naked Choke,2,3:15
UFC Fight Night: Overeem vs Arlovski,Germaine de Randamie,Anna Elmose,Women's Bantamweight,0,KO/TKO Knee,1,3:46
UFC Fight Night: Overeem vs Arlovski,Nikita Krylov,Francimar Barroso,Light Heavyweight,0,SUB Rear Naked Choke,2,3:11
UFC Fight Night: Overeem vs Arlovski,Karolina Kowalkiewicz,Heather Clark,Women's Strawweight,0,U-DEC,3,5:00
UFC Fight Night: Overeem vs Arlovski,Rustam Khabilov,Chris Wade,Lightweight,0,U-DEC,3,5:00
UFC Fight Night: Overeem vs Arlovski,Magnus Cedenblad,Garreth McLellan,Middleweight,0,KO/TKO Kick,2,0:47
UFC Fight Night: Overeem vs Arlovski,Josh Emmett,Jon Tuck,Lightweight,0,S-DEC,3,5:00
UFC Fight Night: Overeem vs Arlovski,Reza Madadi,Yan Cabral,Lightweight,0,KO/TKO Punch,3,1:56
UFC Fight Night: Overeem vs Arlovski,Kyoji Horiguchi,Neil Seery,Flyweight,0,U-DEC,3,5:00
UFC Fight Night: Overeem vs Arlovski,Leon Edwards,Dominic Waters,Welterweight,0,U-DEC,3,5:00
UFC Fight Night: Overeem vs Arlovski,Yuta Sasaki,Willie Gates,Flyweight,0,SUB Rear Naked Choke,2,3:30
UFC 197: Jones vs Saint Preux,Jon Jones,Ovince Saint Preux,Light Heavyweight,1,U-DEC,5,5:00
UFC 197: Jones vs Saint Preux,Demetrious Johnson,Henry Cejudo,Flyweight,1,KO/TKO Knees,1,2:49
UFC 197: Jones vs Saint Preux,Edson Barboza,Anthony Pettis,Lightweight,0,U-DEC,3,5:00
UFC 197: Jones vs Saint Preux,Robert Whittaker,Rafael Natal,Middleweight,0,U-DEC,3,5:00
UFC 197: Jones vs Saint Preux,Yair Rodriguez,Andre Fili,Featherweight,0,KO/TKO Kick,2,2:15
UFC 197: Jones vs Saint Preux,Sergio Pettis,Chris Kelades,Flyweight,0,U-DEC,3,5:00
UFC 197: Jones vs Saint Preux,Danny Roberts,Dominique Steele,Welterweight,0,U-DEC,3,5:00
UFC 197: Jones vs Saint Preux,Carla Esparza,Juliana Lima,Women's Strawweight,0,U-DEC,3,5:00
UFC 197: Jones vs Saint Preux,James Vick,Glaico Franca Moreira,Lightweight,0,U-DEC,3,5:00
UFC 197: Jones vs Saint Preux,Walt Harris,Cody East,Heavyweight,0,KO/TKO Punches,1,4:18
UFC 197: Jones vs Saint Preux,Marcos Rogerio de Lima,Clint Hester,Light Heavyweight,0,SUB Arm Triangle,1,4:35
UFC 197: Jones vs Saint Preux,Kevin Lee,Efrain Escudero,Lightweight,0,U-DEC,3,5:00
UFC on FOX: Teixeira vs Evans,Glover Teixeira,Rashad Evans,Light Heavyweight,0,KO/TKO Punch,1,1:48
UFC on FOX: Teixeira vs Evans,Rose Namajunas,Tecia Pennington,Women's Strawweight,0,U-DEC,3,5:00
UFC on FOX: Teixeira vs Evans,Khabib Nurmagomedov,Darrell Horcher,Catch Weight,0,KO/TKO Punches,2,3:38
UFC on FOX: Teixeira vs Evans,Cub Swanson,Hacran Dias,Featherweight,0,U-DEC,3,5:00
UFC on FOX: Teixeira vs Evans,Michael Chiesa,Beneil Dariush,Lightweight,0,SUB Rear Naked Choke,2,1:20
UFC on FOX: Teixeira vs Evans,Raquel Pennington,Bethe Correia,Women's Bantamweight,0,S-DEC,3,5:00
UFC on FOX: Teixeira vs Evans,Santiago Ponzinibbio,Court McGee,Welterweight,0,KO/TKO Punch,1,4:15
UFC on FOX: Teixeira vs Evans,Michael Graves,Randy Brown,Welterweight,0,SUB Rear Naked Choke,2,2:31
UFC on FOX: Teixeira vs Evans,John Dodson,Manvel Gamburyan,Bantamweight,0,KO/TKO Punches,1,0:37
UFC on FOX: Teixeira vs Evans,Cezar Ferreira,Oluwale Bamgbose,Middleweight,0,U-DEC,3,5:00
UFC on FOX: Teixeira vs Evans,Elizeu Zaleski dos Santos,Omari Akhmedov,Welterweight,0,KO/TKO Knee,3,3:03
UFC Fight Night: Rothwell vs Dos Santos,Junior Dos Santos,Ben Rothwell,Heavyweight,0,U-DEC,5,5:00
UFC Fight Night: Rothwell vs Dos Santos,Derrick Lewis,Gabriel Gonzaga,Heavyweight,0,KO/TKO Punches,1,4:48
UFC Fight Night: Rothwell vs Dos Santos,Francis Ngannou,Curtis Blaydes,Heavyweight,0,KO/TKO,2,5:00
UFC Fight Night: Rothwell vs Dos Santos,Timothy Johnson,Marcin Tybura,Heavyweight,0,U-DEC,3,5:00
UFC Fight Night: Rothwell vs Dos Santos,Jan Blachowicz,Igor Pokrajac,Light Heavyweight,0,U-DEC,3,5:00
UFC Fight Night: Rothwell vs Dos Santos,Maryna Moroz,Cristina Stanciu,Women's Strawweight,0,U-DEC,3,5:00
UFC Fight Night: Rothwell vs Dos Santos,Zak Cummings,Nicolas Dalby,Welterweight,0,U-DEC,3,5:00
UFC Fight Night: Rothwell vs Dos Santos,Alejandro Perez,Ian Entwistle,Bantamweight,0,KO/TKO Punches,1,4:04
UFC Fight Night: Rothwell vs Dos Santos,Mairbek Taisumov,Damir Hadzovic,Lightweight,0,KO/TKO Punch,1,3:44
UFC Fight Night: Rothwell vs Dos Santos,Damian Stasiak,Filip Pejic,Bantamweight,0,SUB Rear Naked Choke,1,2:16
UFC Fight Night: Rothwell vs Dos Santos,Lucas Martins,Robert Whiteford,Featherweight,0,S-DEC,3,5:00
UFC Fight Night: Rothwell vs Dos Santos,Jared Cannonier,Cyril Asker,Heavyweight,0,KO/TKO Punch,1,2:44
UFC Fight Night: Rothwell vs Dos Santos,Bojan Velickovic,Alessio Di Chirico,Middleweight,0,U-DEC,3,5:00
UFC Fight Night: Hunt vs Mir,Mark Hunt,Frank Mir,Heavyweight,0,KO/TKO Punch,1,3:01
UFC Fight Night: Hunt vs Mir,Neil Magny,Hector Lombard,Welterweight,0,KO/TKO Punches,3,0:46
UFC Fight Night: Hunt vs Mir,Jake Matthews,Johnny Case,Lightweight,0,SUB Rear Naked Choke,3,4:45
UFC Fight Night: Hunt vs Mir,Daniel Kelly,Antonio Carlos Junior,Middleweight,0,KO/TKO Punches,3,1:36
UFC Fight Night: Hunt vs Mir,Steve Bosse,James Te Huna,Light Heavyweight,0,KO/TKO Punch,1,0:52
UFC Fight Night: Hunt vs Mir,Bec Rawlings,Seo Hee Ham,Women's Strawweight,0,U-DEC,3,5:00
UFC Fight Night: Hunt vs Mir,Alan Jouban,Brendan O'Reilly,Welterweight,0,KO/TKO Elbow,1,2:15
UFC Fight Night: Hunt vs Mir,Dan Hooker,Mark Eddiva,Featherweight,0,SUB Guillotine Choke,1,1:24
UFC Fight Night: Hunt vs Mir,Leslie Smith,Rin Nakai,Women's Bantamweight,0,U-DEC,3,5:00
UFC Fight Night: Hunt vs Mir,Viscardi Andrade,Richard Walsh,Welterweight,0,U-DEC,3,5:00
UFC Fight Night: Hunt vs Mir,Ross Pearson,Chad Laprise,Lightweight,0,S-DEC,3,5:00
UFC Fight Night: Hunt vs Mir,Alan Patrick,Damien Brown,Lightweight,0,U-DEC,3,5:00
UFC 196: McGregor vs Diaz,Nate Diaz,Conor McGregor,Welterweight,0,SUB Rear Naked Choke,2,4:12
UFC 196: McGregor vs Diaz,Miesha Tate,Holly Holm,Women's Bantamweight,1,SUB Rear Naked Choke,5,3:30
UFC 196: McGregor vs Diaz,Ilir Latifi,Gian Villante,Light Heavyweight,0,U-DEC,3,5:00
UFC 196: McGregor vs Diaz,Corey Anderson,Tom Lawlor,Light Heavyweight,0,U-DEC,3,5:00
UFC 196: McGregor vs Diaz,Amanda Nunes,Valentina Shevchenko,Women's Bantamweight,0,U-DEC,3,5:00
UFC 196: McGregor vs Diaz,Siyar Bahadurzada,Brandon Thatch,Welterweight,0,SUB Arm Triangle,3,4:11
UFC 196: McGregor vs Diaz,Nordine Taleb,Erick Silva,Welterweight,0,KO/TKO Punch,2,1:34
UFC 196: McGregor vs Diaz,Vitor Miranda,Marcelo Guimaraes,Middleweight,0,KO/TKO Kick,2,1:09
UFC 196: McGregor vs Diaz,Darren Elkins,Chas Skelly,Featherweight,0,U-DEC,3,5:00
UFC 196: McGregor vs Diaz,Diego Sanchez,Jim Miller,Lightweight,0,U-DEC,3,5:00
UFC 196: McGregor vs Diaz,Jason Saggo,Justin Salas,Lightweight,0,KO/TKO Punches,1,4:31
UFC 196: McGregor vs Diaz,Teruto Ishihara,Julian Erosa,Featherweight,0,KO/TKO Punch,2,0:34
UFC Fight Night: Silva vs Bisping,Michael Bisping,Anderson Silva,Middleweight,0,U-DEC,5,5:00
UFC Fight Night: Silva vs Bisping,Gegard Mousasi,Thales Leites,Middleweight,0,U-DEC,3,5:00
UFC Fight Night: Silva vs Bisping,Tom Breese,Keita Nakamura,Welterweight,0,U-DEC,3,5:00
UFC Fight Night: Silva vs Bisping,Brad Pickett,Francisco Rivera,Bantamweight,0,S-DEC,3,5:00
UFC Fight Night: Silva vs Bisping,Makwan Amirkhani,Mike Wilkinson,Featherweight,0,U-DEC,3,5:00
UFC Fight Night: Silva vs Bisping,Davey Grant,Marlon Vera,Bantamweight,0,U-DEC,3,5:00
UFC Fight Night: Silva vs Bisping,Scott Askham,Chris Dempsey,Middleweight,0,KO/TKO Punch,1,4:45
UFC Fight Night: Silva vs Bisping,Arnold Allen,Yaotzin Meza,Featherweight,0,U-DEC,3,5:00
UFC Fight Night: Silva vs Bisping,Krzysztof Jotko,Brad Scott,Middleweight,0,U-DEC,3,5:00
UFC Fight Night: Silva vs Bisping,Rustam Khabilov,Norman Parke,Lightweight,0,U-DEC,3,5:00
UFC Fight Night: Silva vs Bisping,Daniel Omielanczuk,Jarjis Danho,Heavyweight,0,M-DEC,3,1:31
UFC Fight Night: Silva vs Bisping,Teemu Packalen,Thibault Gouti,Lightweight,0,SUB Rear Naked Choke,1,0:24
UFC Fight Night: Silva vs Bisping,David Teymur,Martin Svensson,Lightweight,0,KO/TKO Punch,2,1:26
UFC Fight Night: Cowboy vs Cowboy,Donald Cerrone,Alex Oliveira,Welterweight,0,SUB Triangle Choke,1,2:33
UFC Fight Night: Cowboy vs Cowboy,Derek Brunson,Roan Carneiro,Middleweight,0,KO/TKO Punches,1,2:38
UFC Fight Night: Cowboy vs Cowboy,Cody Garbrandt,Augusto Mendes,Catch Weight,0,KO/TKO Punches,1,4:18
UFC Fight Night: Cowboy vs Cowboy,Dennis Bermudez,Tatsuya Kawajiri,Featherweight,0,U-DEC,3,5:00
UFC Fight Night: Cowboy vs Cowboy,Chris Camozzi,Joe Riggs,Middleweight,0,KO/TKO Knees,1,0:26
UFC Fight Night: Cowboy vs Cowboy,James Krause,Shane Campbell,Lightweight,0,U-DEC,3,5:00
UFC Fight Night: Cowboy vs Cowboy,Sean Strickland,Alex Garcia,Welterweight,0,KO/TKO Punches,3,4:25
UFC Fight Night: Cowboy vs Cowboy,Oluwale Bamgbose,Daniel Sarafian,Middleweight,0,KO/TKO Kick,1,1:00
UFC Fight Night: Cowboy vs Cowboy,Anthony Smith,Leonardo Guimaraes,Middleweight,0,U-DEC,3,5:00
UFC Fight Night: Cowboy vs Cowboy,Nathan Coy,Jonavin Webb,Welterweight,0,U-DEC,3,5:00
UFC Fight Night: Cowboy vs Cowboy,Ashlee Evans-Smith,Marion Reneau,Women's Bantamweight,0,S-DEC,3,5:00
UFC Fight Night: Cowboy vs Cowboy,Lauren Murphy,Kelly Faszholz,Women's Bantamweight,0,KO/TKO Punches,3,4:55
UFC Fight Night: Cowboy vs Cowboy,Shamil Abdurakhimov,Anthony Hamilton,Heavyweight,0,U-DEC,3,5:00
UFC Fight Night: Hendricks vs Thompson,Stephen Thompson,Johny Hendricks,Welterweight,0,KO/TKO Punch,1,3:31
UFC Fight Night: Hendricks vs Thompson,Roy Nelson,Jared Rosholt,Heavyweight,0,U-DEC,3,5:00
UFC Fight Night: Hendricks vs Thompson,Ovince Saint Preux,Rafael Cavalcante,Light Heavyweight,0,U-DEC,3,5:00
UFC Fight Night: Hendricks vs Thompson,Joseph Benavidez,Zach Makovsky,Flyweight,0,U-DEC,3,5:00
UFC Fight Night: Hendricks vs Thompson,Misha Cirkunov,Alex Nicholson,Light Heavyweight,0,SUB Neck Crank,2,1:28
UFC Fight Night: Hendricks vs Thompson,Mike Pyle,Sean Spencer,Welterweight,0,KO/TKO Elbow,3,4:25
UFC Fight Night: Hendricks vs Thompson,Joshua Burkman,KJ Noons,Lightweight,0,U-DEC,3,5:00
UFC Fight Night: Hendricks vs Thompson,Derrick Lewis,Damian Grabowski,Heavyweight,0,KO/TKO Punch,1,2:17
UFC Fight Night: Hendricks vs Thompson,Justin Scoggins,Ray Borg,Flyweight,0,U-DEC,3,5:00
UFC Fight Night: Hendricks vs Thompson,Diego Rivas,Noad Lahat,Featherweight,0,KO/TKO Flying Knee,2,0:23
UFC Fight Night: Hendricks vs Thompson,Mickey Gall,Mike Jackson,Welterweight,0,SUB Rear Naked Choke,1,0:45
UFC Fight Night: Hendricks vs Thompson,Alex White,Artem Lobov,Featherweight,0,U-DEC,3,5:00
UFC on FOX: Johnson vs. Bader,Anthony Johnson,Ryan Bader,Light Heavyweight,0,KO/TKO Punches,1,1:26
UFC on FOX: Johnson vs. Bader,Ben Rothwell,Josh Barnett,Heavyweight,0,SUB Guillotine Choke,2,3:48
UFC on FOX: Johnson vs. Bader,Jimmie Rivera,Iuri Alcantara,Bantamweight,0,U-DEC,3,5:00
UFC on FOX: Johnson vs. Bader,Bryan Barberena,Sage Northcutt,Welterweight,0,SUB Arm Triangle,2,3:06
UFC on FOX: Johnson vs. Bader,Tarec Saffiedine,Jake Ellenberger,Welterweight,0,U-DEC,3,5:00
UFC on FOX: Johnson vs. Bader,Diego Ferreira,Olivier Aubin-Mercier,Lightweight,0,U-DEC,3,5:00
UFC on FOX: Johnson vs. Bader,Rafael Natal,Kevin Casey,Middleweight,0,KO/TKO Punches,3,3:37
UFC on FOX: Johnson vs. Bader,Wilson Reis,Dustin Ortiz,Flyweight,0,U-DEC,3,5:00
UFC on FOX: Johnson vs. Bader,Alexander Yakovlev,George Sullivan,Welterweight,0,KO/TKO Punches,1,3:59
UFC on FOX: Johnson vs. Bader,Alex Caceres,Masio Fullen,Featherweight,0,U-DEC,3,5:00
UFC on FOX: Johnson vs. Bader,Randy Brown,Matt Dwyer,Welterweight,0,U-DEC,3,5:00
UFC on FOX: Johnson vs. Bader,Damon Jackson,Levan Makashvili,Featherweight,0,M-DEC,3,5:00
UFC on FOX: Johnson vs. Bader,Anthony Rocco Martin,Felipe Olivieri,Lightweight,0,SUB Rear Naked Choke,3,3:02
UFC Fight Night: Dillashaw vs Cruz,Dominick Cruz,TJ Dillashaw,Bantamweight,1,S-DEC,5,5:00
UFC Fight Night: Dillashaw vs Cruz,Eddie Alvarez,Anthony Pettis,Lightweight,0,S-DEC,3,5:00
UFC Fight Night: Dillashaw vs Cruz,Travis Browne,Matt Mitrione,Heavyweight,0,KO/TKO Punches,3,4:09
UFC Fight Night: Dillashaw vs Cruz,Francisco Trinaldo,Ross Pearson,Lightweight,0,U-DEC,3,5:00
UFC Fight Night: Dillashaw vs Cruz,Patrick Cote,Ben Saunders,Welterweight,0,KO/TKO Punches,2,1:14
UFC Fight Night: Dillashaw vs Cruz,Ed Herman,Tim Boetsch,Light Heavyweight,0,KO/TKO Knee,2,1:39
UFC Fight Night: Dillashaw vs Cruz,Chris Wade,Mehdi Baghdad,Lightweight,0,SUB Rear Naked Choke,1,4:30
UFC Fight Night: Dillashaw vs Cruz,Luke Sanders,Maximo Blanco,Featherweight,0,SUB Rear Naked Choke,1,3:38
UFC Fight Night: Dillashaw vs Cruz,Paul Felder,Daron Cruickshank,Lightweight,0,SUB Rear Naked Choke,3,3:56
UFC Fight Night: Dillashaw vs Cruz,Ilir Latifi,Sean O'Connell,Light Heavyweight,0,KO/TKO Punch,1,0:30
UFC Fight Night: Dillashaw vs Cruz,Charles Rosa,Kyle Bochniak,Featherweight,0,U-DEC,3,5:00
UFC Fight Night: Dillashaw vs Cruz,Rob Font,Joey Gomez,Bantamweight,0,KO/TKO Punches,2,4:13
UFC Fight Night: Dillashaw vs Cruz,Francimar Barroso,Elvis Mutapcic,Light Heavyweight,0,U-DEC,3,5:00
UFC 195: Lawler vs Condit,Robbie Lawler,Carlos Condit,Welterweight,1,S-DEC,5,5:00
UFC 195: Lawler vs Condit,Stipe Miocic,Andrei Arlovski,Heavyweight,0,KO/TKO Punch,1,0:54
UFC 195: Lawler vs Condit,Albert Tumenov,Lorenz Larkin,Welterweight,0,S-DEC,3,5:00
UFC 195: Lawler vs Condit,Brian Ortega,Diego Brandao,Featherweight,0,SUB Triangle Choke,3,1:37
UFC 195: Lawler vs Condit,Abel Trujillo,Tony Sims,Lightweight,0,SUB Guillotine Choke,1,3:18
UFC 195: Lawler vs Condit,Michael McDonald,Masanori Kanehara,Bantamweight,0,SUB Rear Naked Choke,2,2:09
UFC 195: Lawler vs Condit,Alex Morono,Kyle Noke,Welterweight,0,S-DEC,3,5:00
UFC 195: Lawler vs Condit,Justine Kish,Nina Nunes,Women's Strawweight,0,U-DEC,3,5:00
UFC 195: Lawler vs Condit,Drew Dober,Scott Holtzman,Lightweight,0,U-DEC,3,5:00
UFC 195: Lawler vs Condit,Dustin Poirier,Joe Duffy,Lightweight,0,U-DEC,3,5:00
UFC 195: Lawler vs Condit,Michinori Tanaka,Joe Soto,Bantamweight,0,S-DEC,3,5:00
UFC 195: Lawler vs Condit,Sheldon Westcott,Edgar Garcia,Welterweight,0,KO/TKO Punches,1,3:12
UFC on FOX: Dos Anjos vs. Cowboy 2,Rafael Dos Anjos,Donald Cerrone,Lightweight,1,KO/TKO Punches,1,1:06
UFC on FOX: Dos Anjos vs. Cowboy 2,Alistair Overeem,Junior Dos Santos,Heavyweight,0,KO/TKO Punches,2,4:43
UFC on FOX: Dos Anjos vs. Cowboy 2,Nate Diaz,Michael Johnson,Lightweight,0,U-DEC,3,5:00
UFC on FOX: Dos Anjos vs. Cowboy 2,Karolina Kowalkiewicz,Randa Markos,Women's Strawweight,0,U-DEC,3,5:00
UFC on FOX: Dos Anjos vs. Cowboy 2,Charles Oliveira,Myles Jury,Featherweight,0,SUB Guillotine Choke,1,3:05
UFC on FOX: Dos Anjos vs. Cowboy 2,Nate Marquardt,CB Dollaway,Middleweight,0,KO/TKO Punch,2,0:28
UFC on FOX: Dos Anjos vs. Cowboy 2,Valentina Shevchenko,Sarah Kaufman,Women's Bantamweight,0,S-DEC,3,5:00
UFC on FOX: Dos Anjos vs. Cowboy 2,Tamdan McCrory,Josh Samman,Middleweight,0,SUB Triangle Choke,3,4:10
UFC on FOX: Dos Anjos vs. Cowboy 2,Nik Lentz,Danny Castillo,Lightweight,0,S-DEC,3,5:00
UFC on FOX: Dos Anjos vs. Cowboy 2,Cole Miller,Jim Alers,Featherweight,0,CNC,2,1:34
UFC on FOX: Dos Anjos vs. Cowboy 2,Kamaru Usman,Leon Edwards,Welterweight,0,U-DEC,3,5:00
UFC on FOX: Dos Anjos vs. Cowboy 2,Vicente Luque,Hayder Hassan,Welterweight,0,SUB Anaconda Choke,1,2:13
UFC on FOX: Dos Anjos vs. Cowboy 2,Francis Ngannou,Luis Henrique,Heavyweight,0,KO/TKO Punch,2,2:53
UFC 194: Aldo vs McGregor,Conor McGregor,Jose Aldo,Featherweight,1,KO/TKO Punch,1,0:13
UFC 194: Aldo vs McGregor,Luke Rockhold,Chris Weidman,Middleweight,1,KO/TKO Punches,4,3:12
UFC 194: Aldo vs McGregor,Yoel Romero,Jacare Souza,Middleweight,0,S-DEC,3,5:00
UFC 194: Aldo vs McGregor,Demian Maia,Gunnar Nelson,Welterweight,0,U-DEC,3,5:00
UFC 194: Aldo vs McGregor,Max Holloway,Jeremy Stephens,Featherweight,0,U-DEC,3,5:00
UFC 194: Aldo vs McGregor,Urijah Faber,Frankie Saenz,Bantamweight,0,U-DEC,3,5:00
UFC 194: Aldo vs McGregor,Tecia Pennington,Jocelyn Jones-Lybarger,Women's Strawweight,0,U-DEC,3,5:00
UFC 194: Aldo vs McGregor,Warlley Alves,Colby Covington,Welterweight,0,SUB Guillotine Choke,1,1:26
UFC 194: Aldo vs McGregor,Leonardo Santos,Kevin Lee,Lightweight,0,KO/TKO Punches,1,3:26
UFC 194: Aldo vs McGregor,Magomed Mustafaev,Joe Proctor,Lightweight,0,KO/TKO Knee,1,1:54
UFC 194: Aldo vs McGregor,Yancy Medeiros,John Makdessi,Lightweight,0,S-DEC,3,5:00
UFC 194: Aldo vs McGregor,Court McGee,Marcio Alexandre Junior,Welterweight,0,U-DEC,3,5:00
The Ultimate Fighter: Team McGregor vs. Team Faber Finale,Frankie Edgar,Chad Mendes,Featherweight,0,KO/TKO Punch,1,2:28
The Ultimate Fighter: Team McGregor vs. Team Faber Finale,Ryan Hall,Artem Lobov,Lightweight,1,U-DEC,3,5:00
The Ultimate Fighter: Team McGregor vs. Team Faber Finale,Tony Ferguson,Edson Barboza,Lightweight,0,SUB D'Arce Choke,2,2:54
The Ultimate Fighter: Team McGregor vs. Team Faber Finale,Evan Dunham,Joe Lauzon,Lightweight,0,U-DEC,3,5:00
The Ultimate Fighter: Team McGregor vs. Team Faber Finale,Tatsuya Kawajiri,Jason Knight,Featherweight,0,U-DEC,3,5:00
The Ultimate Fighter: Team McGregor vs. Team Faber Finale,Julian Erosa,Marcin Wrzosek,Lightweight,0,S-DEC,3,5:00
The Ultimate Fighter: Team McGregor vs. Team Faber Finale,Gabriel Gonzaga,Konstantin Erokhin,Heavyweight,0,U-DEC,3,5:00
The Ultimate Fighter: Team McGregor vs. Team Faber Finale,Ryan LaFlare,Mike Pierce,Welterweight,0,U-DEC,3,5:00
The Ultimate Fighter: Team McGregor vs. Team Faber Finale,Geane Herrera,Joby Sanchez,Flyweight,0,KO/TKO Punch,2,4:28
The Ultimate Fighter: Team McGregor vs. Team Faber Finale,Chris Gruetzemacher,Abner Lloveras,Lightweight,0,U-DEC,3,5:00
UFC Fight Night: Namajunas vs. VanZant,Rose Namajunas,Paige VanZant,Women's Strawweight,0,SUB Rear Naked Choke,5,2:25
UFC Fight Night: Namajunas vs. VanZant,Michael Chiesa,Jim Miller,Lightweight,0,SUB Rear Naked Choke,2,2:57
UFC Fight Night: Namajunas vs. VanZant,Sage Northcutt,Cody Pfister,Lightweight,0,SUB Guillotine Choke,2,0:41
UFC Fight Night: Namajunas vs. VanZant,Thiago Santos,Elias Theodorou,Middleweight,0,U-DEC,3,5:00
UFC Fight Night: Namajunas vs. VanZant,Tim Means,John Howard,Welterweight,0,KO/TKO Punch,2,0:21
UFC Fight Night: Namajunas vs. VanZant,Sergio Moraes,Omari Akhmedov,Welterweight,0,KO/TKO Punches,3,2:18
UFC Fight Night: Namajunas vs. VanZant,Antonio Carlos Junior,Kevin Casey,Middleweight,0,CNC,1,0:11
UFC Fight Night: Namajunas vs. VanZant,Aljamain Sterling,Johnny Eduardo,Bantamweight,0,SUB Guillotine Choke,2,4:18
UFC Fight Night: Namajunas vs. VanZant,Santiago Ponzinibbio,Andreas Stahl,Welterweight,0,KO/TKO Punch,1,4:25
UFC Fight Night: Namajunas vs. VanZant,Danny Roberts,Nathan Coy,Welterweight,0,SUB Triangle Choke,1,2:46
UFC Fight Night: Namajunas vs. VanZant,Zubaira Tukhugov,Phillipe Nover,Featherweight,0,S-DEC,3,5:00
UFC Fight Night: Namajunas vs. VanZant,Kailin Curran,Emily Kagan,Women's Strawweight,0,SUB Rear Naked Choke,2,4:13
UFC Fight Night: Henderson vs Masvidal,Benson Henderson,Jorge Masvidal,Welterweight,0,S-DEC,5,5:00
UFC Fight Night: Henderson vs Masvidal,Dong Hyun Kim,Dominic Waters,Welterweight,0,KO/TKO Punches,1,3:11
UFC Fight Night: Henderson vs Masvidal,Alberto Mina,Yoshihiro Akiyama,Welterweight,0,S-DEC,3,5:00
UFC Fight Night: Henderson vs Masvidal,Dooho Choi,Sam Sicilia,Featherweight,0,KO/TKO Punch,1,1:33
UFC Fight Night: Henderson vs Masvidal,Dongi Yang,Jake Collier,Middleweight,0,KO/TKO Punches,2,1:50
UFC Fight Night: Henderson vs Masvidal,Mike de la Torre,Yui Chul Nam,Featherweight,0,S-DEC,3,5:00
UFC Fight Night: Henderson vs Masvidal,Tae Hyun Bang,Leo Kuntz,Lightweight,0,S-DEC,3,5:00
UFC Fight Night: Henderson vs Masvidal,Seo Hee Ham,Cortney Casey,Women's Strawweight,0,U-DEC,3,5:00
UFC Fight Night: Henderson vs Masvidal,Fredy Serrano,Yao Zhikui,Flyweight,0,KO/TKO,1,0:44
UFC Fight Night: Henderson vs Masvidal,Marco Beltran,Guangyou Ning,Bantamweight,0,S-DEC,3,5:00
UFC Fight Night: Henderson vs Masvidal,Dominique Steele,Dong Hyun Ma,Welterweight,0,KO/TKO Slam,3,0:27
UFC Fight Night: Magny vs Gastelum,Neil Magny,Kelvin Gastelum,Welterweight,0,S-DEC,5,5:00
UFC Fight Night: Magny vs Gastelum,Ricardo Lamas,Diego Sanchez,Featherweight,0,U-DEC,3,5:00
UFC Fight Night: Magny vs Gastelum,Henry Cejudo,Jussier Formiga,Flyweight,0,S-DEC,3,5:00
UFC Fight Night: Magny vs Gastelum,Erick Montano,Enrique Marin,Welterweight,1,S-DEC,3,5:00
UFC Fight Night: Magny vs Gastelum,Enrique Barzola,Horacio Gutierrez,Lightweight,1,U-DEC,3,5:00
UFC Fight Night: Magny vs Gastelum,Leandro Silva,Efrain Escudero,Lightweight,0,U-DEC,3,5:00
UFC Fight Night: Magny vs Gastelum,Erik Perez,Taylor Lapilus,Bantamweight,0,U-DEC,3,5:00
UFC Fight Night: Magny vs Gastelum,Bartosz Fabinski,Hector Urbina,Welterweight,0,U-DEC,3,5:00
UFC Fight Night: Magny vs Gastelum,Alejandro Perez,Scott Jorgensen,Bantamweight,0,KO/TKO,2,4:26
UFC Fight Night: Magny vs Gastelum,Andre Fili,Gabriel Benitez,Featherweight,0,KO/TKO Punches,1,3:13
UFC Fight Night: Magny vs Gastelum,Alvaro Herrera Mendoza,Vernon Ramos Ho,Welterweight,0,KO/TKO Punches,1,0:30
UFC Fight Night: Magny vs Gastelum,Marco Polo Reyes,Cesar Arzamendia,Lightweight,0,KO/TKO Punch,1,3:42
UFC Fight Night: Magny vs Gastelum,Michel Prazeres,Valmir Lazaro,Lightweight,0,S-DEC,3,5:00
UFC 193: Rousey vs Holm,Holly Holm,Ronda Rousey,Women's Bantamweight,1,KO/TKO Kick,2,0:59
UFC 193: Rousey vs Holm,Joanna Jedrzejczyk,Valerie Letourneau,Women's Strawweight,1,U-DEC,5,5:00
UFC 193: Rousey vs Holm,Mark Hunt,Antonio Silva,Heavyweight,0,KO/TKO Punch,1,3:41
UFC 193: Rousey vs Holm,Robert Whittaker,Uriah Hall,Middleweight,0,U-DEC,3,5:00
UFC 193: Rousey vs Holm,Jared Rosholt,Stefan Struve,Heavyweight,0,U-DEC,3,5:00
UFC 193: Rousey vs Holm,Jake Matthews,Akbarh Arreola,Lightweight,0,KO/TKO,2,5:00
UFC 193: Rousey vs Holm,Kyle Noke,Peter Sobotta,Welterweight,0,KO/TKO Kick,1,2:01
UFC 193: Rousey vs Holm,Gian Villante,Anthony Perosh,Light Heavyweight,0,KO/TKO Punch,1,2:56
UFC 193: Rousey vs Holm,Danny Martinez,Richie Vaculik,Flyweight,0,U-DEC,3,5:00
UFC 193: Rousey vs Holm,Daniel Kelly,Steve Montgomery,Middleweight,0,U-DEC,3,5:00
UFC 193: Rousey vs Holm,Richard Walsh,Steve Kennedy,Welterweight,0,U-DEC,3,5:00
UFC 193: Rousey vs Holm,James Moontasri,Anton Zafir,Welterweight,0,KO/TKO Spinning Back Kick,1,4:36
UFC 193: Rousey vs Holm,Ben Nguyen,Ryan Benoit,Flyweight,0,SUB Rear Naked Choke,1,2:35
UFC Fight Night: Belfort vs Henderson 3,Vitor Belfort,Dan Henderson,Middleweight,0,KO/TKO Kick,1,2:07
UFC Fight Night: Belfort vs Henderson 3,Glover Teixeira,Patrick Cummins,Light Heavyweight,0,KO/TKO Punches,2,1:12
UFC Fight Night: Belfort vs Henderson 3,Thomas Almeida,Anthony Birchak,Bantamweight,0,KO/TKO Punches,1,4:24
UFC Fight Night: Belfort vs Henderson 3,Alex Oliveira,Piotr Hallmann,Lightweight,0,KO/TKO Punch,3,0:51
UFC Fight Night: Belfort vs Henderson 3,Rashid Magomedov,Gilbert Burns,Lightweight,0,U-DEC,3,5:00
UFC Fight Night: Belfort vs Henderson 3,Corey Anderson,Fabio Maldonado,Light Heavyweight,0,U-DEC,3,5:00
UFC Fight Night: Belfort vs Henderson 3,Abel Trujillo,Gleison Tibau,Lightweight,0,DQ Rear Naked Choke,1,1:45
UFC Fight Night: Belfort vs Henderson 3,Johnny Case,Yan Cabral,Lightweight,0,U-DEC,3,5:00
UFC Fight Night: Belfort vs Henderson 3,Thiago Tavares,Clay Guida,Featherweight,0,SUB Guillotine Choke,1,0:39
UFC Fight Night: Belfort vs Henderson 3,Chas Skelly,Edimilson Souza,Featherweight,0,SUB Rear Naked Choke,2,1:56
UFC Fight Night: Belfort vs Henderson 3,Viscardi Andrade,Gasan Umalatov,Welterweight,0,U-DEC,3,5:00
UFC Fight Night: Belfort vs Henderson 3,Jimmie Rivera,Pedro Munhoz,Bantamweight,0,S-DEC,3,5:00
UFC Fight Night: Belfort vs Henderson 3,Matheus Nicolau,Bruno Korea,Bantamweight,0,SUB Guillotine Choke,3,3:27
UFC Fight Night: Holohan vs Smolka,Louis Smolka,Paddy Holohan,Flyweight,0,SUB Rear Naked Choke,2,4:09
UFC Fight Night: Holohan vs Smolka,Norman Parke,Reza Madadi,Lightweight,0,U-DEC,3,5:00
UFC Fight Night: Holohan vs Smolka,Nicolas Dalby,Darren Till,Welterweight,0,M-DEC,3,5:00
UFC Fight Night: Holohan vs Smolka,Neil Seery,Jon Delos Reyes,Flyweight,0,SUB Guillotine Choke,2,4:12
UFC Fight Night: Holohan vs Smolka,Stevie Ray,Mickael Lebout,Lightweight,0,U-DEC,3,5:00
UFC Fight Night: Holohan vs Smolka,Aisling Daly,Ericka Almeida,Women's Strawweight,0,U-DEC,3,5:00
UFC Fight Night: Holohan vs Smolka,Krzysztof Jotko,Scott Askham,Middleweight,0,S-DEC,3,5:00
UFC Fight Night: Holohan vs Smolka,Tom Breese,Cathal Pendred,Welterweight,0,KO/TKO Punches,1,4:37
UFC Fight Night: Holohan vs Smolka,Darren Elkins,Robert Whiteford,Featherweight,0,U-DEC,3,5:00
UFC Fight Night: Holohan vs Smolka,Garreth McLellan,Bubba Bush,Middleweight,0,KO/TKO Punches,3,4:58
UFC 192: Cormier vs Gustafsson,Daniel Cormier,Alexander Gustafsson,Light Heavyweight,1,S-DEC,5,5:00
UFC 192: Cormier vs Gustafsson,Ryan Bader,Rashad Evans,Light Heavyweight,0,U-DEC,3,5:00
UFC 192: Cormier vs Gustafsson,Ruslan Magomedov,Shawn Jordan,Heavyweight,0,U-DEC,3,5:00
UFC 192: Cormier vs Gustafsson,Joseph Benavidez,Ali Bagautinov,Flyweight,0,U-DEC,3,5:00
UFC 192: Cormier vs Gustafsson,Julianna Pena,Jessica Eye,Women's Bantamweight,0,U-DEC,3,5:00
UFC 192: Cormier vs Gustafsson,Yair Rodriguez,Dan Hooker,Featherweight,0,U-DEC,3,5:00
UFC 192: Cormier vs Gustafsson,Albert Tumenov,Alan Jouban,Welterweight,0,KO/TKO Punches,1,2:55
UFC 192: Cormier vs Gustafsson,Adriano Martins,Islam Makhachev,Lightweight,0,KO/TKO Punch,1,1:46
UFC 192: Cormier vs Gustafsson,Rose Namajunas,Angela Hill,Women's Strawweight,0,SUB Rear Naked Choke,1,2:47
UFC 192: Cormier vs Gustafsson,Sage Northcutt,Francisco Trevino,Lightweight,0,KO/TKO Punches,1,0:57
UFC 192: Cormier vs Gustafsson,Sergio Pettis,Chris Cariaso,Flyweight,0,U-DEC,3,5:00
UFC 192: Cormier vs Gustafsson,Derrick Lewis,Viktor Pesta,Heavyweight,0,KO/TKO Punches,3,1:15
UFC Fight Night: Barnett vs Nelson,Josh Barnett,Roy Nelson,Heavyweight,0,U-DEC,5,5:00
UFC Fight Night: Barnett vs Nelson,Uriah Hall,Gegard Mousasi,Middleweight,0,KO/TKO Spinning Back Kick,2,0:25
UFC Fight Night: Barnett vs Nelson,Kyoji Horiguchi,Chico Camus,Flyweight,0,U-DEC,3,5:00
UFC Fight Night: Barnett vs Nelson,Takeya Mizugaki,George Roop,Bantamweight,0,U-DEC,3,5:00
UFC Fight Night: Barnett vs Nelson,Diego Brandao,Katsunori Kikuno,Featherweight,0,KO/TKO Punch,1,0:28
UFC Fight Night: Barnett vs Nelson,Mizuto Hirota,Teruto Ishihara,Featherweight,0,S-DEC,3,5:00
UFC Fight Night: Barnett vs Nelson,Keita Nakamura,Li Jingliang,Welterweight,0,SUB Rear Naked Choke,3,2:17
UFC Fight Night: Barnett vs Nelson,Nick Hein,Yusuke Kasuya,Lightweight,0,U-DEC,3,5:00
UFC Fight Night: Barnett vs Nelson,Kajan Johnson,Naoyuki Kotani,Lightweight,0,U-DEC,3,5:00
UFC Fight Night: Barnett vs Nelson,Shinsho Anzai,Roger Zapata,Welterweight,0,KO/TKO,3,0:47
UFC 191: Johnson vs Dodson 2,Demetrious Johnson,John Dodson,Flyweight,1,U-DEC,5,5:00
UFC 191: Johnson vs Dodson 2,Andrei Arlovski,Frank Mir,Heavyweight,0,U-DEC,3,5:00
UFC 191: Johnson vs Dodson 2,Anthony Johnson,Jimi Manuwa,Light Heavyweight,0,KO/TKO Punch,2,0:28
UFC 191: Johnson vs Dodson 2,Corey Anderson,Jan Blachowicz,Light Heavyweight,0,U-DEC,3,5:00
UFC 191: Johnson vs Dodson 2,Paige VanZant,Alex Chambers,Women's Strawweight,0,SUB Armbar,3,1:01
UFC 191: Johnson vs Dodson 2,Ross Pearson,Paul Felder,Lightweight,0,S-DEC,3,5:00
UFC 191: Johnson vs Dodson 2,John Lineker,Francisco Rivera,Bantamweight,0,SUB Guillotine Choke,1,2:08
UFC 191: Johnson vs Dodson 2,Raquel Pennington,Jessica Andrade,Women's Bantamweight,0,SUB Rear Naked Choke,2,4:58
UFC 191: Johnson vs Dodson 2,Tiago dos Santos e Silva,Clay Collard,Featherweight,0,S-DEC,3,5:00
UFC 191: Johnson vs Dodson 2,Joe Riggs,Ron Stallings,Middleweight,0,DQ,2,2:28
UFC 191: Johnson vs Dodson 2,Joaquim Silva,Nazareno Malegarie,Lightweight,0,S-DEC,3,5:00
UFC Fight Night: Holloway vs Oliveira,Max Holloway,Charles Oliveira,Featherweight,0,KO/TKO,1,1:39
UFC Fight Night: Holloway vs Oliveira,Neil Magny,Erick Silva,Welterweight,0,S-DEC,3,5:00
UFC Fight Night: Holloway vs Oliveira,Patrick Cote,Joshua Burkman,Welterweight,0,KO/TKO Punches,3,1:26
UFC Fight Night: Holloway vs Oliveira,Francisco Trinaldo,Chad Laprise,Lightweight,0,KO/TKO Punches,1,2:43
UFC Fight Night: Holloway vs Oliveira,Olivier Aubin-Mercier,Tony Sims,Lightweight,0,U-DEC,3,5:00
UFC Fight Night: Holloway vs Oliveira,Valerie Letourneau,Maryna Moroz,Women's Strawweight,0,U-DEC,3,5:00
UFC Fight Night: Holloway vs Oliveira,Frankie Perez,Sam Stout,Lightweight,0,KO/TKO Punches,1,0:54
UFC Fight Night: Holloway vs Oliveira,Felipe Arantes,Yves Jabouin,Bantamweight,0,SUB Armbar,1,4:21
UFC Fight Night: Holloway vs Oliveira,Nikita Krylov,Marcos Rogerio de Lima,Light Heavyweight,0,SUB Rear Naked Choke,1,2:29
UFC Fight Night: Holloway vs Oliveira,Chris Kelades,Chris Beal,Flyweight,0,S-DEC,3,5:00
UFC Fight Night: Holloway vs Oliveira,Shane Campbell,Elias Silverio,Lightweight,0,U-DEC,3,5:00
UFC Fight Night: Holloway vs Oliveira,Misha Cirkunov,Daniel Jolly,Light Heavyweight,0,KO/TKO Punches,1,4:45
UFC Fight Night: Teixeira vs Saint Preux,Glover Teixeira,Ovince Saint Preux,Light Heavyweight,0,SUB Rear Naked Choke,3,3:10
UFC Fight Night: Teixeira vs Saint Preux,Beneil Dariush,Michael Johnson,Lightweight,0,S-DEC,3,5:00
UFC Fight Night: Teixeira vs Saint Preux,Derek Brunson,Sam Alvey,Middleweight,0,KO/TKO Punches,1,2:19
UFC Fight Night: Teixeira vs Saint Preux,Jared Rosholt,Timothy Johnson,Heavyweight,0,U-DEC,3,5:00
UFC Fight Night: Teixeira vs Saint Preux,Amanda Nunes,Sara McMann,Women's Bantamweight,0,SUB Rear Naked Choke,1,2:53
UFC Fight Night: Teixeira vs Saint Preux,Ray Borg,Geane Herrera,Flyweight,0,U-DEC,3,5:00
UFC Fight Night: Teixeira vs Saint Preux,Uriah Hall,Oluwale Bamgbose,Middleweight,0,KO/TKO Punches,1,2:32
UFC Fight Night: Teixeira vs Saint Preux,Chris Camozzi,Tom Watson,Middleweight,0,U-DEC,3,5:00
UFC Fight Night: Teixeira vs Saint Preux,Dustin Ortiz,Willie Gates,Flyweight,0,KO/TKO Punches,3,2:58
UFC Fight Night: Teixeira vs Saint Preux,Frankie Saenz,Sirwan Kakai,Bantamweight,0,S-DEC,3,5:00
UFC Fight Night: Teixeira vs Saint Preux,Jonathan Wilson,Chris Dempsey,Light Heavyweight,0,KO/TKO Punch,1,0:50
UFC Fight Night: Teixeira vs Saint Preux,Marlon Vera,Roman Salazar,Bantamweight,0,SUB Triangle Armbar,2,2:15
UFC Fight Night: Teixeira vs Saint Preux,Scott Holtzman,Anthony Christodoulou,Lightweight,0,SUB Rear Naked Choke,3,2:40
UFC 190: Rousey vs Correia,Ronda Rousey,Bethe Correia,Women's Bantamweight,1,KO/TKO Punch,1,0:34
UFC 190: Rousey vs Correia,Mauricio Rua,Rogerio Nogueira,Light Heavyweight,0,U-DEC,3,5:00
UFC 190: Rousey vs Correia,Glaico Franca Moreira,Fernando Bruno,Lightweight,1,SUB Rear Naked Choke,3,4:46
UFC 190: Rousey vs Correia,Reginaldo Vieira,Dileno Lopes,Bantamweight,1,U-DEC,3,5:00
UFC 190: Rousey vs Correia,Stefan Struve,Antonio Rodrigo Nogueira,Heavyweight,0,U-DEC,3,5:00
UFC 190: Rousey vs Correia,Antonio Silva,Soa Palelei,Heavyweight,0,KO/TKO Punches,2,0:41
UFC 190: Rousey vs Correia,Claudia Gadelha,Jessica Aguilar,Women's Strawweight,0,U-DEC,3,5:00
UFC 190: Rousey vs Correia,Demian Maia,Neil Magny,Welterweight,0,SUB Rear Naked Choke,2,2:52
UFC 190: Rousey vs Correia,Patrick Cummins,Rafael Cavalcante,Light Heavyweight,0,KO/TKO Elbows,3,0:45
UFC 190: Rousey vs Correia,Warlley Alves,Nordine Taleb,Welterweight,0,SUB Guillotine Choke,2,4:11
UFC 190: Rousey vs Correia,Iuri Alcantara,Leandro Issa,Bantamweight,0,U-DEC,3,5:00
UFC 190: Rousey vs Correia,Vitor Miranda,Clint Hester,Middleweight,0,KO/TKO Elbows,2,2:38
UFC 190: Rousey vs Correia,Guido Cannetti,Hugo Viana,Bantamweight,0,U-DEC,3,5:00
UFC on FOX: Dillashaw vs. Barao II,TJ Dillashaw,Renan Barao,Bantamweight,1,KO/TKO Punches,4,0:35
UFC on FOX: Dillashaw vs. Barao II,Miesha Tate,Jessica Eye,Women's Bantamweight,0,U-DEC,3,5:00
UFC on FOX: Dillashaw vs. Barao II,Edson Barboza,Paul Felder,Lightweight,0,U-DEC,3,5:00
UFC on FOX: Dillashaw vs. Barao II,Joe Lauzon,Takanori Gomi,Lightweight,0,KO/TKO Punches,1,2:37
UFC on FOX: Dillashaw vs. Barao II,Tom Lawlor,Gian Villante,Light Heavyweight,0,KO/TKO Punch,2,0:27
UFC on FOX: Dillashaw vs. Barao II,Jim Miller,Danny Castillo,Lightweight,0,S-DEC,3,5:00
UFC on FOX: Dillashaw vs. Barao II,Ben Saunders,Kenny Robertson,Welterweight,0,S-DEC,3,5:00
UFC on FOX: Dillashaw vs. Barao II,Bryan Caraway,Eddie Wineland,Bantamweight,0,U-DEC,3,5:00
UFC on FOX: Dillashaw vs. Barao II,James Krause,Daron Cruickshank,Lightweight,0,SUB Rear Naked Choke,1,1:27
UFC on FOX: Dillashaw vs. Barao II,Andrew Holbrook,Ramsey Nijem,Lightweight,0,S-DEC,3,5:00
UFC on FOX: Dillashaw vs. Barao II,Elizabeth Phillips,Jessamyn Duke,Women's Bantamweight,0,U-DEC,3,5:00
UFC on FOX: Dillashaw vs. Barao II,Zak Cummings,Dominique Steele,Middleweight,0,KO/TKO Punches,1,0:43
UFC Fight Night: Bisping vs Leites,Michael Bisping,Thales Leites,Middleweight,0,S-DEC,5,5:00
UFC Fight Night: Bisping vs Leites,Evan Dunham,Ross Pearson,Lightweight,0,U-DEC,3,5:00
UFC Fight Night: Bisping vs Leites,Joe Duffy,Ivan Jorge,Lightweight,0,SUB Triangle Choke,1,3:05
UFC Fight Night: Bisping vs Leites,Joanne Wood,Cortney Casey,Women's Strawweight,0,U-DEC,3,5:00
UFC Fight Night: Bisping vs Leites,Leon Edwards,Pawel Pawlak,Welterweight,0,U-DEC,3,5:00
UFC Fight Night: Bisping vs Leites,Stevie Ray,Leonardo Mafra,Lightweight,0,KO/TKO Punches,1,2:30
UFC Fight Night: Bisping vs Leites,Paddy Holohan,Vaughan Lee,Flyweight,0,U-DEC,3,5:00
UFC Fight Night: Bisping vs Leites,Ilir Latifi,Hans Stringer,Light Heavyweight,0,KO/TKO Punch,1,0:56
UFC Fight Night: Bisping vs Leites,Mickael Lebout,Teemu Packalen,Lightweight,0,U-DEC,3,5:00
UFC Fight Night: Bisping vs Leites,Robert Whiteford,Paul Redmond,Featherweight,0,KO/TKO Punch,1,3:04
UFC Fight Night: Bisping vs Leites,Jimmie Rivera,Marcus Brimage,Bantamweight,0,KO/TKO Punches,1,1:29
UFC Fight Night: Bisping vs Leites,Daniel Omielanczuk,Chris de la Rocha,Heavyweight,0,KO/TKO Punch,1,0:48
UFC Fight Night: Mir vs Duffee,Frank Mir,Todd Duffee,Heavyweight,0,KO/TKO Punch,1,1:13
UFC Fight Night: Mir vs Duffee,Tony Ferguson,Josh Thomson,Lightweight,0,U-DEC,3,5:00
UFC Fight Night: Mir vs Duffee,Holly Holm,Marion Reneau,Women's Bantamweight,0,U-DEC,3,5:00
UFC Fight Night: Mir vs Duffee,Manvel Gamburyan,Scott Jorgensen,Bantamweight,0,U-DEC,3,5:00
UFC Fight Night: Mir vs Duffee,Kevin Lee,James Moontasri,Lightweight,0,SUB Rear Naked Choke,1,2:56
UFC Fight Night: Mir vs Duffee,Alan Jouban,Matt Dwyer,Welterweight,0,U-DEC,3,5:00
UFC Fight Night: Mir vs Duffee,Sam Sicilia,Yaotzin Meza,Featherweight,0,U-DEC,3,5:00
UFC Fight Night: Mir vs Duffee,Jessica Andrade,Sarah Moras,Women's Bantamweight,0,U-DEC,3,5:00
UFC Fight Night: Mir vs Duffee,Rani Yahya,Masanori Kanehara,Bantamweight,0,S-DEC,3,5:00
UFC Fight Night: Mir vs Duffee,Sean Strickland,Igor Araujo,Welterweight,0,U-DEC,3,5:00
UFC Fight Night: Mir vs Duffee,Kevin Casey,Ildemar Alcantara,Middleweight,0,U-DEC,3,5:00
UFC Fight Night: Mir vs Duffee,Lyman Good,Andrew Craig,Welterweight,0,KO/TKO Punch,2,3:37
The Ultimate Fighter: American Top Team vs. Blackzilians Finale,Stephen Thompson,Jake Ellenberger,Welterweight,0,KO/TKO Kick,1,4:29
The Ultimate Fighter: American Top Team vs. Blackzilians Finale,Kamaru Usman,Hayder Hassan,Welterweight,1,SUB Arm Triangle,2,1:19
The Ultimate Fighter: American Top Team vs. Blackzilians Finale,Michael Graves,Vicente Luque,Welterweight,0,U-DEC,3,5:00
The Ultimate Fighter: American Top Team vs. Blackzilians Finale,Jorge Masvidal,Cezar Ferreira,Welterweight,0,KO/TKO Elbow,1,4:22
The Ultimate Fighter: American Top Team vs. Blackzilians Finale,Michelle Waterson-Gomez,Angela Magana,Women's Strawweight,0,SUB Rear Naked Choke,3,2:38
The Ultimate Fighter: American Top Team vs. Blackzilians Finale,Maximo Blanco,Mike de la Torre,Featherweight,0,KO/TKO Punch,1,0:16
The Ultimate Fighter: American Top Team vs. Blackzilians Finale,Josh Samman,Caio Magalhaes,Middleweight,0,SUB Rear Naked Choke,1,2:52
The Ultimate Fighter: American Top Team vs. Blackzilians Finale,Jerrod Sanders,Russell Doane,Bantamweight,0,U-DEC,3,5:00
The Ultimate Fighter: American Top Team vs. Blackzilians Finale,Trevor Smith,Dan Miller,Middleweight,0,U-DEC,3,5:00
The Ultimate Fighter: American Top Team vs. Blackzilians Finale,George Sullivan,Dominic Waters,Welterweight,0,U-DEC,3,5:00
The Ultimate Fighter: American Top Team vs. Blackzilians Finale,Willie Gates,Darrell Montague,Flyweight,0,KO/TKO Punches,1,1:36
UFC 189: Mendes vs McGregor,Conor McGregor,Chad Mendes,Featherweight,1,KO/TKO Punch,2,4:57
UFC 189: Mendes vs McGregor,Robbie Lawler,Rory MacDonald,Welterweight,1,KO/TKO Punch,5,1:00
UFC 189: Mendes vs McGregor,Jeremy Stephens,Dennis Bermudez,Featherweight,0,KO/TKO Flying Knee,3,0:32
UFC 189: Mendes vs McGregor,Gunnar Nelson,Brandon Thatch,Welterweight,0,SUB Rear Naked Choke,1,2:54
UFC 189: Mendes vs McGregor,Thomas Almeida,Brad Pickett,Bantamweight,0,KO/TKO Flying Knee,2,0:29
UFC 189: Mendes vs McGregor,Matt Brown,Tim Means,Welterweight,0,SUB Guillotine Choke,1,4:44
UFC 189: Mendes vs McGregor,Alex Garcia,Mike Swick,Welterweight,0,U-DEC,3,5:00
UFC 189: Mendes vs McGregor,John Howard,Cathal Pendred,Welterweight,0,S-DEC,3,5:00
UFC 189: Mendes vs McGregor,Cody Garbrandt,Henry Briones,Bantamweight,0,U-DEC,3,5:00
UFC 189: Mendes vs McGregor,Louis Smolka,Neil Seery,Flyweight,0,U-DEC,3,5:00
UFC 189: Mendes vs McGregor,Cody Pfister,Yosdenis Cedeno,Lightweight,0,U-DEC,3,5:00
UFC Fight Night: Machida vs Romero,Yoel Romero,Lyoto Machida,Middleweight,0,KO/TKO Elbows,3,1:38
UFC Fight Night: Machida vs Romero,Lorenz Larkin,Santiago Ponzinibbio,Welterweight,0,KO/TKO Punches,2,3:07
UFC Fight Night: Machida vs Romero,Antonio Carlos Junior,Eddie Gordon,Middleweight,0,SUB Rear Naked Choke,3,4:37
UFC Fight Night: Machida vs Romero,Thiago Santos,Steve Bosse,Middleweight,0,KO/TKO Kick,1,0:29
UFC Fight Night: Machida vs Romero,Hacran Dias,Levan Makashvili,Featherweight,0,S-DEC,3,5:00
UFC Fight Night: Machida vs Romero,Alex Oliveira,Joe Merritt,Welterweight,0,U-DEC,3,5:00
UFC Fight Night: Machida vs Romero,Leandro Silva,Lewis Gonzalez,Welterweight,0,U-DEC,3,5:00
UFC Fight Night: Machida vs Romero,Tony Sims,Steve Montgomery,Welterweight,0,KO/TKO Punch,1,2:43
UFC Fight Night: Machida vs Romero,Sirwan Kakai,Danny Martinez,Bantamweight,0,U-DEC,3,5:00
UFC Fight Night: Jedrzejczyk vs Penne,Joanna Jedrzejczyk,Jessica Penne,Women's Strawweight,1,KO/TKO Punches,3,4:22
UFC Fight Night: Jedrzejczyk vs Penne,Tatsuya Kawajiri,Dennis Siver,Featherweight,0,U-DEC,3,5:00
UFC Fight Night: Jedrzejczyk vs Penne,Peter Sobotta,Steve Kennedy,Welterweight,0,SUB Rear Naked Choke,1,2:57
UFC Fight Night: Jedrzejczyk vs Penne,Nick Hein,Lukasz Sajewski,Lightweight,0,U-DEC,3,5:00
UFC Fight Night: Jedrzejczyk vs Penne,Makwan Amirkhani,Masio Fullen,Featherweight,0,SUB Rear Naked Choke,1,1:41
UFC Fight Night: Jedrzejczyk vs Penne,Mairbek Taisumov,Alan Patrick,Lightweight,0,KO/TKO Kick,2,1:30
UFC Fight Night: Jedrzejczyk vs Penne,Arnold Allen,Alan Omer,Featherweight,0,SUB Guillotine Choke,3,1:41
UFC Fight Night: Jedrzejczyk vs Penne,Noad Lahat,Niklas Backstrom,Featherweight,0,M-DEC,3,5:00
UFC Fight Night: Jedrzejczyk vs Penne,Scott Askham,Antonio Dos Santos,Middleweight,0,KO/TKO Punch,1,2:52
UFC Fight Night: Jedrzejczyk vs Penne,Magomed Mustafaev,Piotr Hallmann,Lightweight,0,KO/TKO,2,3:24
UFC Fight Night: Jedrzejczyk vs Penne,Taylor Lapilus,Yuta Sasaki,Bantamweight,0,KO/TKO Punches,2,1:26
UFC 188: Velasquez vs Werdum,Fabricio Werdum,Cain Velasquez,Heavyweight,1,SUB Guillotine Choke,3,2:13
UFC 188: Velasquez vs Werdum,Eddie Alvarez,Gilbert Melendez,Lightweight,0,S-DEC,3,5:00
UFC 188: Velasquez vs Werdum,Kelvin Gastelum,Nate Marquardt,Middleweight,0,KO/TKO,2,5:00
UFC 188: Velasquez vs Werdum,Yair Rodriguez,Charles Rosa,Featherweight,0,S-DEC,3,5:00
UFC 188: Velasquez vs Werdum,Tecia Pennington,Angela Hill,Women's Strawweight,0,U-DEC,3,5:00
UFC 188: Velasquez vs Werdum,Henry Cejudo,Chico Camus,Flyweight,0,U-DEC,3,5:00
UFC 188: Velasquez vs Werdum,Efrain Escudero,Drew Dober,Lightweight,0,SUB Guillotine Choke,1,0:54
UFC 188: Velasquez vs Werdum,Patrick Williams,Alejandro Perez,Bantamweight,0,SUB Guillotine Choke,1,0:23
UFC 188: Velasquez vs Werdum,Johnny Case,Francisco Trevino,Lightweight,0,U-DEC,3,5:00
UFC 188: Velasquez vs Werdum,Cathal Pendred,Augusto Montano,Welterweight,0,U-DEC,3,5:00
UFC 188: Velasquez vs Werdum,Gabriel Benitez,Clay Collard,Featherweight,0,U-DEC,3,5:00
UFC Fight Night: Boetsch vs Henderson,Dan Henderson,Tim Boetsch,Middleweight,0,KO/TKO Punch,1,0:28
UFC Fight Night: Boetsch vs Henderson,Ben Rothwell,Matt Mitrione,Heavyweight,0,SUB Guillotine Choke,1,1:54
UFC Fight Night: Boetsch vs Henderson,Dustin Poirier,Yancy Medeiros,Lightweight,0,KO/TKO Punches,1,2:38
UFC Fight Night: Boetsch vs Henderson,Brian Ortega,Thiago Tavares,Featherweight,0,KO/TKO Punch,3,4:10
UFC Fight Night: Boetsch vs Henderson,Anthony Birchak,Joe Soto,Bantamweight,0,KO/TKO Punch,1,1:37
UFC Fight Night: Boetsch vs Henderson,Francisco Rivera,Alex Caceres,Bantamweight,0,KO/TKO Punch,1,0:21
UFC Fight Night: Boetsch vs Henderson,Shawn Jordan,Derrick Lewis,Heavyweight,0,KO/TKO Kick,2,0:48
UFC Fight Night: Boetsch vs Henderson,Omari Akhmedov,Brian Ebersole,Welterweight,0,KO/TKO,1,5:00
UFC Fight Night: Boetsch vs Henderson,Chris Wade,Christos Giagos,Lightweight,0,U-DEC,3,5:00
UFC Fight Night: Boetsch vs Henderson,Joe Proctor,Justin Edwards,Lightweight,0,SUB Guillotine Choke,3,4:58
UFC Fight Night: Boetsch vs Henderson,Jake Collier,Ricardo Abreu,Middleweight,0,S-DEC,3,5:00
UFC Fight Night: Boetsch vs Henderson,Jose Quinonez,Leonardo Morales,Bantamweight,0,SUB Rear Naked Choke,1,2:34
UFC Fight Night: Condit vs Alves,Carlos Condit,Thiago Alves,Welterweight,0,KO/TKO,2,5:00
UFC Fight Night: Condit vs Alves,Charles Oliveira,Nik Lentz,Featherweight,0,SUB Guillotine Choke,3,1:10
UFC Fight Night: Condit vs Alves,Alex Oliveira,KJ Noons,Welterweight,0,SUB Rear Naked Choke,1,2:51
UFC Fight Night: Condit vs Alves,Francimar Barroso,Ryan Jimmo,Light Heavyweight,0,U-DEC,3,5:00
UFC Fight Night: Condit vs Alves,Francisco Trinaldo,Norman Parke,Lightweight,0,U-DEC,3,5:00
UFC Fight Night: Condit vs Alves,Darren Till,Wendell Oliveira Marques,Welterweight,0,KO/TKO Elbows,2,1:37
UFC Fight Night: Condit vs Alves,Rony Jason,Damon Jackson,Featherweight,0,Overturned Triangle Choke,1,3:31
UFC Fight Night: Condit vs Alves,Jussier Formiga,Wilson Reis,Flyweight,0,U-DEC,3,5:00
UFC Fight Night: Condit vs Alves,Nicolas Dalby,Elizeu Zaleski dos Santos,Welterweight,0,S-DEC,3,5:00
UFC Fight Night: Condit vs Alves,Mirsad Bektic,Lucas Martins,Featherweight,0,KO/TKO Punches,2,0:30
UFC Fight Night: Condit vs Alves,Juliana Lima,Ericka Almeida,Women's Strawweight,0,U-DEC,3,5:00
UFC Fight Night: Condit vs Alves,Tom Breese,Luiz Dutra,Welterweight,0,KO/TKO Punches,1,4:58
UFC 187: Johnson vs Cormier,Daniel Cormier,Anthony Johnson,Light Heavyweight,1,SUB Rear Naked Choke,3,2:39
UFC 187: Johnson vs Cormier,Chris Weidman,Vitor Belfort,Middleweight,1,KO/TKO Punches,1,2:53
UFC 187: Johnson vs Cormier,Donald Cerrone,John Makdessi,Lightweight,0,KO/TKO Kick,2,4:44
UFC 187: Johnson vs Cormier,Andrei Arlovski,Travis Browne,Heavyweight,0,KO/TKO Punches,1,4:41
UFC 187: Johnson vs Cormier,Joseph Benavidez,John Moraga,Flyweight,0,U-DEC,3,5:00
UFC 187: Johnson vs Cormier,John Dodson,Zach Makovsky,Flyweight,0,U-DEC,3,5:00
UFC 187: Johnson vs Cormier,Dong Hyun Kim,Joshua Burkman,Welterweight,0,SUB Arm Triangle,3,2:13
UFC 187: Johnson vs Cormier,Rafael Natal,Uriah Hall,Middleweight,0,S-DEC,3,5:00
UFC 187: Johnson vs Cormier,Colby Covington,Mike Pyle,Welterweight,0,U-DEC,3,5:00
UFC 187: Johnson vs Cormier,Islam Makhachev,Leo Kuntz,Lightweight,0,SUB Rear Naked Choke,2,2:38
UFC 187: Johnson vs Cormier,Justin Scoggins,Josh Sampo,Flyweight,0,U-DEC,3,5:00
UFC Fight Night: Edgar vs Faber,Frankie Edgar,Urijah Faber,Featherweight,0,U-DEC,5,5:00
UFC Fight Night: Edgar vs Faber,Gegard Mousasi,Constantinos Philippou,Middleweight,0,U-DEC,3,5:00
UFC Fight Night: Edgar vs Faber,Mark Munoz,Luke Barnatt,Middleweight,0,U-DEC,3,5:00
UFC Fight Night: Edgar vs Faber,Neil Magny,Hyun Gyu Lim,Welterweight,0,KO/TKO Punches,2,1:24
UFC Fight Night: Edgar vs Faber,Phillipe Nover,Yui Chul Nam,Featherweight,0,S-DEC,3,5:00
UFC Fight Night: Edgar vs Faber,Levan Makashvili,Mark Eddiva,Featherweight,0,S-DEC,3,5:00
UFC Fight Night: Edgar vs Faber,Jon Tuck,Tae Hyun Bang,Lightweight,0,SUB Rear Naked Choke,1,3:56
UFC Fight Night: Edgar vs Faber,Kajan Johnson,Zhang Lipeng,Lightweight,0,U-DEC,3,5:00
UFC Fight Night: Edgar vs Faber,Li Jingliang,Dhiego Lima,Welterweight,0,KO/TKO Punches,1,1:25
UFC Fight Night: Edgar vs Faber,Guangyou Ning,Royston Wee,Bantamweight,0,KO/TKO Punch,2,4:59
UFC Fight Night: Edgar vs Faber,Jon Delos Reyes,Roldan Sangcha'an,Flyweight,0,SUB Rear Naked Choke,2,3:13
UFC Fight Night: Edgar vs Faber,Yao Zhikui,Nolan Ticman,Flyweight,0,S-DEC,3,5:00
UFC Fight Night: Miocic vs Hunt,Stipe Miocic,Mark Hunt,Heavyweight,0,KO/TKO Punches,5,2:47
UFC Fight Night: Miocic vs Hunt,Robert Whittaker,Brad Tavares,Middleweight,0,KO/TKO Punch,1,0:44
UFC Fight Night: Miocic vs Hunt,Sean O'Connell,Anthony Perosh,Light Heavyweight,0,KO/TKO Punches,1,0:56
UFC Fight Night: Miocic vs Hunt,James Vick,Jake Matthews,Lightweight,0,SUB Guillotine Choke,1,4:53
UFC Fight Night: Miocic vs Hunt,Dan Hooker,Hatsu Hioki,Featherweight,0,KO/TKO Kick,2,4:13
UFC Fight Night: Miocic vs Hunt,Kyle Noke,Jonavin Webb,Welterweight,0,S-DEC,3,5:00
UFC Fight Night: Miocic vs Hunt,Sam Alvey,Daniel Kelly,Middleweight,0,KO/TKO Punch,1,0:49
UFC Fight Night: Miocic vs Hunt,Bec Rawlings,Lisa Ellis,Women's Strawweight,0,SUB Rear Naked Choke,1,4:09
UFC Fight Night: Miocic vs Hunt,Brad Scott,Dylan Andrews,Middleweight,0,SUB Guillotine Choke,2,4:54
UFC Fight Night: Miocic vs Hunt,Alex Chambers,Kailin Curran,Women's Strawweight,0,SUB Armbar,3,3:15
UFC Fight Night: Miocic vs Hunt,Brendan O'Reilly,Vik Grujic,Welterweight,0,U-DEC,3,5:00
UFC Fight Night: Miocic vs Hunt,Ben Nguyen,Alptekin Ozkilic,Flyweight,0,KO/TKO Punch,1,4:59
UFC 186: Johnson vs Horiguchi,Demetrious Johnson,Kyoji Horiguchi,Flyweight,1,SUB Armbar,5,4:59
UFC 186: Johnson vs Horiguchi,Quinton Jackson,Fabio Maldonado,Catch Weight,0,U-DEC,3,5:00
UFC 186: Johnson vs Horiguchi,Michael Bisping,CB Dollaway,Middleweight,0,U-DEC,3,5:00
UFC 186: Johnson vs Horiguchi,John Makdessi,Shane Campbell,Catch Weight,0,KO/TKO Punch,1,4:53
UFC 186: Johnson vs Horiguchi,Thomas Almeida,Yves Jabouin,Bantamweight,0,KO/TKO Punches,1,4:18
UFC 186: Johnson vs Horiguchi,Patrick Cote,Joe Riggs,Welterweight,0,U-DEC,3,5:00
UFC 186: Johnson vs Horiguchi,Alexis Davis,Sarah Kaufman,Women's Bantamweight,0,SUB Armbar,2,3:07
UFC 186: Johnson vs Horiguchi,Chad Laprise,Bryan Barberena,Lightweight,0,U-DEC,3,5:00
UFC 186: Johnson vs Horiguchi,Olivier Aubin-Mercier,David Michaud,Lightweight,0,SUB Rear Naked Choke,3,1:35
UFC 186: Johnson vs Horiguchi,Nordine Taleb,Chris Clements,Welterweight,0,U-DEC,3,5:00
UFC 186: Johnson vs Horiguchi,Valerie Letourneau,Jessica Rakoczy,Women's Strawweight,0,U-DEC,3,5:00
UFC 186: Johnson vs Horiguchi,Randa Markos,Aisling Daly,Women's Strawweight,0,U-DEC,3,5:00
UFC on FOX: Machida vs Rockhold,Luke Rockhold,Lyoto Machida,Middleweight,0,SUB Rear Naked Choke,2,2:31
UFC on FOX: Machida vs Rockhold,Jacare Souza,Chris Camozzi,Middleweight,0,SUB Armbar,1,2:33
UFC on FOX: Machida vs Rockhold,Max Holloway,Cub Swanson,Featherweight,0,SUB Guillotine Choke,3,3:58
UFC on FOX: Machida vs Rockhold,Paige VanZant,Felice Herrig,Women's Strawweight,0,U-DEC,3,5:00
UFC on FOX: Machida vs Rockhold,Beneil Dariush,Jim Miller,Lightweight,0,U-DEC,3,5:00
UFC on FOX: Machida vs Rockhold,Ovince Saint Preux,Patrick Cummins,Light Heavyweight,0,KO/TKO Punch,1,4:54
UFC on FOX: Machida vs Rockhold,Gian Villante,Corey Anderson,Light Heavyweight,0,KO/TKO Punch,3,4:18
UFC on FOX: Machida vs Rockhold,Aljamain Sterling,Takeya Mizugaki,Bantamweight,0,SUB Arm Triangle,3,2:11
UFC on FOX: Machida vs Rockhold,Tim Means,George Sullivan,Welterweight,0,SUB Arm Triangle,3,3:41
UFC on FOX: Machida vs Rockhold,Diego Brandao,Jimy Hettes,Featherweight,0,KO/TKO,1,5:00
UFC on FOX: Machida vs Rockhold,Chris Dempsey,Eddie Gordon,Middleweight,0,S-DEC,3,5:00
UFC Fight Night: Gonzaga vs Cro Cop 2,Mirko Filipovic,Gabriel Gonzaga,Heavyweight,0,KO/TKO Elbows,3,3:30
UFC Fight Night: Gonzaga vs Cro Cop 2,Jimi Manuwa,Jan Blachowicz,Light Heavyweight,0,U-DEC,3,5:00
UFC Fight Night: Gonzaga vs Cro Cop 2,Pawel Pawlak,Sheldon Westcott,Welterweight,0,U-DEC,3,5:00
UFC Fight Night: Gonzaga vs Cro Cop 2,Maryna Moroz,Joanne Wood,Women's Strawweight,0,SUB Armbar,1,1:30
UFC Fight Night: Gonzaga vs Cro Cop 2,Leon Edwards,Seth Baczynski,Welterweight,0,KO/TKO Punch,1,0:08
UFC Fight Night: Gonzaga vs Cro Cop 2,Bartosz Fabinski,Garreth McLellan,Middleweight,0,U-DEC,3,5:00
UFC Fight Night: Gonzaga vs Cro Cop 2,Sergio Moraes,Mickael Lebout,Welterweight,0,U-DEC,3,5:00
UFC Fight Night: Gonzaga vs Cro Cop 2,Yaotzin Meza,Damian Stasiak,Featherweight,0,U-DEC,3,5:00
UFC Fight Night: Gonzaga vs Cro Cop 2,Anthony Hamilton,Daniel Omielanczuk,Heavyweight,0,U-DEC,3,5:00
UFC Fight Night: Gonzaga vs Cro Cop 2,Aleksandra Albu,Izabela Badurek,Women's Strawweight,0,SUB Guillotine Choke,2,3:34
UFC Fight Night: Gonzaga vs Cro Cop 2,Stevie Ray,Marcin Bandel,Lightweight,0,KO/TKO Punches,2,1:35
UFC Fight Night: Gonzaga vs Cro Cop 2,Taylor Lapilus,Rocky Lee,Featherweight,0,U-DEC,3,5:00
UFC Fight Night: Mendes vs Lamas,Chad Mendes,Ricardo Lamas,Featherweight,0,KO/TKO Punches,1,2:45
UFC Fight Night: Mendes vs Lamas,Al Iaquinta,Jorge Masvidal,Lightweight,0,S-DEC,3,5:00
UFC Fight Night: Mendes vs Lamas,Michael Chiesa,Mitch Clarke,Lightweight,0,U-DEC,3,5:00
UFC Fight Night: Mendes vs Lamas,Julianna Pena,Milana Dudieva,Women's Bantamweight,0,KO/TKO Elbows,1,3:59
UFC Fight Night: Mendes vs Lamas,Clay Guida,Robert Peralta,Featherweight,0,U-DEC,3,5:00
UFC Fight Night: Mendes vs Lamas,Dustin Poirier,Diego Ferreira,Lightweight,0,KO/TKO Punch,1,3:45
UFC Fight Night: Mendes vs Lamas,Liz Carmouche,Lauren Murphy,Women's Bantamweight,0,U-DEC,3,5:00
UFC Fight Night: Mendes vs Lamas,Alexander Yakovlev,Gray Maynard,Lightweight,0,U-DEC,3,5:00
UFC Fight Night: Mendes vs Lamas,Timothy Johnson,Shamil Abdurakhimov,Heavyweight,0,KO/TKO Punches,1,4:57
UFC Fight Night: Mendes vs Lamas,Ron Stallings,Justin Jones,Middleweight,0,U-DEC,3,5:00
UFC Fight Night: Maia vs LaFlare,Demian Maia,Ryan LaFlare,Welterweight,0,U-DEC,5,5:00
UFC Fight Night: Maia vs LaFlare,Erick Silva,Josh Koscheck,Welterweight,0,SUB Guillotine Choke,1,4:21
UFC Fight Night: Maia vs LaFlare,Leonardo Santos,Anthony Rocco Martin,Lightweight,0,SUB Rear Naked Choke,2,2:29
UFC Fight Night: Maia vs LaFlare,Amanda Nunes,Shayna Baszler,Women's Bantamweight,0,KO/TKO Kick,1,1:56
UFC Fight Night: Maia vs LaFlare,Gilbert Burns,Alex Oliveira,Lightweight,0,SUB Armbar,3,4:14
UFC Fight Night: Maia vs LaFlare,Godofredo Pepey,Andre Fili,Featherweight,0,SUB Triangle Choke,1,3:14
UFC Fight Night: Maia vs LaFlare,Francisco Trinaldo,Akbarh Arreola,Lightweight,0,U-DEC,3,5:00
UFC Fight Night: Maia vs LaFlare,Edimilson Souza,Katsunori Kikuno,Featherweight,0,KO/TKO Punch,1,1:31
UFC Fight Night: Maia vs LaFlare,Leandro Silva,Drew Dober,Lightweight,0,Overturned Guillotine Choke,2,2:45
UFC Fight Night: Maia vs LaFlare,Leonardo Mafra,Cain Carrizosa,Lightweight,0,U-DEC,3,5:00
UFC Fight Night: Maia vs LaFlare,Christos Giagos,Jorge de Oliveira,Lightweight,0,SUB Rear Naked Choke,1,3:12
UFC Fight Night: Maia vs LaFlare,Fredy Serrano,Bentley Syler,Flyweight,0,KO/TKO Punch,3,1:34
UFC 185: Pettis vs Dos Anjos,Rafael Dos Anjos,Anthony Pettis,Lightweight,1,U-DEC,5,5:00
UFC 185: Pettis vs Dos Anjos,Joanna Jedrzejczyk,Carla Esparza,Women's Strawweight,1,KO/TKO Punches,2,4:17
UFC 185: Pettis vs Dos Anjos,Johny Hendricks,Matt Brown,Welterweight,0,U-DEC,3,5:00
UFC 185: Pettis vs Dos Anjos,Alistair Overeem,Roy Nelson,Heavyweight,0,U-DEC,3,5:00
UFC 185: Pettis vs Dos Anjos,Henry Cejudo,Chris Cariaso,Flyweight,0,U-DEC,3,5:00
UFC 185: Pettis vs Dos Anjos,Ross Pearson,Sam Stout,Lightweight,0,KO/TKO Punch,2,1:33
UFC 185: Pettis vs Dos Anjos,Elias Theodorou,Roger Narvaez,Middleweight,0,KO/TKO Punches,2,4:07
UFC 185: Pettis vs Dos Anjos,Beneil Dariush,Daron Cruickshank,Lightweight,0,SUB Rear Naked Choke,2,2:38
UFC 185: Pettis vs Dos Anjos,Jared Rosholt,Josh Copeland,Heavyweight,0,KO/TKO Punches,3,3:12
UFC 185: Pettis vs Dos Anjos,Ryan Benoit,Sergio Pettis,Flyweight,0,KO/TKO Punch,2,1:34
UFC 185: Pettis vs Dos Anjos,Joe Duffy,Jake Lindsey,Lightweight,0,KO/TKO Punch,1,1:47
UFC 185: Pettis vs Dos Anjos,Germaine de Randamie,Larissa Pacheco,Women's Bantamweight,0,KO/TKO Punch,2,2:02
UFC 184: Rousey vs Zingano,Ronda Rousey,Cat Zingano,Women's Bantamweight,1,SUB Armbar,1,0:14
UFC 184: Rousey vs Zingano,Holly Holm,Raquel Pennington,Women's Bantamweight,0,S-DEC,3,5:00
UFC 184: Rousey vs Zingano,Jake Ellenberger,Josh Koscheck,Welterweight,0,SUB North-South Choke,2,4:20
UFC 184: Rousey vs Zingano,Alan Jouban,Richard Walsh,Welterweight,0,KO/TKO Elbow,1,2:19
UFC 184: Rousey vs Zingano,Tony Ferguson,Gleison Tibau,Lightweight,0,SUB Rear Naked Choke,1,2:37
UFC 184: Rousey vs Zingano,Roan Carneiro,Mark Munoz,Middleweight,0,SUB Rear Naked Choke,1,1:40
UFC 184: Rousey vs Zingano,Roman Salazar,Norifumi Yamamoto,Bantamweight,0,CNC,2,2:37
UFC 184: Rousey vs Zingano,Tim Means,Dhiego Lima,Welterweight,0,KO/TKO Punch,1,2:17
UFC 184: Rousey vs Zingano,Derrick Lewis,Ruan Potts,Heavyweight,0,KO/TKO Punches,2,3:18
UFC 184: Rousey vs Zingano,Valmir Lazaro,James Krause,Lightweight,0,S-DEC,3,5:00
UFC 184: Rousey vs Zingano,Masio Fullen,Alex Torres,Featherweight,0,S-DEC,3,5:00
UFC Fight Night: Bigfoot vs Mir,Frank Mir,Antonio Silva,Heavyweight,0,KO/TKO Punch,1,1:40
UFC Fight Night: Bigfoot vs Mir,Michael Johnson,Edson Barboza,Lightweight,0,U-DEC,3,5:00
UFC Fight Night: Bigfoot vs Mir,Sam Alvey,Cezar Ferreira,Middleweight,0,KO/TKO Punches,1,3:34
UFC Fight Night: Bigfoot vs Mir,Adriano Martins,Rustam Khabilov,Lightweight,0,S-DEC,3,5:00
UFC Fight Night: Bigfoot vs Mir,Frankie Saenz,Iuri Alcantara,Bantamweight,0,U-DEC,3,5:00
UFC Fight Night: Bigfoot vs Mir,Santiago Ponzinibbio,Sean Strickland,Welterweight,0,U-DEC,3,5:00
UFC Fight Night: Bigfoot vs Mir,Marion Reneau,Jessica Andrade,Women's Bantamweight,0,SUB Triangle Choke,1,1:54
UFC Fight Night: Bigfoot vs Mir,Matt Dwyer,William Macario,Welterweight,0,KO/TKO Punch,1,3:14
UFC Fight Night: Bigfoot vs Mir,Mike de la Torre,Tiago dos Santos e Silva,Featherweight,0,KO/TKO Punch,1,2:59
UFC Fight Night: Bigfoot vs Mir,Douglas Silva de Andrade,Cody Gibson,Bantamweight,0,U-DEC,3,5:00
UFC Fight Night: Bigfoot vs Mir,Ivan Jorge,Josh Shockley,Lightweight,0,U-DEC,3,5:00
UFC Fight Night: Henderson vs Thatch,Benson Henderson,Brandon Thatch,Welterweight,0,SUB Rear Naked Choke,4,3:58
UFC Fight Night: Henderson vs Thatch,Max Holloway,Cole Miller,Featherweight,0,U-DEC,3,5:00
UFC Fight Night: Henderson vs Thatch,Neil Magny,Kiichi Kunimoto,Welterweight,0,SUB Rear Naked Choke,3,1:22
UFC Fight Night: Henderson vs Thatch,Daniel Kelly,Patrick Walsh,Middleweight,0,U-DEC,3,5:00
UFC Fight Night: Henderson vs Thatch,Kevin Lee,Michel Prazeres,Lightweight,0,U-DEC,3,5:00
UFC Fight Night: Henderson vs Thatch,Ray Borg,Chris Kelades,Flyweight,0,SUB Kimura,3,2:56
UFC Fight Night: Henderson vs Thatch,Efrain Escudero,Rodrigo de Lima,Lightweight,0,U-DEC,3,5:00
UFC Fight Night: Henderson vs Thatch,Chas Skelly,Jim Alers,Featherweight,0,KO/TKO Punches,2,4:59
UFC Fight Night: Henderson vs Thatch,Zach Makovsky,Tim Elliott,Flyweight,0,U-DEC,3,5:00
UFC Fight Night: Henderson vs Thatch,James Moontasri,Cody Pfister,Lightweight,0,SUB Rear Naked Choke,2,1:49
UFC 183: Silva vs Diaz,Anderson Silva,Nick Diaz,Middleweight,0,Overturned,5,5:00
UFC 183: Silva vs Diaz,Tyron Woodley,Kelvin Gastelum,Welterweight,0,S-DEC,3,5:00
UFC 183: Silva vs Diaz,Al Iaquinta,Joe Lauzon,Lightweight,0,KO/TKO Punches,2,3:34
UFC 183: Silva vs Diaz,Thales Leites,Tim Boetsch,Middleweight,0,SUB Arm Triangle,2,3:45
UFC 183: Silva vs Diaz,Thiago Alves,Jordan Mein,Welterweight,0,KO/TKO Kick,2,0:39
UFC 183: Silva vs Diaz,Miesha Tate,Sara McMann,Women's Bantamweight,0,M-DEC,3,5:00
UFC 183: Silva vs Diaz,Derek Brunson,Ed Herman,Middleweight,0,KO/TKO Punch,1,0:36
UFC 183: Silva vs Diaz,John Lineker,Ian McCall,Flyweight,0,U-DEC,3,5:00
UFC 183: Silva vs Diaz,Rafael Natal,Tom Watson,Middleweight,0,U-DEC,3,5:00
UFC 183: Silva vs Diaz,Ildemar Alcantara,Richardson Moreira,Middleweight,0,S-DEC,3,5:00
UFC 183: Silva vs Diaz,Thiago Santos,Andy Enz,Middleweight,0,KO/TKO Punches,1,1:56
UFC on FOX: Gustafsson vs Johnson,Anthony Johnson,Alexander Gustafsson,Light Heavyweight,0,KO/TKO Punches,1,2:15
UFC on FOX: Gustafsson vs Johnson,Gegard Mousasi,Dan Henderson,Middleweight,0,KO/TKO Punch,1,1:10
UFC on FOX: Gustafsson vs Johnson,Ryan Bader,Phil Davis,Light Heavyweight,0,S-DEC,3,5:00
UFC on FOX: Gustafsson vs Johnson,Sam Sicilia,Akira Corassani,Featherweight,0,KO/TKO Punch,1,3:26
UFC on FOX: Gustafsson vs Johnson,Albert Tumenov,Nicholas Musoke,Welterweight,0,U-DEC,3,5:00
UFC on FOX: Gustafsson vs Johnson,Kenny Robertson,Sultan Aliev,Welterweight,0,KO/TKO Punch,1,2:42
UFC on FOX: Gustafsson vs Johnson,Makwan Amirkhani,Andy Ogle,Featherweight,0,KO/TKO Punches,1,0:08
UFC on FOX: Gustafsson vs Johnson,Nikita Krylov,Stanislav Nedkov,Light Heavyweight,0,SUB Guillotine Choke,1,1:24
UFC on FOX: Gustafsson vs Johnson,Mairbek Taisumov,Anthony Christodoulou,Lightweight,0,KO/TKO Punches,2,0:38
UFC on FOX: Gustafsson vs Johnson,Mirsad Bektic,Paul Redmond,Featherweight,0,U-DEC,3,5:00
UFC on FOX: Gustafsson vs Johnson,Viktor Pesta,Konstantin Erokhin,Heavyweight,0,U-DEC,3,5:00
UFC on FOX: Gustafsson vs Johnson,Neil Seery,Chris Beal,Flyweight,0,U-DEC,3,5:00
UFC Fight Night: McGregor vs Siver,Conor McGregor,Dennis Siver,Featherweight,0,KO/TKO Punch,2,1:54
UFC Fight Night: McGregor vs Siver,Donald Cerrone,Benson Henderson,Lightweight,0,U-DEC,3,5:00
UFC Fight Night: McGregor vs Siver,Uriah Hall,Ron Stallings,Middleweight,0,KO/TKO,1,3:37
UFC Fight Night: McGregor vs Siver,Gleison Tibau,Norman Parke,Lightweight,0,S-DEC,3,5:00
UFC Fight Night: McGregor vs Siver,Cathal Pendred,Sean Spencer,Welterweight,0,U-DEC,3,5:00
UFC Fight Night: McGregor vs Siver,Lorenz Larkin,John Howard,Welterweight,0,KO/TKO Punch,1,2:17
UFC Fight Night: McGregor vs Siver,Chris Wade,Zhang Lipeng,Lightweight,0,U-DEC,3,5:00
UFC Fight Night: McGregor vs Siver,Paddy Holohan,Shane Howell,Flyweight,0,U-DEC,3,5:00
UFC Fight Night: McGregor vs Siver,Johnny Case,Frankie Perez,Lightweight,0,KO/TKO Punches,3,1:54
UFC Fight Night: McGregor vs Siver,Charles Rosa,Sean Soriano,Featherweight,0,SUB D'Arce Choke,3,4:43
UFC Fight Night: McGregor vs Siver,Sean O'Connell,Matt Van Buren,Light Heavyweight,0,KO/TKO Punches,3,2:11
UFC Fight Night: McGregor vs Siver,Joby Sanchez,Tateki Matsuda,Flyweight,0,S-DEC,3,5:00
UFC 182: Jones vs Cormier,Jon Jones,Daniel Cormier,Light Heavyweight,1,U-DEC,5,5:00
UFC 182: Jones vs Cormier,Donald Cerrone,Myles Jury,Lightweight,0,U-DEC,3,5:00
UFC 182: Jones vs Cormier,Brad Tavares,Nate Marquardt,Middleweight,0,U-DEC,3,5:00
UFC 182: Jones vs Cormier,Kyoji Horiguchi,Louis Gaudinot,Flyweight,0,U-DEC,3,5:00
UFC 182: Jones vs Cormier,Hector Lombard,Joshua Burkman,Welterweight,0,Overturned,3,5:00
UFC 182: Jones vs Cormier,Paul Felder,Danny Castillo,Lightweight,0,KO/TKO Spinning Back Fist,2,2:09
UFC 182: Jones vs Cormier,Cody Garbrandt,Marcus Brimage,Bantamweight,0,KO/TKO Punches,3,4:50
UFC 182: Jones vs Cormier,Shawn Jordan,Jared Cannonier,Heavyweight,0,KO/TKO Punch,1,2:57
UFC 182: Jones vs Cormier,Evan Dunham,Rodrigo Damm,Lightweight,0,U-DEC,3,5:00
UFC 182: Jones vs Cormier,Omari Akhmedov,Mats Nilsson,Welterweight,0,U-DEC,3,5:00
UFC 182: Jones vs Cormier,Marion Reneau,Alexis Dufresne,Women's Bantamweight,0,U-DEC,3,5:00
UFC Fight Night: Machida vs Dollaway,Lyoto Machida,CB Dollaway,Middleweight,0,KO/TKO Kick,1,1:02
UFC Fight Night: Machida vs Dollaway,Renan Barao,Mitch Gagnon,Bantamweight,0,SUB Arm Triangle,3,3:53
UFC Fight Night: Machida vs Dollaway,Patrick Cummins,Antonio Carlos Junior,Light Heavyweight,0,U-DEC,3,5:00
UFC Fight Night: Machida vs Dollaway,Rashid Magomedov,Elias Silverio,Lightweight,0,KO/TKO Punches,3,4:57
UFC Fight Night: Machida vs Dollaway,Erick Silva,Mike Rhodes,Welterweight,0,SUB Arm Triangle,1,1:15
UFC Fight Night: Machida vs Dollaway,Daniel Sarafian,Antonio Dos Santos,Middleweight,0,KO/TKO,2,1:01
UFC Fight Night: Machida vs Dollaway,Marcos Rogerio de Lima,Igor Pokrajac,Light Heavyweight,0,KO/TKO Punches,1,1:59
UFC Fight Night: Machida vs Dollaway,Renato Moicano,Tom Niinimaki,Featherweight,0,SUB Rear Naked Choke,2,3:30
UFC Fight Night: Machida vs Dollaway,Hacran Dias,Darren Elkins,Featherweight,0,U-DEC,3,5:00
UFC Fight Night: Machida vs Dollaway,Leandro Issa,Yuta Sasaki,Bantamweight,0,SUB Neck Crank,2,4:13
UFC Fight Night: Machida vs Dollaway,Tim Means,Marcio Alexandre Junior,Welterweight,0,S-DEC,3,5:00
UFC Fight Night: Machida vs Dollaway,Vitor Miranda,Jake Collier,Middleweight,0,KO/TKO Kick,1,4:59
UFC on FOX: Dos Santos vs Miocic,Junior Dos Santos,Stipe Miocic,Heavyweight,0,U-DEC,5,5:00
UFC on FOX: Dos Santos vs Miocic,Rafael Dos Anjos,Nate Diaz,Lightweight,0,U-DEC,3,5:00
UFC on FOX: Dos Santos vs Miocic,Alistair Overeem,Stefan Struve,Heavyweight,0,KO/TKO Punch,1,4:13
UFC on FOX: Dos Santos vs Miocic,Matt Mitrione,Gabriel Gonzaga,Heavyweight,0,KO/TKO Punch,1,1:59
UFC on FOX: Dos Santos vs Miocic,Joanna Jedrzejczyk,Claudia Gadelha,Women's Strawweight,0,S-DEC,3,5:00
UFC on FOX: Dos Santos vs Miocic,John Moraga,Willie Gates,Flyweight,0,SUB Rear Naked Choke,3,4:06
UFC on FOX: Dos Santos vs Miocic,Ben Saunders,Joe Riggs,Welterweight,0,SUB Injury,1,0:57
UFC on FOX: Dos Santos vs Miocic,Drew Dober,Jamie Varner,Lightweight,0,SUB Rear Naked Choke,1,1:52
UFC on FOX: Dos Santos vs Miocic,Bryan Barberena,Joe Ellenberger,Lightweight,0,KO/TKO Punches,3,3:24
UFC on FOX: Dos Santos vs Miocic,David Michaud,Garett Whiteley,Lightweight,0,U-DEC,3,5:00
UFC on FOX: Dos Santos vs Miocic,Henry Cejudo,Dustin Kimura,Bantamweight,0,U-DEC,3,5:00
UFC on FOX: Dos Santos vs Miocic,Ian Entwistle,Anthony Birchak,Bantamweight,0,SUB Heel Hook,1,1:04
The Ultimate Fighter: A Champion Will Be Crowned Finale,Carla Esparza,Rose Namajunas,Women's Strawweight,1,SUB Rear Naked Choke,3,1:26
The Ultimate Fighter: A Champion Will Be Crowned Finale,Charles Oliveira,Jeremy Stephens,Featherweight,0,U-DEC,3,5:00
The Ultimate Fighter: A Champion Will Be Crowned Finale,KJ Noons,Daron Cruickshank,Lightweight,0,CNC,2,0:25
The Ultimate Fighter: A Champion Will Be Crowned Finale,Yancy Medeiros,Joe Proctor,Lightweight,0,SUB Guillotine Choke,1,4:37
The Ultimate Fighter: A Champion Will Be Crowned Finale,Jessica Penne,Randa Markos,Women's Strawweight,0,S-DEC,3,5:00
The Ultimate Fighter: A Champion Will Be Crowned Finale,Felice Herrig,Lisa Ellis,Women's Strawweight,0,SUB Armbar,2,3:05
The Ultimate Fighter: A Champion Will Be Crowned Finale,Heather Clark,Bec Rawlings,Women's Strawweight,0,U-DEC,3,5:00
The Ultimate Fighter: A Champion Will Be Crowned Finale,Joanne Wood,Seo Hee Ham,Women's Strawweight,0,U-DEC,3,5:00
The Ultimate Fighter: A Champion Will Be Crowned Finale,Tecia Pennington,Angela Magana,Women's Strawweight,0,U-DEC,3,5:00
The Ultimate Fighter: A Champion Will Be Crowned Finale,Aisling Daly,Alex Chambers,Women's Strawweight,0,SUB Armbar,1,4:53
The Ultimate Fighter: A Champion Will Be Crowned Finale,Angela Hill,Emily Kagan,Women's Strawweight,0,U-DEC,3,5:00
UFC 181: Hendricks vs Lawler II,Robbie Lawler,Johny Hendricks,Welterweight,1,S-DEC,5,5:00
UFC 181: Hendricks vs Lawler II,Anthony Pettis,Gilbert Melendez,Lightweight,1,SUB Guillotine Choke,2,1:53
UFC 181: Hendricks vs Lawler II,Travis Browne,Brendan Schaub,Heavyweight,0,KO/TKO Punches,1,4:50
UFC 181: Hendricks vs Lawler II,Todd Duffee,Anthony Hamilton,Heavyweight,0,KO/TKO Punch,1,0:33
UFC 181: Hendricks vs Lawler II,Tony Ferguson,Abel Trujillo,Lightweight,0,SUB Rear Naked Choke,2,4:19
UFC 181: Hendricks vs Lawler II,Urijah Faber,Francisco Rivera,Bantamweight,0,SUB Bulldog Choke,2,1:34
UFC 181: Hendricks vs Lawler II,Josh Samman,Eddie Gordon,Middleweight,0,KO/TKO Kick,2,3:08
UFC 181: Hendricks vs Lawler II,Corey Anderson,Justin Jones,Light Heavyweight,0,U-DEC,3,5:00
UFC 181: Hendricks vs Lawler II,Raquel Pennington,Ashlee Evans-Smith,Women's Bantamweight,0,SUB Bulldog Choke,1,4:59
UFC 181: Hendricks vs Lawler II,Sergio Pettis,Matt Hobar,Bantamweight,0,U-DEC,3,5:00
UFC 181: Hendricks vs Lawler II,Clay Collard,Alex White,Featherweight,0,U-DEC,3,5:00
UFC Fight Night: Edgar vs Swanson,Frankie Edgar,Cub Swanson,Featherweight,0,SUB Neck Crank,5,4:56
UFC Fight Night: Edgar vs Swanson,Edson Barboza,King Green,Lightweight,0,U-DEC,3,5:00
UFC Fight Night: Edgar vs Swanson,Chico Camus,Brad Pickett,Flyweight,0,S-DEC,3,5:00
UFC Fight Night: Edgar vs Swanson,Aleksei Oleinik,Jared Rosholt,Heavyweight,0,KO/TKO Punch,1,3:21
UFC Fight Night: Edgar vs Swanson,Joseph Benavidez,Dustin Ortiz,Flyweight,0,U-DEC,3,5:00
UFC Fight Night: Edgar vs Swanson,Matt Wiman,Isaac Vallie-Flagg,Lightweight,0,U-DEC,3,5:00
UFC Fight Night: Edgar vs Swanson,Ruslan Magomedov,Josh Copeland,Heavyweight,0,U-DEC,3,5:00
UFC Fight Night: Edgar vs Swanson,Roger Narvaez,Luke Barnatt,Middleweight,0,S-DEC,3,5:00
UFC Fight Night: Edgar vs Swanson,James Vick,Nick Hein,Lightweight,0,U-DEC,3,5:00
UFC Fight Night: Edgar vs Swanson,Akbarh Arreola,Yves Edwards,Lightweight,0,SUB Armbar,1,1:52
UFC Fight Night: Edgar vs Swanson,Paige VanZant,Kailin Curran,Women's Strawweight,0,KO/TKO Punches,3,2:54
UFC Fight Night: Edgar vs Swanson,Dooho Choi,Juan Manuel Puig,Featherweight,0,KO/TKO Punch,1,0:18
UFC 180: Werdum vs Hunt,Fabricio Werdum,Mark Hunt,Heavyweight,1,KO/TKO Flying Knee,2,2:27
UFC 180: Werdum vs Hunt,Kelvin Gastelum,Jake Ellenberger,Welterweight,0,SUB Rear Naked Choke,1,4:46
UFC 180: Werdum vs Hunt,Ricardo Lamas,Dennis Bermudez,Featherweight,0,SUB Guillotine Choke,1,3:18
UFC 180: Werdum vs Hunt,Augusto Montano,Chris Heatherly,Welterweight,0,KO/TKO Knees,1,4:50
UFC 180: Werdum vs Hunt,Hector Urbina,Edgar Garcia,Welterweight,0,SUB Guillotine Choke,1,3:38
UFC 180: Werdum vs Hunt,Yair Rodriguez,Leonardo Morales,Featherweight,1,U-DEC,3,5:00
UFC 180: Werdum vs Hunt,Alejandro Perez,Jose Quinonez,Bantamweight,1,U-DEC,3,5:00
UFC 180: Werdum vs Hunt,Jessica Eye,Leslie Smith,Women's Bantamweight,0,KO/TKO,2,1:30
UFC 180: Werdum vs Hunt,Gabriel Benitez,Humberto Brown Morrison,Featherweight,0,SUB Guillotine Choke,3,0:30
UFC 180: Werdum vs Hunt,Henry Briones,Guido Cannetti,Bantamweight,0,SUB Rear Naked Choke,2,1:44
UFC 180: Werdum vs Hunt,Marco Beltran,Marlon Vera,Bantamweight,0,U-DEC,3,5:00
UFC Fight Night 56: Shogun vs Saint Preux,Ovince Saint Preux,Mauricio Rua,Light Heavyweight,0,KO/TKO Punch,1,0:34
UFC Fight Night 56: Shogun vs Saint Preux,Warlley Alves,Alan Jouban,Welterweight,0,U-DEC,3,5:00
UFC Fight Night 56: Shogun vs Saint Preux,Claudio Silva,Leon Edwards,Welterweight,0,S-DEC,3,5:00
UFC Fight Night 56: Shogun vs Saint Preux,Dhiego Lima,Jorge de Oliveira,Welterweight,0,U-DEC,3,5:00
UFC Fight Night 56: Shogun vs Saint Preux,Juliana Lima,Nina Nunes,Women's Strawweight,0,U-DEC,3,5:00
UFC Fight Night 56: Shogun vs Saint Preux,Diego Rivas,Rodolfo Rubio Perez,Featherweight,0,U-DEC,3,5:00
UFC Fight Night 56: Shogun vs Saint Preux,Caio Magalhaes,Trevor Smith,Middleweight,0,KO/TKO Punch,1,0:31
UFC Fight Night 56: Shogun vs Saint Preux,Leandro Silva,Charlie Brenneman,Lightweight,0,SUB Rear Naked Choke,1,4:15
UFC Fight Night 56: Shogun vs Saint Preux,Thomas Almeida,Tim Gorman,Bantamweight,0,U-DEC,3,5:00
UFC Fight Night 56: Shogun vs Saint Preux,Colby Covington,Wagner Silva,Welterweight,0,SUB Rear Naked Choke,3,3:26
UFC Fight Night: Rockhold vs Bisping,Luke Rockhold,Michael Bisping,Middleweight,0,SUB Guillotine Choke,2,0:57
UFC Fight Night: Rockhold vs Bisping,Al Iaquinta,Ross Pearson,Lightweight,0,KO/TKO Punch,2,1:39
UFC Fight Night: Rockhold vs Bisping,Robert Whittaker,Clint Hester,Middleweight,0,KO/TKO Knee,2,2:43
UFC Fight Night: Rockhold vs Bisping,Soa Palelei,Walt Harris,Heavyweight,0,KO/TKO Punches,2,4:49
UFC Fight Night: Rockhold vs Bisping,Jake Matthews,Vagner Rocha,Lightweight,0,SUB Rear Naked Choke,2,1:52
UFC Fight Night: Rockhold vs Bisping,Anthony Perosh,Guto Inocente,Light Heavyweight,0,SUB Rear Naked Choke,1,3:46
UFC Fight Night: Rockhold vs Bisping,Sam Alvey,Dylan Andrews,Middleweight,0,KO/TKO Punches,1,2:16
UFC Fight Night: Rockhold vs Bisping,Louis Smolka,Richie Vaculik,Flyweight,0,KO/TKO Kick,3,0:18
UFC Fight Night: Rockhold vs Bisping,Chris Clements,Vik Grujic,Welterweight,0,KO/TKO Knee,1,3:06
UFC Fight Night: Rockhold vs Bisping,Daniel Kelly,Luke Zachrich,Middleweight,0,SUB Kimura,1,4:27
UFC Fight Night: Rockhold vs Bisping,Marcus Brimage,Jumabieke Tuerxun,Bantamweight,0,KO/TKO Kick,1,2:58
UFC 179: Aldo vs Mendes 2,Jose Aldo,Chad Mendes,Featherweight,1,U-DEC,5,5:00
UFC 179: Aldo vs Mendes 2,Phil Davis,Glover Teixeira,Light Heavyweight,0,U-DEC,3,5:00
UFC 179: Aldo vs Mendes 2,Fabio Maldonado,Hans Stringer,Light Heavyweight,0,KO/TKO Punches,2,4:06
UFC 179: Aldo vs Mendes 2,Darren Elkins,Lucas Martins,Featherweight,0,S-DEC,3,5:00
UFC 179: Aldo vs Mendes 2,Beneil Dariush,Diego Ferreira,Lightweight,0,U-DEC,3,5:00
UFC 179: Aldo vs Mendes 2,Neil Magny,William Macario,Welterweight,0,KO/TKO Punches,3,2:40
UFC 179: Aldo vs Mendes 2,Yan Cabral,Naoyuki Kotani,Lightweight,0,SUB Rear Naked Choke,2,3:06
UFC 179: Aldo vs Mendes 2,Wilson Reis,Scott Jorgensen,Flyweight,0,SUB Arm Triangle,1,3:28
UFC 179: Aldo vs Mendes 2,Andre Fili,Felipe Arantes,Featherweight,0,U-DEC,3,5:00
UFC 179: Aldo vs Mendes 2,Gilbert Burns,Christos Giagos,Lightweight,0,SUB Armbar,1,4:57
UFC 179: Aldo vs Mendes 2,Anthony Rocco Martin,Fabricio Camoes,Lightweight,0,SUB Kimura,1,4:16
UFC Fight Night: MacDonald vs Saffiedine,Rory MacDonald,Tarec Saffiedine,Welterweight,0,KO/TKO Punch,3,1:28
UFC Fight Night: MacDonald vs Saffiedine,Raphael Assuncao,Bryan Caraway,Bantamweight,0,U-DEC,3,5:00
UFC Fight Night: MacDonald vs Saffiedine,Chad Laprise,Yosdenis Cedeno,Lightweight,0,U-DEC,3,5:00
UFC Fight Night: MacDonald vs Saffiedine,Elias Theodorou,Bruno Santos,Middleweight,0,U-DEC,3,5:00
UFC Fight Night: MacDonald vs Saffiedine,Nordine Taleb,Li Jingliang,Welterweight,0,S-DEC,3,5:00
UFC Fight Night: MacDonald vs Saffiedine,Mitch Gagnon,Roman Salazar,Bantamweight,0,SUB Rear Naked Choke,1,2:06
UFC Fight Night: MacDonald vs Saffiedine,Daron Cruickshank,Anthony Njokuani,Lightweight,0,U-DEC,3,5:00
UFC Fight Night: MacDonald vs Saffiedine,Olivier Aubin-Mercier,Jake Lindsey,Lightweight,0,SUB Inverted Triangle,2,3:22
UFC Fight Night: MacDonald vs Saffiedine,Paul Felder,Jason Saggo,Lightweight,0,S-DEC,3,5:00
UFC Fight Night: MacDonald vs Saffiedine,Chris Kelades,Paddy Holohan,Flyweight,0,U-DEC,3,5:00
UFC Fight Night: MacDonald vs Saffiedine,Albert Tumenov,Matt Dwyer,Welterweight,0,KO/TKO Kick,1,1:03
UFC Fight Night: MacDonald vs Saffiedine,Pedro Munhoz,Jerrod Sanders,Bantamweight,0,Overturned Guillotine Choke,1,0:39
UFC Fight Night: Nelson vs Story,Rick Story,Gunnar Nelson,Welterweight,0,S-DEC,5,5:00
UFC Fight Night: Nelson vs Story,Max Holloway,Akira Corassani,Featherweight,0,KO/TKO Punch,1,3:11
UFC Fight Night: Nelson vs Story,Jan Blachowicz,Ilir Latifi,Light Heavyweight,0,KO/TKO Kick,1,1:58
UFC Fight Night: Nelson vs Story,Mike Wilkinson,Niklas Backstrom,Featherweight,0,KO/TKO Punch,1,1:19
UFC Fight Night: Nelson vs Story,Magnus Cedenblad,Scott Askham,Middleweight,0,U-DEC,3,5:00
UFC Fight Night: Nelson vs Story,Nicholas Musoke,Alexander Yakovlev,Welterweight,0,U-DEC,3,5:00
UFC Fight Night: Nelson vs Story,Dennis Siver,Charles Rosa,Featherweight,0,U-DEC,3,5:00
UFC Fight Night: Nelson vs Story,Cathal Pendred,Gasan Umalatov,Welterweight,0,S-DEC,3,5:00
UFC Fight Night: Nelson vs Story,Krzysztof Jotko,Tor Troeng,Middleweight,0,U-DEC,3,5:00
UFC Fight Night: Nelson vs Story,Mairbek Taisumov,Marcin Bandel,Lightweight,0,KO/TKO Punch,1,1:01
UFC Fight Night: Nelson vs Story,Zubaira Tukhugov,Ernest Chavez,Featherweight,0,KO/TKO Punches,1,4:21
UFC 178: Johnson vs Cariaso,Demetrious Johnson,Chris Cariaso,Flyweight,1,SUB Kimura,2,2:29
UFC 178: Johnson vs Cariaso,Donald Cerrone,Eddie Alvarez,Lightweight,0,U-DEC,3,5:00
UFC 178: Johnson vs Cariaso,Conor McGregor,Dustin Poirier,Featherweight,0,KO/TKO Punch,1,1:46
UFC 178: Johnson vs Cariaso,Yoel Romero,Tim Kennedy,Middleweight,0,KO/TKO Punch,3,0:58
UFC 178: Johnson vs Cariaso,Cat Zingano,Amanda Nunes,Women's Bantamweight,0,KO/TKO Punches,3,1:21
UFC 178: Johnson vs Cariaso,Dominick Cruz,Takeya Mizugaki,Bantamweight,0,KO/TKO Punches,1,1:01
UFC 178: Johnson vs Cariaso,Jorge Masvidal,James Krause,Lightweight,0,U-DEC,3,5:00
UFC 178: Johnson vs Cariaso,Stephen Thompson,Patrick Cote,Welterweight,0,U-DEC,3,5:00
UFC 178: Johnson vs Cariaso,Brian Ebersole,John Howard,Welterweight,0,S-DEC,3,5:00
UFC 178: Johnson vs Cariaso,Kevin Lee,Jon Tuck,Lightweight,0,U-DEC,3,5:00
UFC 178: Johnson vs Cariaso,Manvel Gamburyan,Cody Gibson,Bantamweight,0,SUB Guillotine Choke,2,4:56
UFC Fight Night: Hunt vs Nelson,Mark Hunt,Roy Nelson,Heavyweight,0,KO/TKO Punch,2,3:00
UFC Fight Night: Hunt vs Nelson,Myles Jury,Takanori Gomi,Lightweight,0,KO/TKO Punch,1,1:32
UFC Fight Night: Hunt vs Nelson,Yoshihiro Akiyama,Amir Sadollah,Welterweight,0,U-DEC,3,5:00
UFC Fight Night: Hunt vs Nelson,Miesha Tate,Rin Nakai,Women's Bantamweight,0,U-DEC,3,5:00
UFC Fight Night: Hunt vs Nelson,Kiichi Kunimoto,Richard Walsh,Welterweight,0,S-DEC,3,5:00
UFC Fight Night: Hunt vs Nelson,Kyoji Horiguchi,Jon Delos Reyes,Flyweight,0,KO/TKO Punches,1,3:48
UFC Fight Night: Hunt vs Nelson,Masanori Kanehara,Alex Caceres,Bantamweight,0,U-DEC,3,5:00
UFC Fight Night: Hunt vs Nelson,Katsunori Kikuno,Sam Sicilia,Featherweight,0,SUB Rear Naked Choke,2,1:38
UFC Fight Night: Hunt vs Nelson,Hyun Gyu Lim,Takenori Sato,Welterweight,0,KO/TKO Elbows,1,1:18
UFC Fight Night: Hunt vs Nelson,Kyung Ho Kang,Michinori Tanaka,Bantamweight,0,S-DEC,3,5:00
UFC Fight Night: Hunt vs Nelson,Johnny Case,Kazuki Tokudome,Lightweight,0,SUB Guillotine Choke,2,2:34
UFC Fight Night: Hunt vs Nelson,Maximo Blanco,Dan Hooker,Featherweight,0,U-DEC,3,5:00
UFC Fight Night: Bigfoot vs Arlovski,Andrei Arlovski,Antonio Silva,Heavyweight,0,KO/TKO Punch,1,2:59
UFC Fight Night: Bigfoot vs Arlovski,Gleison Tibau,Piotr Hallmann,Lightweight,0,S-DEC,3,5:00
UFC Fight Night: Bigfoot vs Arlovski,Leonardo Santos,Efrain Escudero,Lightweight,0,U-DEC,3,5:00
UFC Fight Night: Bigfoot vs Arlovski,Santiago Ponzinibbio,Wendell Oliveira Marques,Welterweight,0,KO/TKO Punches,1,1:20
UFC Fight Night: Bigfoot vs Arlovski,Iuri Alcantara,Russell Doane,Bantamweight,0,U-DEC,3,5:00
UFC Fight Night: Bigfoot vs Arlovski,Jessica Andrade,Larissa Pacheco,Women's Bantamweight,0,SUB Guillotine Choke,1,4:33
UFC Fight Night: Bigfoot vs Arlovski,Godofredo Pepey,Dashon Johnson,Featherweight,0,SUB Armbar,1,4:29
UFC Fight Night: Bigfoot vs Arlovski,George Sullivan,Igor Araujo,Welterweight,0,KO/TKO Punch,2,2:31
UFC Fight Night: Bigfoot vs Arlovski,Francisco Trinaldo,Leandro Silva,Lightweight,0,U-DEC,3,5:00
UFC Fight Night: Bigfoot vs Arlovski,Sean Spencer,Paulo Thiago,Welterweight,0,U-DEC,3,5:00
UFC Fight Night: Bigfoot vs Arlovski,Rani Yahya,Johnny Bedford,Bantamweight,0,SUB Kimura,2,2:04
UFC Fight Night: Jacare vs Mousasi,Jacare Souza,Gegard Mousasi,Middleweight,0,SUB Guillotine Choke,3,4:30
UFC Fight Night: Jacare vs Mousasi,Ben Rothwell,Alistair Overeem,Heavyweight,0,KO/TKO Punch,1,2:19
UFC Fight Night: Jacare vs Mousasi,Matt Mitrione,Derrick Lewis,Heavyweight,0,KO/TKO Punches,1,0:41
UFC Fight Night: Jacare vs Mousasi,Joe Lauzon,Michael Chiesa,Lightweight,0,KO/TKO,2,2:14
UFC Fight Night: Jacare vs Mousasi,John Moraga,Justin Scoggins,Flyweight,0,SUB Guillotine Choke,2,0:47
UFC Fight Night: Jacare vs Mousasi,Al Iaquinta,Rodrigo Damm,Lightweight,0,KO/TKO Elbows,3,2:26
UFC Fight Night: Jacare vs Mousasi,Rafael Natal,Chris Camozzi,Middleweight,0,S-DEC,3,5:00
UFC Fight Night: Jacare vs Mousasi,Chris Beal,Tateki Matsuda,Bantamweight,0,U-DEC,3,5:00
UFC Fight Night: Jacare vs Mousasi,Chas Skelly,Sean Soriano,Featherweight,0,U-DEC,3,5:00
UFC 177: Dillashaw vs Soto,TJ Dillashaw,Joe Soto,Bantamweight,1,KO/TKO Kick,5,2:20
UFC 177: Dillashaw vs Soto,Tony Ferguson,Danny Castillo,Lightweight,0,S-DEC,3,5:00
UFC 177: Dillashaw vs Soto,Bethe Correia,Shayna Baszler,Women's Bantamweight,0,KO/TKO Punches,2,1:56
UFC 177: Dillashaw vs Soto,Diego Ferreira,Ramsey Nijem,Lightweight,0,KO/TKO Punch,2,1:53
UFC 177: Dillashaw vs Soto,Yancy Medeiros,Damon Jackson,Lightweight,0,SUB Bulldog Choke,2,1:54
UFC 177: Dillashaw vs Soto,Derek Brunson,Lorenz Larkin,Middleweight,0,U-DEC,3,5:00
UFC 177: Dillashaw vs Soto,Anthony Hamilton,Ruan Potts,Heavyweight,0,KO/TKO Punches,2,4:17
UFC 177: Dillashaw vs Soto,Chris Wade,Cain Carrizosa,Lightweight,0,SUB Guillotine Choke,1,1:12
UFC Fight Night: Henderson vs Dos Anjos,Rafael Dos Anjos,Benson Henderson,Lightweight,0,KO/TKO Punch,1,2:31
UFC Fight Night: Henderson vs Dos Anjos,Jordan Mein,Mike Pyle,Welterweight,0,KO/TKO Punch,1,1:12
UFC Fight Night: Henderson vs Dos Anjos,Thales Leites,Francis Carmont,Middleweight,0,KO/TKO Punch,2,0:20
UFC Fight Night: Henderson vs Dos Anjos,Max Holloway,Clay Collard,Catch Weight,0,KO/TKO Punches,3,3:47
UFC Fight Night: Henderson vs Dos Anjos,James Vick,Valmir Lazaro,Lightweight,0,U-DEC,3,5:00
UFC Fight Night: Henderson vs Dos Anjos,Chas Skelly,Tom Niinimaki,Featherweight,0,SUB Rear Naked Choke,1,2:35
UFC Fight Night: Henderson vs Dos Anjos,Neil Magny,Alex Garcia,Welterweight,0,U-DEC,3,5:00
UFC Fight Night: Henderson vs Dos Anjos,Beneil Dariush,Anthony Rocco Martin,Lightweight,0,SUB Arm Triangle,2,3:38
UFC Fight Night: Henderson vs Dos Anjos,Matt Hobar,Aaron Phillips,Bantamweight,0,U-DEC,3,5:00
UFC Fight Night: Henderson vs Dos Anjos,Ben Saunders,Chris Heatherly,Welterweight,0,SUB Omoplata,1,2:18
UFC Fight Night: Henderson vs Dos Anjos,Wilson Reis,Joby Sanchez,Flyweight,0,U-DEC,3,5:00
UFC Fight Night: Bisping vs Le,Michael Bisping,Cung Le,Middleweight,0,KO/TKO Knee,4,0:57
UFC Fight Night: Bisping vs Le,Tyron Woodley,Dong Hyun Kim,Welterweight,0,KO/TKO Punch,1,1:01
UFC Fight Night: Bisping vs Le,Zhang Lipeng,Brendan O'Reilly,Lightweight,0,U-DEC,3,5:00
UFC Fight Night: Bisping vs Le,Guangyou Ning,Jianping Yang,Featherweight,1,U-DEC,3,5:00
UFC Fight Night: Bisping vs Le,Sai Wang,Danny Mitchell,Welterweight,0,U-DEC,3,5:00
UFC Fight Night: Bisping vs Le,Alberto Mina,Shinsho Anzai,Welterweight,0,KO/TKO Punch,1,4:17
UFC Fight Night: Bisping vs Le,Yuta Sasaki,Roland Delorme,Bantamweight,0,SUB Rear Naked Choke,1,1:06
UFC Fight Night: Bisping vs Le,Colby Covington,Anying Wang,Welterweight,0,KO/TKO Punches,1,4:50
UFC Fight Night: Bisping vs Le,Royston Wee,Yao Zhikui,Bantamweight,0,S-DEC,3,5:00
UFC Fight Night: Bisping vs Le,Milana Dudieva,Elizabeth Phillips,Women's Bantamweight,0,S-DEC,3,5:00
UFC Fight Night: Bader vs Saint Preux,Ryan Bader,Ovince Saint Preux,Light Heavyweight,0,U-DEC,5,5:00
UFC Fight Night: Bader vs Saint Preux,Ross Pearson,Gray Maynard,Lightweight,0,KO/TKO Punch,2,1:35
UFC Fight Night: Bader vs Saint Preux,Tim Boetsch,Brad Tavares,Middleweight,0,KO/TKO Punch,2,3:18
UFC Fight Night: Bader vs Saint Preux,Alan Jouban,Seth Baczynski,Welterweight,0,KO/TKO Punch,1,4:23
UFC Fight Night: Bader vs Saint Preux,Shawn Jordan,Jack May,Heavyweight,0,KO/TKO Punches,3,2:03
UFC Fight Night: Bader vs Saint Preux,Thiago Tavares,Robert Peralta,Featherweight,0,SUB Rear Naked Choke,1,4:27
UFC Fight Night: Bader vs Saint Preux,Jussier Formiga,Zach Makovsky,Flyweight,0,U-DEC,3,5:00
UFC Fight Night: Bader vs Saint Preux,Sara McMann,Lauren Murphy,Women's Bantamweight,0,S-DEC,3,5:00
UFC Fight Night: Bader vs Saint Preux,Tom Watson,Sam Alvey,Middleweight,0,U-DEC,3,5:00
UFC Fight Night: Bader vs Saint Preux,Frankie Saenz,Nolan Ticman,Bantamweight,0,U-DEC,3,5:00
UFC on FOX: Lawler vs Brown,Robbie Lawler,Matt Brown,Welterweight,0,U-DEC,5,5:00
UFC on FOX: Lawler vs Brown,Anthony Johnson,Rogerio Nogueira,Light Heavyweight,0,KO/TKO Punch,1,0:44
UFC on FOX: Lawler vs Brown,Dennis Bermudez,Clay Guida,Featherweight,0,SUB Rear Naked Choke,2,2:57
UFC on FOX: Lawler vs Brown,King Green,Josh Thomson,Lightweight,0,S-DEC,3,5:00
UFC on FOX: Lawler vs Brown,Jorge Masvidal,Daron Cruickshank,Lightweight,0,U-DEC,3,5:00
UFC on FOX: Lawler vs Brown,Patrick Cummins,Kyle Kingsbury,Light Heavyweight,0,U-DEC,3,5:00
UFC on FOX: Lawler vs Brown,Tim Means,Hernani Perpetuo,Welterweight,0,U-DEC,3,5:00
UFC on FOX: Lawler vs Brown,Mike de la Torre,Brian Ortega,Featherweight,0,Overturned,1,1:39
UFC on FOX: Lawler vs Brown,Tiago dos Santos e Silva,Akbarh Arreola,Lightweight,0,U-DEC,3,5:00
UFC on FOX: Lawler vs Brown,Gilbert Burns,Andreas Stahl,Welterweight,0,U-DEC,3,5:00
UFC on FOX: Lawler vs Brown,Joanna Jedrzejczyk,Juliana Lima,Women's Strawweight,0,U-DEC,3,5:00
UFC on FOX: Lawler vs Brown,Noad Lahat,Steven Siler,Featherweight,0,U-DEC,3,5:00
UFC Fight Night: McGregor vs Brandao,Conor McGregor,Diego Brandao,Featherweight,0,KO/TKO Punch,1,4:05
UFC Fight Night: McGregor vs Brandao,Gunnar Nelson,Zak Cummings,Welterweight,0,SUB Rear Naked Choke,2,4:48
UFC Fight Night: McGregor vs Brandao,Ian McCall,Brad Pickett,Flyweight,0,U-DEC,3,5:00
UFC Fight Night: McGregor vs Brandao,Norman Parke,Naoyuki Kotani,Lightweight,0,KO/TKO Punches,2,3:41
UFC Fight Night: McGregor vs Brandao,Ilir Latifi,Chris Dempsey,Light Heavyweight,0,KO/TKO Punch,1,2:07
UFC Fight Night: McGregor vs Brandao,Neil Seery,Phil Harris,Flyweight,0,U-DEC,3,5:00
UFC Fight Night: McGregor vs Brandao,Cathal Pendred,Mike King,Middleweight,0,SUB Rear Naked Choke,2,3:33
UFC Fight Night: McGregor vs Brandao,Trevor Smith,Tor Troeng,Middleweight,0,U-DEC,3,5:00
UFC Fight Night: McGregor vs Brandao,Nikita Krylov,Cody Donovan,Light Heavyweight,0,KO/TKO Punches,1,4:57
UFC Fight Night: McGregor vs Brandao,Paddy Holohan,Josh Sampo,Flyweight,0,SUB Rear Naked Choke,1,3:06
UFC Fight Night: Cowboy vs Miller,Donald Cerrone,Jim Miller,Lightweight,0,KO/TKO Kick,2,3:31
UFC Fight Night: Cowboy vs Miller,Edson Barboza,Evan Dunham,Lightweight,0,KO/TKO Kick,1,3:06
UFC Fight Night: Cowboy vs Miller,Rick Story,Leonardo Mafra,Welterweight,0,SUB Arm Triangle,2,2:12
UFC Fight Night: Cowboy vs Miller,Joe Proctor,Justin Salas,Lightweight,0,KO/TKO Punch,2,3:27
UFC Fight Night: Cowboy vs Miller,John Lineker,Alptekin Ozkilic,Flyweight,0,KO/TKO Punch,3,4:51
UFC Fight Night: Cowboy vs Miller,Lucas Martins,Alex White,Featherweight,0,KO/TKO Punch,3,2:08
UFC Fight Night: Cowboy vs Miller,Gleison Tibau,Pat Healy,Lightweight,0,U-DEC,3,5:00
UFC Fight Night: Cowboy vs Miller,Leslie Smith,Jessamyn Duke,Women's Bantamweight,0,KO/TKO Punch,1,2:24
UFC Fight Night: Cowboy vs Miller,Aljamain Sterling,Hugo Viana,Bantamweight,0,KO/TKO Punches,3,3:50
UFC Fight Night: Cowboy vs Miller,Yosdenis Cedeno,Jerrod Sanders,Lightweight,0,KO/TKO,1,5:00
UFC Fight Night: Cowboy vs Miller,Claudia Gadelha,Tina Lahdemaki,Women's Strawweight,0,U-DEC,3,5:00
The Ultimate Fighter: Team Edgar vs. Team Penn Finale,Frankie Edgar,BJ Penn,Featherweight,0,KO/TKO Punches,3,4:16
The Ultimate Fighter: Team Edgar vs. Team Penn Finale,Corey Anderson,Matt Van Buren,Light Heavyweight,1,KO/TKO Punches,1,1:01
The Ultimate Fighter: Team Edgar vs. Team Penn Finale,Eddie Gordon,Dhiego Lima,Middleweight,1,KO/TKO Punches,1,1:11
The Ultimate Fighter: Team Edgar vs. Team Penn Finale,Derrick Lewis,Guto Inocente,Heavyweight,0,KO/TKO Punches,1,3:30
The Ultimate Fighter: Team Edgar vs. Team Penn Finale,Dustin Ortiz,Justin Scoggins,Flyweight,0,S-DEC,3,5:00
The Ultimate Fighter: Team Edgar vs. Team Penn Finale,Kevin Lee,Jesse Ronson,Lightweight,0,S-DEC,3,5:00
The Ultimate Fighter: Team Edgar vs. Team Penn Finale,Leandro Issa,Jumabieke Tuerxun,Bantamweight,0,SUB Armbar,3,3:49
The Ultimate Fighter: Team Edgar vs. Team Penn Finale,Adriano Martins,Juan Manuel Puig,Lightweight,0,KO/TKO Punch,1,2:21
The Ultimate Fighter: Team Edgar vs. Team Penn Finale,Patrick Walsh,Daniel Spohn,Light Heavyweight,0,U-DEC,3,5:00
The Ultimate Fighter: Team Edgar vs. Team Penn Finale,Sarah Moras,Alexis Dufresne,Catch Weight,0,U-DEC,3,5:00
The Ultimate Fighter: Team Edgar vs. Team Penn Finale,Robert Drysdale,Keith Berish,Light Heavyweight,0,Overturned,1,2:03
UFC 175: Weidman vs Machida,Chris Weidman,Lyoto Machida,Middleweight,1,U-DEC,5,5:00
UFC 175: Weidman vs Machida,Ronda Rousey,Alexis Davis,Women's Bantamweight,1,KO/TKO Punches,1,0:16
UFC 175: Weidman vs Machida,Uriah Hall,Thiago Santos,Middleweight,0,U-DEC,3,5:00
UFC 175: Weidman vs Machida,Russell Doane,Marcus Brimage,Bantamweight,0,S-DEC,3,5:00
UFC 175: Weidman vs Machida,Urijah Faber,Alex Caceres,Bantamweight,0,SUB Rear Naked Choke,3,1:09
UFC 175: Weidman vs Machida,Kenny Robertson,Ildemar Alcantara,Welterweight,0,U-DEC,3,5:00
UFC 175: Weidman vs Machida,Bruno Santos,Chris Camozzi,Middleweight,0,S-DEC,3,5:00
UFC 175: Weidman vs Machida,Rob Font,George Roop,Bantamweight,0,KO/TKO Punch,1,2:19
UFC 175: Weidman vs Machida,Luke Zachrich,Guilherme Vasconcelos,Middleweight,0,U-DEC,3,5:00
UFC 175: Weidman vs Machida,Kevin Casey,Bubba Bush,Middleweight,0,Overturned Elbows,1,1:01
UFC Fight Night: Swanson vs Stephens,Cub Swanson,Jeremy Stephens,Featherweight,0,U-DEC,5,5:00
UFC Fight Night: Swanson vs Stephens,Kelvin Gastelum,Nicholas Musoke,Welterweight,0,U-DEC,3,5:00
UFC Fight Night: Swanson vs Stephens,Cezar Ferreira,Andrew Craig,Middleweight,0,U-DEC,3,5:00
UFC Fight Night: Swanson vs Stephens,Ricardo Lamas,Hacran Dias,Featherweight,0,U-DEC,3,5:00
UFC Fight Night: Swanson vs Stephens,Clint Hester,Antonio Braga Neto,Middleweight,0,S-DEC,3,5:00
UFC Fight Night: Swanson vs Stephens,Joe Ellenberger,James Moontasri,Lightweight,0,S-DEC,3,5:00
UFC Fight Night: Swanson vs Stephens,Diego Ferreira,Colton Smith,Lightweight,0,SUB Rear Naked Choke,1,0:38
UFC Fight Night: Swanson vs Stephens,Cody Gibson,Johnny Bedford,Bantamweight,0,KO/TKO Punch,1,0:38
UFC Fight Night: Swanson vs Stephens,Marcelo Guimaraes,Andy Enz,Middleweight,0,S-DEC,3,5:00
UFC Fight Night: Swanson vs Stephens,Ray Borg,Shane Howell,Flyweight,0,SUB Rear Naked Choke,1,2:17
UFC Fight Night: Swanson vs Stephens,Aleksei Oleinik,Anthony Hamilton,Heavyweight,0,SUB Scarf Hold,1,2:18
UFC Fight Night: Te Huna vs Marquardt,Nate Marquardt,James Te Huna,Middleweight,0,SUB Armbar,1,4:34
UFC Fight Night: Te Huna vs Marquardt,Jared Rosholt,Soa Palelei,Heavyweight,0,U-DEC,3,5:00
UFC Fight Night: Te Huna vs Marquardt,Charles Oliveira,Hatsu Hioki,Featherweight,0,SUB Anaconda Choke,2,4:32
UFC Fight Night: Te Huna vs Marquardt,Robert Whittaker,Mike Rhodes,Welterweight,0,U-DEC,3,5:00
UFC Fight Night: Te Huna vs Marquardt,Jake Matthews,Dashon Johnson,Lightweight,0,SUB Triangle Choke,3,3:16
UFC Fight Night: Te Huna vs Marquardt,Richie Vaculik,Roldan Sangcha'an,Flyweight,0,U-DEC,3,5:00
UFC Fight Night: Te Huna vs Marquardt,Vik Grujic,Chris Indich,Welterweight,0,KO/TKO Punch,1,4:55
UFC Fight Night: Te Huna vs Marquardt,Neil Magny,Rodrigo de Lima,Welterweight,0,KO/TKO Punch,2,2:32
UFC Fight Night: Te Huna vs Marquardt,Dan Hooker,Ian Entwistle,Featherweight,0,KO/TKO Elbows,1,3:34
UFC Fight Night: Te Huna vs Marquardt,Gian Villante,Sean O'Connell,Light Heavyweight,0,S-DEC,3,5:00
UFC 174: Johnson vs Bagautinov,Demetrious Johnson,Ali Bagautinov,Flyweight,1,U-DEC,5,5:00
UFC 174: Johnson vs Bagautinov,Rory MacDonald,Tyron Woodley,Welterweight,0,U-DEC,3,5:00
UFC 174: Johnson vs Bagautinov,Ryan Bader,Rafael Cavalcante,Light Heavyweight,0,U-DEC,3,5:00
UFC 174: Johnson vs Bagautinov,Andrei Arlovski,Brendan Schaub,Heavyweight,0,S-DEC,3,5:00
UFC 174: Johnson vs Bagautinov,Ovince Saint Preux,Ryan Jimmo,Light Heavyweight,0,KO/TKO,2,2:10
UFC 174: Johnson vs Bagautinov,Kiichi Kunimoto,Daniel Sarafian,Welterweight,0,SUB Rear Naked Choke,1,2:52
UFC 174: Johnson vs Bagautinov,Valerie Letourneau,Elizabeth Phillips,Women's Bantamweight,0,S-DEC,3,5:00
UFC 174: Johnson vs Bagautinov,Yves Jabouin,Mike Easton,Bantamweight,0,U-DEC,3,5:00
UFC 174: Johnson vs Bagautinov,Tae Hyun Bang,Kajan Johnson,Lightweight,0,KO/TKO Punch,3,2:01
UFC 174: Johnson vs Bagautinov,Michinori Tanaka,Roland Delorme,Bantamweight,0,U-DEC,3,5:00
UFC 174: Johnson vs Bagautinov,Jason Saggo,Josh Shockley,Lightweight,0,KO/TKO Punches,1,4:57
UFC Fight Night: Henderson vs Khabilov,Benson Henderson,Rustam Khabilov,Lightweight,0,SUB Rear Naked Choke,4,1:16
UFC Fight Night: Henderson vs Khabilov,Diego Sanchez,Ross Pearson,Lightweight,0,S-DEC,3,5:00
UFC Fight Night: Henderson vs Khabilov,John Dodson,John Moraga,Flyweight,0,KO/TKO,2,5:00
UFC Fight Night: Henderson vs Khabilov,Rafael Dos Anjos,Jason High,Lightweight,0,KO/TKO Punch,2,3:36
UFC Fight Night: Henderson vs Khabilov,Piotr Hallmann,Yves Edwards,Lightweight,0,SUB Rear Naked Choke,3,2:31
UFC Fight Night: Henderson vs Khabilov,Bryan Caraway,Erik Perez,Bantamweight,0,SUB Rear Naked Choke,2,1:52
UFC Fight Night: Henderson vs Khabilov,Sergio Pettis,Yaotzin Meza,Bantamweight,0,U-DEC,3,5:00
UFC Fight Night: Henderson vs Khabilov,Lance Benoist,Bobby Voelker,Welterweight,0,U-DEC,3,5:00
UFC Fight Night: Henderson vs Khabilov,Scott Jorgensen,Danny Martinez,Flyweight,0,U-DEC,3,5:00
UFC Fight Night: Henderson vs Khabilov,Jon Tuck,Jake Lindsey,Lightweight,0,KO/TKO Kick,3,2:47
UFC Fight Night: Henderson vs Khabilov,Patrick Cummins,Roger Narvaez,Light Heavyweight,0,KO/TKO Punches,2,2:28
UFC Fight Night: Miocic vs Maldonado,Stipe Miocic,Fabio Maldonado,Heavyweight,0,KO/TKO Punch,1,0:35
UFC Fight Night: Miocic vs Maldonado,Antonio Carlos Junior,Vitor Miranda,Heavyweight,1,U-DEC,3,5:00
UFC Fight Night: Miocic vs Maldonado,Warlley Alves,Marcio Alexandre Junior,Middleweight,1,SUB Guillotine Choke,3,0:25
UFC Fight Night: Miocic vs Maldonado,Demian Maia,Alexander Yakovlev,Welterweight,0,U-DEC,3,5:00
UFC Fight Night: Miocic vs Maldonado,Robert Peralta,Rony Jason,Featherweight,0,S-DEC,3,5:00
UFC Fight Night: Miocic vs Maldonado,Rashid Magomedov,Rodrigo Damm,Lightweight,0,U-DEC,3,5:00
UFC Fight Night: Miocic vs Maldonado,Elias Silverio,Ernest Chavez,Lightweight,0,SUB Rear Naked Choke,3,4:21
UFC Fight Night: Miocic vs Maldonado,Gasan Umalatov,Paulo Thiago,Welterweight,0,U-DEC,3,5:00
UFC Fight Night: Miocic vs Maldonado,Edimilson Souza,Mark Eddiva,Featherweight,0,KO/TKO Punches,2,4:52
UFC Fight Night: Miocic vs Maldonado,Ricardo Abreu,Wagner Silva,Middleweight,0,SUB Rear Naked Choke,2,1:06
UFC Fight Night: Miocic vs Maldonado,Marcos Rogerio de Lima,Richardson Moreira,Heavyweight,0,KO/TKO Punch,1,0:20
UFC Fight Night: Miocic vs Maldonado,Pedro Munhoz,Matt Hobar,Bantamweight,0,KO/TKO Punches,1,2:47
UFC Fight Night: Munoz vs Mousasi,Gegard Mousasi,Mark Munoz,Middleweight,0,SUB Rear Naked Choke,1,3:57
UFC Fight Night: Munoz vs Mousasi,CB Dollaway,Francis Carmont,Middleweight,0,U-DEC,3,5:00
UFC Fight Night: Munoz vs Mousasi,Sean Strickland,Luke Barnatt,Middleweight,0,S-DEC,3,5:00
UFC Fight Night: Munoz vs Mousasi,Niklas Backstrom,Tom Niinimaki,Featherweight,0,SUB Rear Naked Choke,1,4:15
UFC Fight Night: Munoz vs Mousasi,Nick Hein,Drew Dober,Lightweight,0,U-DEC,3,5:00
UFC Fight Night: Munoz vs Mousasi,Magnus Cedenblad,Krzysztof Jotko,Middleweight,0,SUB Guillotine Choke,2,4:59
UFC Fight Night: Munoz vs Mousasi,Iuri Alcantara,Vaughan Lee,Bantamweight,0,KO/TKO Punch,1,0:25
UFC Fight Night: Munoz vs Mousasi,Peter Sobotta,Pawel Pawlak,Welterweight,0,U-DEC,3,5:00
UFC Fight Night: Munoz vs Mousasi,Maximo Blanco,Andy Ogle,Featherweight,0,U-DEC,3,5:00
UFC Fight Night: Munoz vs Mousasi,Ruslan Magomedov,Viktor Pesta,Heavyweight,0,U-DEC,3,5:00
UFC 173: Barao vs Dillashaw,TJ Dillashaw,Renan Barao,Bantamweight,1,KO/TKO Punches,5,2:26
UFC 173: Barao vs Dillashaw,Daniel Cormier,Dan Henderson,Light Heavyweight,0,SUB Rear Naked Choke,3,3:53
UFC 173: Barao vs Dillashaw,Robbie Lawler,Jake Ellenberger,Welterweight,0,KO/TKO Knee,3,3:06
UFC 173: Barao vs Dillashaw,Takeya Mizugaki,Francisco Rivera,Bantamweight,0,U-DEC,3,5:00
UFC 173: Barao vs Dillashaw,James Krause,Jamie Varner,Lightweight,0,KO/TKO,1,5:00
UFC 173: Barao vs Dillashaw,Michael Chiesa,Francisco Trinaldo,Lightweight,0,U-DEC,3,5:00
UFC 173: Barao vs Dillashaw,Tony Ferguson,Katsunori Kikuno,Lightweight,0,KO/TKO Punch,1,4:06
UFC 173: Barao vs Dillashaw,Chris Holdsworth,Chico Camus,Bantamweight,0,U-DEC,3,5:00
UFC 173: Barao vs Dillashaw,Mitch Clarke,Al Iaquinta,Lightweight,0,SUB D'Arce Choke,2,0:57
UFC 173: Barao vs Dillashaw,Vinc Pichel,Anthony Njokuani,Lightweight,0,U-DEC,3,5:00
UFC 173: Barao vs Dillashaw,Sam Sicilia,Aaron Phillips,Featherweight,0,U-DEC,3,5:00
UFC 173: Barao vs Dillashaw,Li Jingliang,David Michaud,Welterweight,0,S-DEC,3,5:00
UFC Fight Night: Brown vs Silva,Matt Brown,Erick Silva,Welterweight,0,KO/TKO Punches,3,2:11
UFC Fight Night: Brown vs Silva,Constantinos Philippou,Lorenz Larkin,Middleweight,0,KO/TKO Punch,1,3:47
UFC Fight Night: Brown vs Silva,Daron Cruickshank,Erik Koch,Lightweight,0,KO/TKO Kick,1,3:21
UFC Fight Night: Brown vs Silva,Neil Magny,Tim Means,Welterweight,0,U-DEC,3,5:00
UFC Fight Night: Brown vs Silva,Soa Palelei,Ruan Potts,Heavyweight,0,KO/TKO Punch,1,2:20
UFC Fight Night: Brown vs Silva,Chris Cariaso,Louis Smolka,Flyweight,0,S-DEC,3,5:00
UFC Fight Night: Brown vs Silva,Ed Herman,Rafael Natal,Middleweight,0,U-DEC,3,5:00
UFC Fight Night: Brown vs Silva,Kyoji Horiguchi,Darrell Montague,Flyweight,0,U-DEC,3,5:00
UFC Fight Night: Brown vs Silva,Zak Cummings,Yan Cabral,Welterweight,0,U-DEC,3,5:00
UFC Fight Night: Brown vs Silva,Johnny Eduardo,Eddie Wineland,Bantamweight,0,KO/TKO Punch,1,4:37
UFC Fight Night: Brown vs Silva,Nik Lentz,Manvel Gamburyan,Featherweight,0,U-DEC,3,5:00
UFC Fight Night: Brown vs Silva,Justin Salas,Ben Wall,Lightweight,0,KO/TKO Punch,1,2:41
UFC Fight Night: Brown vs Silva,Albert Tumenov,Anthony Lapsley,Welterweight,0,KO/TKO Punch,1,3:56
UFC 172: Jones vs Teixeira,Jon Jones,Glover Teixeira,Light Heavyweight,1,U-DEC,5,5:00
UFC 172: Jones vs Teixeira,Anthony Johnson,Phil Davis,Light Heavyweight,0,U-DEC,3,5:00
UFC 172: Jones vs Teixeira,Luke Rockhold,Tim Boetsch,Middleweight,0,SUB Kimura,1,2:08
UFC 172: Jones vs Teixeira,Jim Miller,Yancy Medeiros,Lightweight,0,SUB Guillotine Choke,1,3:18
UFC 172: Jones vs Teixeira,Max Holloway,Andre Fili,Featherweight,0,SUB Guillotine Choke,3,3:39
UFC 172: Jones vs Teixeira,Joseph Benavidez,Tim Elliott,Flyweight,0,SUB Guillotine Choke,1,4:08
UFC 172: Jones vs Teixeira,Takanori Gomi,Isaac Vallie-Flagg,Lightweight,0,U-DEC,3,5:00
UFC 172: Jones vs Teixeira,Bethe Correia,Jessamyn Duke,Women's Bantamweight,0,U-DEC,3,5:00
UFC 172: Jones vs Teixeira,Danny Castillo,Charlie Brenneman,Lightweight,0,KO/TKO Punch,2,0:21
UFC 172: Jones vs Teixeira,Chris Beal,Patrick Williams,Bantamweight,0,KO/TKO Flying Knee,2,1:51
UFC on FOX: Werdum vs Browne,Fabricio Werdum,Travis Browne,Heavyweight,0,U-DEC,5,5:00
UFC on FOX: Werdum vs Browne,Miesha Tate,Liz Carmouche,Women's Bantamweight,0,U-DEC,3,5:00
UFC on FOX: Werdum vs Browne,Donald Cerrone,Edson Barboza,Lightweight,0,SUB Rear Naked Choke,1,3:15
UFC on FOX: Werdum vs Browne,Yoel Romero,Brad Tavares,Middleweight,0,U-DEC,3,5:00
UFC on FOX: Werdum vs Browne,Khabib Nurmagomedov,Rafael Dos Anjos,Lightweight,0,U-DEC,3,5:00
UFC on FOX: Werdum vs Browne,Thiago Alves,Seth Baczynski,Welterweight,0,U-DEC,3,5:00
UFC on FOX: Werdum vs Browne,Jorge Masvidal,Pat Healy,Lightweight,0,U-DEC,3,5:00
UFC on FOX: Werdum vs Browne,Alex White,Estevan Payan,Featherweight,0,KO/TKO Punch,1,1:28
UFC on FOX: Werdum vs Browne,Caio Magalhaes,Luke Zachrich,Middleweight,0,KO/TKO Punch,1,0:44
UFC on FOX: Werdum vs Browne,Jordan Mein,Hernani Perpetuo,Welterweight,0,S-DEC,3,5:00
UFC on FOX: Werdum vs Browne,Dustin Ortiz,Ray Borg,Flyweight,0,S-DEC,3,5:00
UFC on FOX: Werdum vs Browne,Mirsad Bektic,Chas Skelly,Featherweight,0,M-DEC,3,5:00
UFC on FOX: Werdum vs Browne,Derrick Lewis,Jack May,Heavyweight,0,KO/TKO Punches,1,4:23
UFC Fight Night: Bisping vs Kennedy,Tim Kennedy,Michael Bisping,Middleweight,0,U-DEC,5,5:00
UFC Fight Night: Bisping vs Kennedy,Patrick Cote,Kyle Noke,Welterweight,0,U-DEC,3,5:00
UFC Fight Night: Bisping vs Kennedy,Elias Theodorou,Sheldon Westcott,Middleweight,1,KO/TKO Elbows,2,4:41
UFC Fight Night: Bisping vs Kennedy,Chad Laprise,Olivier Aubin-Mercier,Welterweight,1,S-DEC,3,5:00
UFC Fight Night: Bisping vs Kennedy,Dustin Poirier,Akira Corassani,Featherweight,0,KO/TKO Punch,2,0:42
UFC Fight Night: Bisping vs Kennedy,KJ Noons,Sam Stout,Welterweight,0,KO/TKO Punch,1,0:30
UFC Fight Night: Bisping vs Kennedy,Sarah Kaufman,Leslie Smith,Women's Bantamweight,0,U-DEC,3,5:00
UFC Fight Night: Bisping vs Kennedy,Ryan Jimmo,Sean O'Connell,Light Heavyweight,0,KO/TKO Punch,1,4:27
UFC Fight Night: Bisping vs Kennedy,George Roop,Dustin Kimura,Bantamweight,0,U-DEC,3,5:00
UFC Fight Night: Bisping vs Kennedy,Mark Bocek,Mike de la Torre,Lightweight,0,S-DEC,3,5:00
UFC Fight Night: Bisping vs Kennedy,Nordine Taleb,Vik Grujic,Middleweight,0,U-DEC,3,5:00
UFC Fight Night: Bisping vs Kennedy,Richard Walsh,Chris Indich,Welterweight,0,U-DEC,3,5:00
UFC Fight Night: Bisping vs Kennedy,Mitch Gagnon,Tim Gorman,Bantamweight,0,U-DEC,3,5:00
UFC Fight Night: Minotauro vs Nelson,Roy Nelson,Antonio Rodrigo Nogueira,Heavyweight,0,KO/TKO Punch,1,3:37
UFC Fight Night: Minotauro vs Nelson,Clay Guida,Tatsuya Kawajiri,Featherweight,0,U-DEC,3,5:00
UFC Fight Night: Minotauro vs Nelson,Ryan LaFlare,John Howard,Welterweight,0,U-DEC,3,5:00
UFC Fight Night: Minotauro vs Nelson,Ramsey Nijem,Beneil Dariush,Lightweight,0,KO/TKO Punches,1,4:20
UFC Fight Night: Minotauro vs Nelson,Jared Rosholt,Daniel Omielanczuk,Heavyweight,0,U-DEC,3,5:00
UFC Fight Night: Minotauro vs Nelson,Thales Leites,Trevor Smith,Middleweight,0,KO/TKO Punch,1,0:45
UFC Fight Night: Minotauro vs Nelson,Jim Alers,Alan Omer,Featherweight,0,S-DEC,3,5:00
UFC Fight Night: Minotauro vs Nelson,Rani Yahya,Johnny Bedford,Bantamweight,0,CNC,1,0:39
UFC Fight Night: Shogun vs Henderson 2,Dan Henderson,Mauricio Rua,Light Heavyweight,0,KO/TKO Punch,3,1:31
UFC Fight Night: Shogun vs Henderson 2,CB Dollaway,Cezar Ferreira,Middleweight,0,KO/TKO Punch,1,0:39
UFC Fight Night: Shogun vs Henderson 2,Leonardo Santos,Norman Parke,Lightweight,0,M-DEC,3,5:00
UFC Fight Night: Shogun vs Henderson 2,Fabio Maldonado,Gian Villante,Light Heavyweight,0,U-DEC,3,5:00
UFC Fight Night: Shogun vs Henderson 2,Michel Prazeres,Mairbek Taisumov,Lightweight,0,U-DEC,3,5:00
UFC Fight Night: Shogun vs Henderson 2,Rony Jason,Steven Siler,Featherweight,0,KO/TKO Punch,1,1:17
UFC Fight Night: Shogun vs Henderson 2,Thiago Santos,Ronny Markes,Middleweight,0,KO/TKO Kick,1,0:53
UFC Fight Night: Shogun vs Henderson 2,Jussier Formiga,Scott Jorgensen,Flyweight,0,SUB Rear Naked Choke,1,3:07
UFC Fight Night: Shogun vs Henderson 2,Kenny Robertson,Thiago Perpetuo,Welterweight,0,SUB Rear Naked Choke,1,1:45
UFC Fight Night: Shogun vs Henderson 2,Hans Stringer,Francimar Barroso,Light Heavyweight,0,S-DEC,3,5:00
UFC Fight Night: Shogun vs Henderson 2,Godofredo Pepey,Noad Lahat,Featherweight,0,KO/TKO Flying Knee,1,2:39
UFC 171: Hendricks vs Lawler,Johny Hendricks,Robbie Lawler,Welterweight,1,U-DEC,5,5:00
UFC 171: Hendricks vs Lawler,Tyron Woodley,Carlos Condit,Welterweight,0,KO/TKO,2,2:00
UFC 171: Hendricks vs Lawler,Myles Jury,Diego Sanchez,Lightweight,0,U-DEC,3,5:00
UFC 171: Hendricks vs Lawler,Hector Lombard,Jake Shields,Welterweight,0,U-DEC,3,5:00
UFC 171: Hendricks vs Lawler,Ovince Saint Preux,Nikita Krylov,Light Heavyweight,0,SUB Von Flue Choke,1,1:29
UFC 171: Hendricks vs Lawler,Kelvin Gastelum,Rick Story,Welterweight,0,S-DEC,3,5:00
UFC 171: Hendricks vs Lawler,Jessica Andrade,Raquel Pennington,Women's Bantamweight,0,S-DEC,3,5:00
UFC 171: Hendricks vs Lawler,Dennis Bermudez,Jimy Hettes,Featherweight,0,KO/TKO Knee,3,2:57
UFC 171: Hendricks vs Lawler,Alex Garcia,Sean Spencer,Welterweight,0,S-DEC,3,5:00
UFC 171: Hendricks vs Lawler,Francisco Trevino,Renee Forte,Lightweight,0,U-DEC,3,5:00
UFC 171: Hendricks vs Lawler,Justin Scoggins,Will Campuzano,Flyweight,0,U-DEC,3,5:00
UFC 171: Hendricks vs Lawler,Sean Strickland,Robert McDaniel,Middleweight,0,SUB Rear Naked Choke,1,4:33
UFC 171: Hendricks vs Lawler,Robert Whiteford,Daniel Pineda,Featherweight,0,U-DEC,3,5:00
UFC Fight Night: Gustafsson vs Manuwa,Alexander Gustafsson,Jimi Manuwa,Light Heavyweight,0,KO/TKO Knee,2,1:18
UFC Fight Night: Gustafsson vs Manuwa,Michael Johnson,Melvin Guillard,Lightweight,0,U-DEC,3,5:00
UFC Fight Night: Gustafsson vs Manuwa,Brad Pickett,Neil Seery,Flyweight,0,U-DEC,3,5:00
UFC Fight Night: Gustafsson vs Manuwa,Gunnar Nelson,Omari Akhmedov,Welterweight,0,SUB Guillotine Choke,1,4:36
UFC Fight Night: Gustafsson vs Manuwa,Ilir Latifi,Cyrille Diabate,Light Heavyweight,0,SUB Guillotine Choke,1,3:02
UFC Fight Night: Gustafsson vs Manuwa,Luke Barnatt,Mats Nilsson,Middleweight,0,KO/TKO Kick,1,4:24
UFC Fight Night: Gustafsson vs Manuwa,Claudio Silva,Brad Scott,Middleweight,0,U-DEC,3,5:00
UFC Fight Night: Gustafsson vs Manuwa,Igor Araujo,Danny Mitchell,Welterweight,0,U-DEC,3,5:00
UFC Fight Night: Gustafsson vs Manuwa,Phil Harris,Louis Gaudinot,Flyweight,0,Overturned,1,1:13
UFC Fight Night: Kim vs Hathaway,Dong Hyun Kim,John Hathaway,Welterweight,0,KO/TKO Spinning Back Elbow,3,1:02
UFC Fight Night: Kim vs Hathaway,Zhang Lipeng,Sai Wang,Welterweight,1,S-DEC,3,5:00
UFC Fight Night: Kim vs Hathaway,Matt Mitrione,Shawn Jordan,Heavyweight,0,KO/TKO Punch,1,4:59
UFC Fight Night: Kim vs Hathaway,Hatsu Hioki,Ivan Menjivar,Featherweight,0,U-DEC,3,5:00
UFC Fight Night: Kim vs Hathaway,Yui Chul Nam,Kazuki Tokudome,Lightweight,0,S-DEC,3,5:00
UFC Fight Night: Kim vs Hathaway,Vaughan Lee,Nam Phan,Bantamweight,0,U-DEC,3,5:00
UFC Fight Night: Kim vs Hathaway,Anying Wang,Albert Cheng,Welterweight,0,KO/TKO,1,5:00
UFC Fight Night: Kim vs Hathaway,Mark Eddiva,Jumabieke Tuerxun,Featherweight,0,U-DEC,3,5:00
UFC 170: Rousey vs McMann,Ronda Rousey,Sara McMann,Women's Bantamweight,1,KO/TKO Knee,1,1:06
UFC 170: Rousey vs McMann,Daniel Cormier,Patrick Cummins,Light Heavyweight,0,KO/TKO Punch,1,1:19
UFC 170: Rousey vs McMann,Rory MacDonald,Demian Maia,Welterweight,0,U-DEC,3,5:00
UFC 170: Rousey vs McMann,Mike Pyle,TJ Waldburger,Welterweight,0,KO/TKO Elbows,3,4:03
UFC 170: Rousey vs McMann,Stephen Thompson,Robert Whittaker,Welterweight,0,KO/TKO Punches,1,3:43
UFC 170: Rousey vs McMann,Alexis Davis,Jessica Eye,Women's Bantamweight,0,S-DEC,3,5:00
UFC 170: Rousey vs McMann,Raphael Assuncao,Pedro Munhoz,Bantamweight,0,U-DEC,3,5:00
UFC 170: Rousey vs McMann,Aljamain Sterling,Cody Gibson,Bantamweight,0,U-DEC,3,5:00
UFC 170: Rousey vs McMann,Zach Makovsky,Josh Sampo,Flyweight,0,U-DEC,3,5:00
UFC 170: Rousey vs McMann,Erik Koch,Rafaello Oliveira,Lightweight,0,KO/TKO Punches,1,1:24
UFC 170: Rousey vs McMann,Ernest Chavez,Yosdenis Cedeno,Lightweight,0,S-DEC,3,5:00
UFC Fight Night: Machida vs Mousasi,Lyoto Machida,Gegard Mousasi,Middleweight,0,U-DEC,5,5:00
UFC Fight Night: Machida vs Mousasi,Jacare Souza,Francis Carmont,Middleweight,0,U-DEC,3,5:00
UFC Fight Night: Machida vs Mousasi,Erick Silva,Takenori Sato,Welterweight,0,KO/TKO Punches,1,0:52
UFC Fight Night: Machida vs Mousasi,Nicholas Musoke,Viscardi Andrade,Welterweight,0,U-DEC,3,5:00
UFC Fight Night: Machida vs Mousasi,Charles Oliveira,Andy Ogle,Featherweight,0,SUB Triangle Choke,3,2:40
UFC Fight Night: Machida vs Mousasi,Joe Proctor,Cristiano Marcello,Lightweight,0,U-DEC,3,5:00
UFC Fight Night: Machida vs Mousasi,Rodrigo Damm,Ivan Jorge,Lightweight,0,U-DEC,3,5:00
UFC Fight Night: Machida vs Mousasi,Francisco Trinaldo,Jesse Ronson,Lightweight,0,S-DEC,3,5:00
UFC Fight Night: Machida vs Mousasi,Iuri Alcantara,Wilson Reis,Bantamweight,0,S-DEC,3,5:00
UFC Fight Night: Machida vs Mousasi,Felipe Arantes,Maximo Blanco,Featherweight,0,U-DEC,3,5:00
UFC Fight Night: Machida vs Mousasi,Ildemar Alcantara,Albert Tumenov,Welterweight,0,S-DEC,3,5:00
UFC Fight Night: Machida vs Mousasi,Zubaira Tukhugov,Douglas Silva de Andrade,Featherweight,0,U-DEC,3,5:00
UFC 169: Barao vs Faber 2,Renan Barao,Urijah Faber,Bantamweight,1,KO/TKO Punch,1,3:42
UFC 169: Barao vs Faber 2,Jose Aldo,Ricardo Lamas,Featherweight,1,U-DEC,5,5:00
UFC 169: Barao vs Faber 2,Alistair Overeem,Frank Mir,Heavyweight,0,U-DEC,3,5:00
UFC 169: Barao vs Faber 2,Ali Bagautinov,John Lineker,Flyweight,0,U-DEC,3,5:00
UFC 169: Barao vs Faber 2,Abel Trujillo,Jamie Varner,Lightweight,0,KO/TKO Punch,2,2:32
UFC 169: Barao vs Faber 2,Alan Patrick,John Makdessi,Lightweight,0,U-DEC,3,5:00
UFC 169: Barao vs Faber 2,Chris Cariaso,Danny Martinez,Flyweight,0,U-DEC,3,5:00
UFC 169: Barao vs Faber 2,Nick Catone,Tom Watson,Middleweight,0,S-DEC,3,5:00
UFC 169: Barao vs Faber 2,Al Iaquinta,Kevin Lee,Lightweight,0,U-DEC,3,5:00
UFC 169: Barao vs Faber 2,Clint Hester,Andy Enz,Middleweight,0,U-DEC,3,5:00
UFC 169: Barao vs Faber 2,Rashid Magomedov,Anthony Rocco Martin,Lightweight,0,U-DEC,3,5:00
UFC 169: Barao vs Faber 2,Neil Magny,Gasan Umalatov,Welterweight,0,U-DEC,3,5:00
UFC on FOX: Henderson vs Thomson,Benson Henderson,Josh Thomson,Lightweight,0,S-DEC,5,5:00
UFC on FOX: Henderson vs Thomson,Stipe Miocic,Gabriel Gonzaga,Heavyweight,0,U-DEC,3,5:00
UFC on FOX: Henderson vs Thomson,Donald Cerrone,Adriano Martins,Lightweight,0,KO/TKO Kick,1,4:40
UFC on FOX: Henderson vs Thomson,Jeremy Stephens,Darren Elkins,Featherweight,0,U-DEC,3,5:00
UFC on FOX: Henderson vs Thomson,Alex Caceres,Sergio Pettis,Bantamweight,0,SUB Rear Naked Choke,3,4:39
UFC on FOX: Henderson vs Thomson,Eddie Wineland,Yves Jabouin,Bantamweight,0,KO/TKO Punches,2,4:16
UFC on FOX: Henderson vs Thomson,Chico Camus,Yaotzin Meza,Bantamweight,0,Overturned,3,5:00
UFC on FOX: Henderson vs Thomson,Hugo Viana,Ramiro Hernandez,Bantamweight,0,U-DEC,3,5:00
UFC on FOX: Henderson vs Thomson,Daron Cruickshank,Mike Rio,Lightweight,0,KO/TKO Kick,2,4:56
UFC on FOX: Henderson vs Thomson,George Sullivan,Mike Rhodes,Welterweight,0,U-DEC,3,5:00
UFC on FOX: Henderson vs Thomson,Nikita Krylov,Walt Harris,Heavyweight,0,KO/TKO Kick,1,0:25
UFC Fight Night: Rockhold vs Philippou,Luke Rockhold,Constantinos Philippou,Middleweight,0,KO/TKO Kick,1,2:31
UFC Fight Night: Rockhold vs Philippou,Brad Tavares,Lorenz Larkin,Middleweight,0,U-DEC,3,5:00
UFC Fight Night: Rockhold vs Philippou,TJ Dillashaw,Mike Easton,Bantamweight,0,U-DEC,3,5:00
UFC Fight Night: Rockhold vs Philippou,Yoel Romero,Derek Brunson,Middleweight,0,KO/TKO Elbows,3,3:23
UFC Fight Night: Rockhold vs Philippou,John Moraga,Dustin Ortiz,Flyweight,0,S-DEC,3,5:00
UFC Fight Night: Rockhold vs Philippou,Cole Miller,Sam Sicilia,Featherweight,0,SUB Rear Naked Choke,2,1:54
UFC Fight Night: Rockhold vs Philippou,Ramsey Nijem,Justin Edwards,Lightweight,0,U-DEC,3,5:00
UFC Fight Night: Rockhold vs Philippou,Elias Silverio,Isaac Vallie-Flagg,Lightweight,0,U-DEC,3,5:00
UFC Fight Night: Rockhold vs Philippou,Trevor Smith,Brian Houston,Middleweight,0,S-DEC,3,5:00
UFC Fight Night: Rockhold vs Philippou,Louis Smolka,Alptekin Ozkilic,Flyweight,0,U-DEC,3,5:00
UFC Fight Night: Rockhold vs Philippou,Vinc Pichel,Garett Whiteley,Lightweight,0,U-DEC,3,5:00
UFC Fight Night: Rockhold vs Philippou,Beneil Dariush,Charlie Brenneman,Lightweight,0,SUB Rear Naked Choke,1,1:45
UFC Fight Night: Saffiedine vs Lim,Tarec Saffiedine,Hyun Gyu Lim,Welterweight,0,U-DEC,5,5:00
UFC Fight Night: Saffiedine vs Lim,Tatsuya Kawajiri,Sean Soriano,Featherweight,0,SUB Rear Naked Choke,2,0:50
UFC Fight Night: Saffiedine vs Lim,Kiichi Kunimoto,Luiz Dutra,Welterweight,0,DQ,1,2:57
UFC Fight Night: Saffiedine vs Lim,Kyung Ho Kang,Shunichi Shimizu,Bantamweight,0,SUB Arm Triangle,3,3:53
UFC Fight Night: Saffiedine vs Lim,Max Holloway,Will Chope,Featherweight,0,KO/TKO Punch,2,2:27
UFC Fight Night: Saffiedine vs Lim,Katsunori Kikuno,Quinn Mulhern,Lightweight,0,U-DEC,3,5:00
UFC Fight Night: Saffiedine vs Lim,Royston Wee,Dave Galera,Bantamweight,0,U-DEC,3,5:00
UFC Fight Night: Saffiedine vs Lim,Mairbek Taisumov,Tae Hyun Bang,Lightweight,0,U-DEC,3,5:00
UFC Fight Night: Saffiedine vs Lim,Dustin Kimura,Jon Delos Reyes,Bantamweight,0,SUB Armbar,1,2:13
UFC Fight Night: Saffiedine vs Lim,Russell Doane,Leandro Issa,Bantamweight,0,SUB Triangle Choke,2,4:59
UFC 168: Weidman vs Silva 2,Chris Weidman,Anderson Silva,Middleweight,1,KO/TKO,2,1:16
UFC 168: Weidman vs Silva 2,Ronda Rousey,Miesha Tate,Women's Bantamweight,1,SUB Armbar,3,0:58
UFC 168: Weidman vs Silva 2,Travis Browne,Josh Barnett,Heavyweight,0,KO/TKO Elbows,1,1:00
UFC 168: Weidman vs Silva 2,Jim Miller,Fabricio Camoes,Lightweight,0,SUB Armbar,1,3:42
UFC 168: Weidman vs Silva 2,Dustin Poirier,Diego Brandao,Featherweight,0,KO/TKO Punches,1,4:54
UFC 168: Weidman vs Silva 2,Uriah Hall,Chris Leben,Middleweight,0,KO/TKO,1,5:00
UFC 168: Weidman vs Silva 2,Michael Johnson,Gleison Tibau,Lightweight,0,KO/TKO Punch,2,1:32
UFC 168: Weidman vs Silva 2,Dennis Siver,Manvel Gamburyan,Featherweight,0,Overturned,3,5:00
UFC 168: Weidman vs Silva 2,John Howard,Siyar Bahadurzada,Welterweight,0,U-DEC,3,5:00
UFC 168: Weidman vs Silva 2,William Macario,Bobby Voelker,Welterweight,0,U-DEC,3,5:00
UFC 168: Weidman vs Silva 2,Robert Peralta,Estevan Payan,Featherweight,0,KO/TKO Punches,3,0:12
UFC on FOX: Johnson vs. Benavidez 2,Demetrious Johnson,Joseph Benavidez,Flyweight,1,KO/TKO Punch,1,2:08
UFC on FOX: Johnson vs. Benavidez 2,Urijah Faber,Michael McDonald,Bantamweight,0,SUB Guillotine Choke,2,3:22
UFC on FOX: Johnson vs. Benavidez 2,Chad Mendes,Nik Lentz,Featherweight,0,U-DEC,3,5:00
UFC on FOX: Johnson vs. Benavidez 2,Joe Lauzon,Mac Danzig,Lightweight,0,U-DEC,3,5:00
UFC on FOX: Johnson vs. Benavidez 2,Ryan LaFlare,Court McGee,Welterweight,0,U-DEC,3,5:00
UFC on FOX: Johnson vs. Benavidez 2,Edson Barboza,Danny Castillo,Lightweight,0,M-DEC,3,5:00
UFC on FOX: Johnson vs. Benavidez 2,King Green,Pat Healy,Lightweight,0,U-DEC,3,5:00
UFC on FOX: Johnson vs. Benavidez 2,Zach Makovsky,Scott Jorgensen,Flyweight,0,U-DEC,3,5:00
UFC on FOX: Johnson vs. Benavidez 2,Sam Stout,Cody McKenzie,Lightweight,0,U-DEC,3,5:00
UFC on FOX: Johnson vs. Benavidez 2,Abel Trujillo,Roger Bowling,Lightweight,0,KO/TKO Punches,2,1:35
UFC on FOX: Johnson vs. Benavidez 2,Alptekin Ozkilic,Darren Uyenoyama,Flyweight,0,S-DEC,3,5:00
UFC Fight Night: Hunt vs Bigfoot,Mark Hunt,Antonio Silva,Heavyweight,0,M-DEC,5,5:00
UFC Fight Night: Hunt vs Bigfoot,Mauricio Rua,James Te Huna,Light Heavyweight,0,KO/TKO Punch,1,1:03
UFC Fight Night: Hunt vs Bigfoot,Ryan Bader,Anthony Perosh,Light Heavyweight,0,U-DEC,3,5:00
UFC Fight Night: Hunt vs Bigfoot,Soa Palelei,Pat Barry,Heavyweight,0,KO/TKO Punches,1,2:09
UFC Fight Night: Hunt vs Bigfoot,Clint Hester,Dylan Andrews,Middleweight,0,KO/TKO,2,5:00
UFC Fight Night: Hunt vs Bigfoot,Bethe Correia,Julie Kedzie,Women's Bantamweight,0,S-DEC,3,5:00
UFC Fight Night: Hunt vs Bigfoot,Takeya Mizugaki,Nam Phan,Bantamweight,0,U-DEC,3,5:00
UFC Fight Night: Hunt vs Bigfoot,Caio Magalhaes,Nick Ring,Middleweight,0,U-DEC,3,5:00
UFC Fight Night: Hunt vs Bigfoot,Justin Scoggins,Richie Vaculik,Flyweight,0,KO/TKO Punches,1,4:43
UFC Fight Night: Hunt vs Bigfoot,Krzysztof Jotko,Bruno Santos,Middleweight,0,U-DEC,3,5:00
UFC Fight Night: Hunt vs Bigfoot,Alex Garcia,Ben Wall,Welterweight,0,KO/TKO Punch,1,0:43
The Ultimate Fighter: Team Rousey vs. Team Tate Finale,Nate Diaz,Gray Maynard,Lightweight,0,KO/TKO Punches,1,2:38
The Ultimate Fighter: Team Rousey vs. Team Tate Finale,Julianna Pena,Jessica Rakoczy,Women's Bantamweight,1,KO/TKO Punches,1,4:59
The Ultimate Fighter: Team Rousey vs. Team Tate Finale,Chris Holdsworth,Davey Grant,Bantamweight,1,SUB Rear Naked Choke,2,2:10
The Ultimate Fighter: Team Rousey vs. Team Tate Finale,Jessamyn Duke,Peggy Morgan,Women's Bantamweight,0,U-DEC,3,5:00
The Ultimate Fighter: Team Rousey vs. Team Tate Finale,Raquel Pennington,Roxanne Modafferi,Women's Bantamweight,0,U-DEC,3,5:00
The Ultimate Fighter: Team Rousey vs. Team Tate Finale,Akira Corassani,Maximo Blanco,Featherweight,0,DQ,1,0:25
The Ultimate Fighter: Team Rousey vs. Team Tate Finale,Tom Niinimaki,Rani Yahya,Featherweight,0,S-DEC,3,5:00
The Ultimate Fighter: Team Rousey vs. Team Tate Finale,Jared Rosholt,Walt Harris,Heavyweight,0,U-DEC,3,5:00
The Ultimate Fighter: Team Rousey vs. Team Tate Finale,Sean Spencer,Drew Dober,Welterweight,0,U-DEC,3,5:00
The Ultimate Fighter: Team Rousey vs. Team Tate Finale,Josh Sampo,Ryan Benoit,Flyweight,0,SUB Rear Naked Choke,2,4:31
UFC 167: St-Pierre vs Hendricks,Georges St-Pierre,Johny Hendricks,Welterweight,1,S-DEC,5,5:00
UFC 167: St-Pierre vs Hendricks,Rashad Evans,Chael Sonnen,Light Heavyweight,0,KO/TKO Punches,1,4:05
UFC 167: St-Pierre vs Hendricks,Robbie Lawler,Rory MacDonald,Welterweight,0,S-DEC,3,5:00
UFC 167: St-Pierre vs Hendricks,Tyron Woodley,Josh Koscheck,Welterweight,0,KO/TKO Punch,1,4:38
UFC 167: St-Pierre vs Hendricks,Ali Bagautinov,Tim Elliott,Flyweight,0,U-DEC,3,5:00
UFC 167: St-Pierre vs Hendricks,Donald Cerrone,Evan Dunham,Lightweight,0,SUB Triangle Choke,2,3:49
UFC 167: St-Pierre vs Hendricks,Thales Leites,Ed Herman,Middleweight,0,U-DEC,3,5:00
UFC 167: St-Pierre vs Hendricks,Rick Story,Brian Ebersole,Welterweight,0,U-DEC,3,5:00
UFC 167: St-Pierre vs Hendricks,Erik Perez,Edwin Figueroa,Bantamweight,0,U-DEC,3,5:00
UFC 167: St-Pierre vs Hendricks,Jason High,Anthony Lapsley,Welterweight,0,U-DEC,3,5:00
UFC 167: St-Pierre vs Hendricks,Sergio Pettis,Will Campuzano,Bantamweight,0,U-DEC,3,5:00
UFC 167: St-Pierre vs Hendricks,Gian Villante,Cody Donovan,Light Heavyweight,0,KO/TKO Punch,2,1:22
UFC Fight Night: Belfort vs Henderson 2,Vitor Belfort,Dan Henderson,Light Heavyweight,0,KO/TKO Kick,1,1:17
UFC Fight Night: Belfort vs Henderson 2,Cezar Ferreira,Daniel Sarafian,Middleweight,0,S-DEC,3,5:00
UFC Fight Night: Belfort vs Henderson 2,Rafael Cavalcante,Igor Pokrajac,Light Heavyweight,0,KO/TKO Knee,1,1:18
UFC Fight Night: Belfort vs Henderson 2,Brandon Thatch,Paulo Thiago,Welterweight,0,KO/TKO Knee,1,2:10
UFC Fight Night: Belfort vs Henderson 2,Ryan LaFlare,Santiago Ponzinibbio,Welterweight,0,U-DEC,3,5:00
UFC Fight Night: Belfort vs Henderson 2,Jeremy Stephens,Rony Jason,Featherweight,0,KO/TKO Kick,1,0:40
UFC Fight Night: Belfort vs Henderson 2,Sam Sicilia,Godofredo Pepey,Featherweight,0,KO/TKO Punches,1,1:42
UFC Fight Night: Belfort vs Henderson 2,Omari Akhmedov,Thiago Perpetuo,Middleweight,0,KO/TKO Punch,1,3:31
UFC Fight Night: Belfort vs Henderson 2,Thiago Tavares,Justin Salas,Lightweight,0,SUB Rear Naked Choke,1,2:38
UFC Fight Night: Belfort vs Henderson 2,Adriano Martins,Daron Cruickshank,Lightweight,0,SUB Straight Armbar,2,2:49
UFC Fight Night: Belfort vs Henderson 2,Dustin Ortiz,Jose Maria,Flyweight,0,KO/TKO Punches,3,3:19
UFC Fight Night: Fight for the Troops 3,Tim Kennedy,Rafael Natal,Middleweight,0,KO/TKO Punch,1,4:40
UFC Fight Night: Fight for the Troops 3,Alexis Davis,Liz Carmouche,Women's Bantamweight,0,U-DEC,3,5:00
UFC Fight Night: Fight for the Troops 3,Yoel Romero,Ronny Markes,Middleweight,0,KO/TKO Punch,3,1:39
UFC Fight Night: Fight for the Troops 3,Rustam Khabilov,Jorge Masvidal,Lightweight,0,U-DEC,3,5:00
UFC Fight Night: Fight for the Troops 3,Michael Chiesa,Colton Smith,Lightweight,0,SUB Rear Naked Choke,2,1:41
UFC Fight Night: Fight for the Troops 3,King Green,James Krause,Lightweight,0,KO/TKO Kick,1,3:50
UFC Fight Night: Fight for the Troops 3,Francisco Rivera,George Roop,Bantamweight,0,KO/TKO Punch,2,2:20
UFC Fight Night: Fight for the Troops 3,Dennis Bermudez,Steven Siler,Featherweight,0,U-DEC,3,5:00
UFC Fight Night: Fight for the Troops 3,Amanda Nunes,Germaine de Randamie,Women's Bantamweight,0,KO/TKO Elbows,1,3:56
UFC Fight Night: Fight for the Troops 3,Lorenz Larkin,Chris Camozzi,Middleweight,0,U-DEC,3,5:00
UFC Fight Night: Fight for the Troops 3,Yves Edwards,Yancy Medeiros,Lightweight,0,Overturned,1,2:47
UFC Fight Night: Fight for the Troops 3,Seth Baczynski,Neil Magny,Welterweight,0,U-DEC,3,5:00
UFC Fight Night: Fight for the Troops 3,Derek Brunson,Brian Houston,Middleweight,0,SUB Rear Naked Choke,1,0:48
UFC Fight Night: Machida vs Munoz,Lyoto Machida,Mark Munoz,Middleweight,0,KO/TKO Kick,1,3:10
UFC Fight Night: Machida vs Munoz,Ross Pearson,Melvin Guillard,Lightweight,0,CNC,1,1:57
UFC Fight Night: Machida vs Munoz,Jimi Manuwa,Ryan Jimmo,Light Heavyweight,0,KO/TKO,2,4:41
UFC Fight Night: Machida vs Munoz,Norman Parke,Jon Tuck,Lightweight,0,U-DEC,3,5:00
UFC Fight Night: Machida vs Munoz,Nicholas Musoke,Alessio Sakara,Middleweight,0,SUB Armbar,1,3:07
UFC Fight Night: Machida vs Munoz,John Lineker,Phil Harris,Flyweight,0,KO/TKO Punch,1,2:51
UFC Fight Night: Machida vs Munoz,Al Iaquinta,Piotr Hallmann,Lightweight,0,U-DEC,3,5:00
UFC Fight Night: Machida vs Munoz,Luke Barnatt,Andrew Craig,Middleweight,0,SUB Rear Naked Choke,2,2:12
UFC Fight Night: Machida vs Munoz,Jessica Andrade,Rosi Sexton,Women's Bantamweight,0,U-DEC,3,5:00
UFC Fight Night: Machida vs Munoz,Cole Miller,Andy Ogle,Featherweight,0,U-DEC,3,5:00
UFC Fight Night: Machida vs Munoz,Jimy Hettes,Robert Whiteford,Featherweight,0,SUB Triangle Choke,2,2:17
UFC Fight Night: Machida vs Munoz,Brad Scott,Michael Kuiper,Middleweight,0,SUB Guillotine Choke,1,4:17
UFC 166: Velasquez vs Dos Santos 3,Cain Velasquez,Junior Dos Santos,Heavyweight,1,KO/TKO Punch,5,3:09
UFC 166: Velasquez vs Dos Santos 3,Daniel Cormier,Roy Nelson,Heavyweight,0,U-DEC,3,5:00
UFC 166: Velasquez vs Dos Santos 3,Gilbert Melendez,Diego Sanchez,Lightweight,0,U-DEC,3,5:00
UFC 166: Velasquez vs Dos Santos 3,Gabriel Gonzaga,Shawn Jordan,Heavyweight,0,KO/TKO Punch,1,1:33
UFC 166: Velasquez vs Dos Santos 3,John Dodson,Darrell Montague,Flyweight,0,KO/TKO Punch,1,4:13
UFC 166: Velasquez vs Dos Santos 3,Tim Boetsch,CB Dollaway,Middleweight,0,S-DEC,3,5:00
UFC 166: Velasquez vs Dos Santos 3,Hector Lombard,Nate Marquardt,Welterweight,0,KO/TKO Punch,1,1:48
UFC 166: Velasquez vs Dos Santos 3,Sarah Kaufman,Jessica Eye,Women's Bantamweight,0,Overturned,3,5:00
UFC 166: Velasquez vs Dos Santos 3,KJ Noons,George Sotiropoulos,Lightweight,0,U-DEC,3,5:00
UFC 166: Velasquez vs Dos Santos 3,Adlan Amagov,TJ Waldburger,Welterweight,0,KO/TKO Punch,1,3:00
UFC 166: Velasquez vs Dos Santos 3,Tony Ferguson,Mike Rio,Lightweight,0,SUB D'Arce Choke,1,1:52
UFC 166: Velasquez vs Dos Santos 3,Andre Fili,Jeremy Larsen,Featherweight,0,KO/TKO Punch,2,0:53
UFC 166: Velasquez vs Dos Santos 3,Kyoji Horiguchi,Dustin Pague,Bantamweight,0,KO/TKO Punches,2,3:51
UFC Fight Night: Maia vs Shields,Jake Shields,Demian Maia,Welterweight,0,S-DEC,5,5:00
UFC Fight Night: Maia vs Shields,Dong Hyun Kim,Erick Silva,Welterweight,0,KO/TKO Punch,2,3:01
UFC Fight Night: Maia vs Shields,Thiago Silva,Matt Hamill,Light Heavyweight,0,U-DEC,3,5:00
UFC Fight Night: Maia vs Shields,Fabio Maldonado,Joey Beltran,Light Heavyweight,0,S-DEC,3,5:00
UFC Fight Night: Maia vs Shields,Rousimar Palhares,Mike Pierce,Welterweight,0,SUB Heel Hook,1,0:31
UFC Fight Night: Maia vs Shields,Raphael Assuncao,TJ Dillashaw,Bantamweight,0,S-DEC,3,5:00
UFC Fight Night: Maia vs Shields,Igor Araujo,Ildemar Alcantara,Welterweight,0,U-DEC,3,5:00
UFC Fight Night: Maia vs Shields,Yan Cabral,David Mitchell,Welterweight,0,U-DEC,3,5:00
UFC Fight Night: Maia vs Shields,Chris Cariaso,Iliarde Santos,Flyweight,0,KO/TKO Punches,2,4:31
UFC Fight Night: Maia vs Shields,Alan Patrick,Garett Whiteley,Lightweight,0,KO/TKO Punch,1,3:54
UFC 165: Jones vs Gustafsson,Jon Jones,Alexander Gustafsson,Light Heavyweight,1,U-DEC,5,5:00
UFC 165: Jones vs Gustafsson,Renan Barao,Eddie Wineland,Bantamweight,1,KO/TKO Spinning Back Kick,2,0:35
UFC 165: Jones vs Gustafsson,Brendan Schaub,Matt Mitrione,Heavyweight,0,SUB D'Arce Choke,1,4:06
UFC 165: Jones vs Gustafsson,Francis Carmont,Constantinos Philippou,Middleweight,0,U-DEC,3,5:00
UFC 165: Jones vs Gustafsson,Khabib Nurmagomedov,Pat Healy,Lightweight,0,U-DEC,3,5:00
UFC 165: Jones vs Gustafsson,Myles Jury,Mike Ricci,Lightweight,0,S-DEC,3,5:00
UFC 165: Jones vs Gustafsson,Wilson Reis,Ivan Menjivar,Bantamweight,0,U-DEC,3,5:00
UFC 165: Jones vs Gustafsson,Stephen Thompson,Chris Clements,Welterweight,0,KO/TKO Punch,2,1:27
UFC 165: Jones vs Gustafsson,Mitch Gagnon,Dustin Kimura,Bantamweight,0,SUB Guillotine Choke,1,4:05
UFC 165: Jones vs Gustafsson,John Makdessi,Renee Forte,Lightweight,0,KO/TKO Punch,1,2:01
UFC 165: Jones vs Gustafsson,Michel Prazeres,Jesse Ronson,Lightweight,0,S-DEC,3,5:00
UFC 165: Jones vs Gustafsson,Alex Caceres,Roland Delorme,Bantamweight,0,S-DEC,3,5:00
UFC 165: Jones vs Gustafsson,Daniel Omielanczuk,Nandor Guelmino,Heavyweight,0,KO/TKO Punch,3,3:18
UFC Fight Night: Teixeira vs Bader,Glover Teixeira,Ryan Bader,Light Heavyweight,0,KO/TKO Punch,1,2:55
UFC Fight Night: Teixeira vs Bader,Jacare Souza,Yushin Okami,Middleweight,0,KO/TKO Punch,1,2:47
UFC Fight Night: Teixeira vs Bader,Joseph Benavidez,Jussier Formiga,Flyweight,0,KO/TKO Knee,1,3:07
UFC Fight Night: Teixeira vs Bader,Piotr Hallmann,Francisco Trinaldo,Lightweight,0,SUB Kimura,2,3:50
UFC Fight Night: Teixeira vs Bader,Rafael Natal,Tor Troeng,Middleweight,0,U-DEC,3,5:00
UFC Fight Night: Teixeira vs Bader,Ali Bagautinov,Marcos Vinicius,Flyweight,0,KO/TKO Punch,3,3:28
UFC Fight Night: Teixeira vs Bader,Edimilson Souza,Felipe Arantes,Featherweight,0,S-DEC,3,5:00
UFC Fight Night: Teixeira vs Bader,Lucas Martins,Ramiro Hernandez,Bantamweight,0,SUB Rear Naked Choke,1,1:10
UFC Fight Night: Teixeira vs Bader,Elias Silverio,Joao Zeferino,Welterweight,0,U-DEC,3,5:00
UFC Fight Night: Teixeira vs Bader,Ivan Jorge,Keith Wisniewski,Welterweight,0,U-DEC,3,5:00
UFC Fight Night: Teixeira vs Bader,Sean Spencer,Yuri Villefort,Welterweight,0,S-DEC,3,5:00
UFC 164: Henderson vs Pettis 2,Anthony Pettis,Benson Henderson,Lightweight,1,SUB Armbar,1,4:41
UFC 164: Henderson vs Pettis 2,Josh Barnett,Frank Mir,Heavyweight,0,KO/TKO Knee,1,1:56
UFC 164: Henderson vs Pettis 2,Chad Mendes,Clay Guida,Featherweight,0,KO/TKO Punch,3,0:30
UFC 164: Henderson vs Pettis 2,Ben Rothwell,Brandon Vera,Heavyweight,0,KO/TKO Punches,3,1:54
UFC 164: Henderson vs Pettis 2,Dustin Poirier,Erik Koch,Featherweight,0,U-DEC,3,5:00
UFC 164: Henderson vs Pettis 2,Gleison Tibau,Jamie Varner,Lightweight,0,S-DEC,3,5:00
UFC 164: Henderson vs Pettis 2,Tim Elliott,Louis Gaudinot,Flyweight,0,U-DEC,3,5:00
UFC 164: Henderson vs Pettis 2,Hyun Gyu Lim,Pascal Krauss,Welterweight,0,KO/TKO Knee,1,3:58
UFC 164: Henderson vs Pettis 2,Chico Camus,Kyung Ho Kang,Bantamweight,0,U-DEC,3,5:00
UFC 164: Henderson vs Pettis 2,Soa Palelei,Nikita Krylov,Heavyweight,0,KO/TKO Punches,3,1:34
UFC 164: Henderson vs Pettis 2,Al Iaquinta,Ryan Couture,Lightweight,0,U-DEC,3,5:00
UFC 164: Henderson vs Pettis 2,Magnus Cedenblad,Jared Hamman,Middleweight,0,SUB Guillotine Choke,1,0:57
UFC Fight Night: Condit vs Kampmann 2,Carlos Condit,Martin Kampmann,Welterweight,0,KO/TKO Punch,4,0:54
UFC Fight Night: Condit vs Kampmann 2,Rafael Dos Anjos,Donald Cerrone,Lightweight,0,U-DEC,3,5:00
UFC Fight Night: Condit vs Kampmann 2,Kelvin Gastelum,Brian Melancon,Welterweight,0,SUB Rear Naked Choke,1,2:26
UFC Fight Night: Condit vs Kampmann 2,Court McGee,Robert Whittaker,Welterweight,0,S-DEC,3,5:00
UFC Fight Night: Condit vs Kampmann 2,Takeya Mizugaki,Erik Perez,Bantamweight,0,S-DEC,3,5:00
UFC Fight Night: Condit vs Kampmann 2,Brad Tavares,Robert McDaniel,Middleweight,0,U-DEC,3,5:00
UFC Fight Night: Condit vs Kampmann 2,Dylan Andrews,Papy Abedi,Middleweight,0,KO/TKO Punch,3,1:32
UFC Fight Night: Condit vs Kampmann 2,Brandon Thatch,Justin Edwards,Welterweight,0,KO/TKO Punch,1,1:23
UFC Fight Night: Condit vs Kampmann 2,Darren Elkins,Hatsu Hioki,Featherweight,0,U-DEC,3,5:00
UFC Fight Night: Condit vs Kampmann 2,Jason High,James Head,Welterweight,0,SUB Guillotine Choke,1,1:41
UFC Fight Night: Condit vs Kampmann 2,Zak Cummings,Ben Alloway,Welterweight,0,SUB D'Arce Choke,1,4:19
UFC Fight Night: Condit vs Kampmann 2,Roger Bowling,Abel Trujillo,Lightweight,0,CNC,2,4:57
UFC Fight Night: Shogun vs Sonnen,Chael Sonnen,Mauricio Rua,Light Heavyweight,0,SUB Guillotine Choke,1,4:47
UFC Fight Night: Shogun vs Sonnen,Travis Browne,Alistair Overeem,Heavyweight,0,KO/TKO Kick,1,4:08
UFC Fight Night: Shogun vs Sonnen,Urijah Faber,Iuri Alcantara,Bantamweight,0,U-DEC,3,5:00
UFC Fight Night: Shogun vs Sonnen,Matt Brown,Mike Pyle,Welterweight,0,KO/TKO Knee,1,0:29
UFC Fight Night: Shogun vs Sonnen,John Howard,Uriah Hall,Middleweight,0,S-DEC,3,5:00
UFC Fight Night: Shogun vs Sonnen,Michael Johnson,Joe Lauzon,Lightweight,0,U-DEC,3,5:00
UFC Fight Night: Shogun vs Sonnen,Michael McDonald,Brad Pickett,Bantamweight,0,SUB Triangle Choke,2,3:43
UFC Fight Night: Shogun vs Sonnen,Conor McGregor,Max Holloway,Featherweight,0,U-DEC,3,5:00
UFC Fight Night: Shogun vs Sonnen,Steven Siler,Mike Brown,Featherweight,0,KO/TKO Punch,1,0:50
UFC Fight Night: Shogun vs Sonnen,Diego Brandao,Daniel Pineda,Featherweight,0,U-DEC,3,5:00
UFC Fight Night: Shogun vs Sonnen,Manvel Gamburyan,Cole Miller,Featherweight,0,U-DEC,3,5:00
UFC Fight Night: Shogun vs Sonnen,Ovince Saint Preux,Cody Donovan,Light Heavyweight,0,KO/TKO Punches,1,2:07
UFC Fight Night: Shogun vs Sonnen,James Vick,Ramsey Nijem,Lightweight,0,SUB Guillotine Choke,1,0:58
UFC 163: Aldo vs Jung,Jose Aldo,Chan Sung Jung,Featherweight,1,KO/TKO Punches,4,2:00
UFC 163: Aldo vs Jung,Phil Davis,Lyoto Machida,Light Heavyweight,0,U-DEC,3,5:00
UFC 163: Aldo vs Jung,Cezar Ferreira,Thiago Santos,Middleweight,0,SUB Guillotine Choke,1,0:47
UFC 163: Aldo vs Jung,Thales Leites,Tom Watson,Middleweight,0,U-DEC,3,5:00
UFC 163: Aldo vs Jung,John Lineker,Jose Maria,Flyweight,0,KO/TKO Punches,2,1:03
UFC 163: Aldo vs Jung,Anthony Perosh,Vinny Magalhaes,Light Heavyweight,0,KO/TKO Punch,1,0:14
UFC 163: Aldo vs Jung,Amanda Nunes,Sheila Gaff,Women's Bantamweight,0,KO/TKO Elbows,1,2:08
UFC 163: Aldo vs Jung,Sergio Moraes,Neil Magny,Welterweight,0,SUB Triangle Choke,1,3:13
UFC 163: Aldo vs Jung,Ian McCall,Iliarde Santos,Flyweight,0,U-DEC,3,5:00
UFC 163: Aldo vs Jung,Rani Yahya,Josh Clopton,Featherweight,0,U-DEC,3,5:00
UFC 163: Aldo vs Jung,Francimar Barroso,Ednaldo Oliveira,Light Heavyweight,0,U-DEC,3,5:00
UFC 163: Aldo vs Jung,Viscardi Andrade,Bristol Marunde,Welterweight,0,KO/TKO Punch,1,1:36
UFC on FOX: Johnson vs Moraga,Demetrious Johnson,John Moraga,Flyweight,1,SUB Armbar,5,3:43
UFC on FOX: Johnson vs Moraga,Rory MacDonald,Jake Ellenberger,Welterweight,0,U-DEC,3,5:00
UFC on FOX: Johnson vs Moraga,Robbie Lawler,Bobby Voelker,Welterweight,0,KO/TKO Kick,2,0:24
UFC on FOX: Johnson vs Moraga,Liz Carmouche,Jessica Andrade,Women's Bantamweight,0,KO/TKO Punches,2,3:57
UFC on FOX: Johnson vs Moraga,Jorge Masvidal,Michael Chiesa,Lightweight,0,SUB D'Arce Choke,2,4:59
UFC on FOX: Johnson vs Moraga,Danny Castillo,Tim Means,Lightweight,0,U-DEC,3,5:00
UFC on FOX: Johnson vs Moraga,Melvin Guillard,Mac Danzig,Lightweight,0,KO/TKO Punch,2,2:47
UFC on FOX: Johnson vs Moraga,Daron Cruickshank,Yves Edwards,Lightweight,0,S-DEC,3,5:00
UFC on FOX: Johnson vs Moraga,Ed Herman,Trevor Smith,Middleweight,0,S-DEC,3,5:00
UFC on FOX: Johnson vs Moraga,Germaine de Randamie,Julie Kedzie,Women's Bantamweight,0,S-DEC,3,5:00
UFC on FOX: Johnson vs Moraga,Justin Salas,Aaron Riley,Lightweight,0,S-DEC,3,5:00
UFC on FOX: Johnson vs Moraga,Yaotzin Meza,John Albert,Bantamweight,0,SUB Rear Naked Choke,2,2:49
UFC 162: Silva vs Weidman,Chris Weidman,Anderson Silva,Middleweight,1,KO/TKO Punch,2,1:18
UFC 162: Silva vs Weidman,Frankie Edgar,Charles Oliveira,Featherweight,0,U-DEC,3,5:00
UFC 162: Silva vs Weidman,Tim Kennedy,Roger Gracie,Middleweight,0,U-DEC,3,5:00
UFC 162: Silva vs Weidman,Mark Munoz,Tim Boetsch,Middleweight,0,U-DEC,3,5:00
UFC 162: Silva vs Weidman,Cub Swanson,Dennis Siver,Featherweight,0,KO/TKO Punches,3,2:24
UFC 162: Silva vs Weidman,Andrew Craig,Chris Leben,Middleweight,0,S-DEC,3,5:00
UFC 162: Silva vs Weidman,Norman Parke,Kazuki Tokudome,Lightweight,0,U-DEC,3,5:00
UFC 162: Silva vs Weidman,Gabriel Gonzaga,Dave Herman,Heavyweight,0,KO/TKO Punch,1,0:17
UFC 162: Silva vs Weidman,Edson Barboza,Rafaello Oliveira,Lightweight,0,KO/TKO Kicks,2,1:44
UFC 162: Silva vs Weidman,Brian Melancon,Seth Baczynski,Welterweight,0,KO/TKO Punches,1,4:59
UFC 162: Silva vs Weidman,Mike Pierce,David Mitchell,Welterweight,0,KO/TKO Knee,2,2:55
UFC 161: Evans vs Henderson,Rashad Evans,Dan Henderson,Light Heavyweight,0,S-DEC,3,5:00
UFC 161: Evans vs Henderson,Stipe Miocic,Roy Nelson,Heavyweight,0,U-DEC,3,5:00
UFC 161: Evans vs Henderson,Ryan Jimmo,Igor Pokrajac,Light Heavyweight,0,U-DEC,3,5:00
UFC 161: Evans vs Henderson,Alexis Davis,Rosi Sexton,Women's Bantamweight,0,U-DEC,3,5:00
UFC 161: Evans vs Henderson,Shawn Jordan,Pat Barry,Heavyweight,0,KO/TKO Punches,1,0:59
UFC 161: Evans vs Henderson,Jake Shields,Tyron Woodley,Welterweight,0,S-DEC,3,5:00
UFC 161: Evans vs Henderson,James Krause,Sam Stout,Lightweight,0,SUB Guillotine Choke,3,4:47
UFC 161: Evans vs Henderson,Sean Pierson,Kenny Robertson,Welterweight,0,M-DEC,3,5:00
UFC 161: Evans vs Henderson,Roland Delorme,Edwin Figueroa,Bantamweight,0,U-DEC,3,5:00
UFC 161: Evans vs Henderson,Mitch Clarke,John Maguire,Lightweight,0,U-DEC,3,5:00
UFC 161: Evans vs Henderson,Yves Jabouin,Dustin Pague,Bantamweight,0,S-DEC,3,5:00
UFC on FUEL TV: Nogueira vs. Werdum,Fabricio Werdum,Antonio Rodrigo Nogueira,Heavyweight,0,SUB Armbar,2,2:41
UFC on FUEL TV: Nogueira vs. Werdum,Leonardo Santos,William Macario,Welterweight,1,SUB Arm Triangle,2,4:43
UFC on FUEL TV: Nogueira vs. Werdum,Thiago Silva,Rafael Cavalcante,Light Heavyweight,0,KO/TKO Punch,1,4:29
UFC on FUEL TV: Nogueira vs. Werdum,Erick Silva,Jason High,Welterweight,0,SUB Armbar,1,1:11
UFC on FUEL TV: Nogueira vs. Werdum,Daniel Sarafian,Eddie Mendez,Middleweight,0,SUB Arm Triangle,1,2:20
UFC on FUEL TV: Nogueira vs. Werdum,Rony Jason,Mike Wilkinson,Featherweight,0,SUB Triangle Choke,1,1:24
UFC on FUEL TV: Nogueira vs. Werdum,Raphael Assuncao,Vaughan Lee,Bantamweight,0,SUB Armbar,2,1:51
UFC on FUEL TV: Nogueira vs. Werdum,Felipe Arantes,Godofredo Pepey,Featherweight,0,KO/TKO Elbows,1,3:32
UFC on FUEL TV: Nogueira vs. Werdum,Ildemar Alcantara,Leandro Silva,Welterweight,0,U-DEC,3,5:00
UFC on FUEL TV: Nogueira vs. Werdum,Rodrigo Damm,Mizuto Hirota,Featherweight,0,S-DEC,3,5:00
UFC on FUEL TV: Nogueira vs. Werdum,Caio Magalhaes,Karlos Vemola,Middleweight,0,SUB Rear Naked Choke,2,2:49
UFC on FUEL TV: Nogueira vs. Werdum,Antonio Braga Neto,Anthony Smith,Middleweight,0,SUB Kneebar,1,1:52
UFC 160: Velasquez vs Silva 2,Cain Velasquez,Antonio Silva,Heavyweight,1,KO/TKO Punch,1,1:21
UFC 160: Velasquez vs Silva 2,Junior Dos Santos,Mark Hunt,Heavyweight,0,KO/TKO Kick,3,4:18
UFC 160: Velasquez vs Silva 2,Glover Teixeira,James Te Huna,Light Heavyweight,0,SUB Guillotine Choke,1,2:38
UFC 160: Velasquez vs Silva 2,TJ Grant,Gray Maynard,Lightweight,0,KO/TKO Punches,1,2:07
UFC 160: Velasquez vs Silva 2,Donald Cerrone,KJ Noons,Lightweight,0,U-DEC,3,5:00
UFC 160: Velasquez vs Silva 2,Mike Pyle,Rick Story,Welterweight,0,S-DEC,3,5:00
UFC 160: Velasquez vs Silva 2,Dennis Bermudez,Max Holloway,Featherweight,0,S-DEC,3,5:00
UFC 160: Velasquez vs Silva 2,Robert Whittaker,Colton Smith,Welterweight,0,KO/TKO Punch,3,0:41
UFC 160: Velasquez vs Silva 2,Khabib Nurmagomedov,Abel Trujillo,Lightweight,0,U-DEC,3,5:00
UFC 160: Velasquez vs Silva 2,Stephen Thompson,Nah-Shon Burrell,Welterweight,0,U-DEC,3,5:00
UFC 160: Velasquez vs Silva 2,George Roop,Brian Bowles,Bantamweight,0,KO/TKO Punch,2,1:43
UFC 160: Velasquez vs Silva 2,Jeremy Stephens,Estevan Payan,Featherweight,0,U-DEC,3,5:00
UFC on FX: Belfort vs. Rockhold,Vitor Belfort,Luke Rockhold,Middleweight,0,KO/TKO Kick,1,2:32
UFC on FX: Belfort vs. Rockhold,Jacare Souza,Chris Camozzi,Middleweight,0,SUB Arm Triangle,1,3:37
UFC on FX: Belfort vs. Rockhold,Rafael Dos Anjos,Evan Dunham,Lightweight,0,U-DEC,3,5:00
UFC on FX: Belfort vs. Rockhold,Rafael Natal,Joao Zeferino,Middleweight,0,U-DEC,3,5:00
UFC on FX: Belfort vs. Rockhold,Nik Lentz,Hacran Dias,Featherweight,0,U-DEC,3,5:00
UFC on FX: Belfort vs. Rockhold,Francisco Trinaldo,Mike Rio,Lightweight,0,SUB Arm Triangle,1,3:08
UFC on FX: Belfort vs. Rockhold,Gleison Tibau,John Cholish,Lightweight,0,SUB Guillotine Choke,2,2:34
UFC on FX: Belfort vs. Rockhold,Paulo Thiago,Michel Prazeres,Welterweight,0,U-DEC,3,5:00
UFC on FX: Belfort vs. Rockhold,Iuri Alcantara,Iliarde Santos,Bantamweight,0,KO/TKO Punch,1,2:31
UFC on FX: Belfort vs. Rockhold,Fabio Maldonado,Roger Hollett,Light Heavyweight,0,U-DEC,3,5:00
UFC on FX: Belfort vs. Rockhold,John Lineker,Azamat Gashimov,Flyweight,0,KO/TKO Punch,2,1:07
UFC on FX: Belfort vs. Rockhold,Jussier Formiga,Chris Cariaso,Flyweight,0,U-DEC,3,5:00
UFC on FX: Belfort vs. Rockhold,Lucas Martins,Jeremy Larsen,Lightweight,0,KO/TKO Punch,3,0:13
UFC 159: Jones vs Sonnen,Jon Jones,Chael Sonnen,Light Heavyweight,1,KO/TKO Punches,1,4:33
UFC 159: Jones vs Sonnen,Michael Bisping,Alan Belcher,Middleweight,0,U-DEC,3,4:31
UFC 159: Jones vs Sonnen,Roy Nelson,Cheick Kongo,Heavyweight,0,KO/TKO Punch,1,2:03
UFC 159: Jones vs Sonnen,Phil Davis,Vinny Magalhaes,Light Heavyweight,0,U-DEC,3,5:00
UFC 159: Jones vs Sonnen,Jim Miller,Pat Healy,Lightweight,0,Overturned,3,4:02
UFC 159: Jones vs Sonnen,Rustam Khabilov,Yancy Medeiros,Lightweight,0,KO/TKO,1,2:32
UFC 159: Jones vs Sonnen,Ovince Saint Preux,Gian Villante,Light Heavyweight,0,M-DEC,3,0:33
UFC 159: Jones vs Sonnen,Sara McMann,Sheila Gaff,Women's Bantamweight,0,KO/TKO Punches,1,4:06
UFC 159: Jones vs Sonnen,Bryan Caraway,Johnny Bedford,Bantamweight,0,SUB Guillotine Choke,3,4:44
UFC 159: Jones vs Sonnen,Cody McKenzie,Leonard Garcia,Featherweight,0,U-DEC,3,5:00
UFC 159: Jones vs Sonnen,Steven Siler,Kurt Holobaugh,Featherweight,0,U-DEC,3,5:00
UFC on FOX: Henderson vs Melendez,Benson Henderson,Gilbert Melendez,Lightweight,1,S-DEC,5,5:00
UFC on FOX: Henderson vs Melendez,Daniel Cormier,Frank Mir,Heavyweight,0,U-DEC,3,5:00
UFC on FOX: Henderson vs Melendez,Josh Thomson,Nate Diaz,Lightweight,0,KO/TKO Kick,2,3:44
UFC on FOX: Henderson vs Melendez,Matt Brown,Jordan Mein,Welterweight,0,KO/TKO Elbows,2,1:00
UFC on FOX: Henderson vs Melendez,Chad Mendes,Darren Elkins,Featherweight,0,KO/TKO Punch,1,1:08
UFC on FOX: Henderson vs Melendez,Francis Carmont,Lorenz Larkin,Middleweight,0,U-DEC,3,5:00
UFC on FOX: Henderson vs Melendez,Myles Jury,Ramsey Nijem,Lightweight,0,KO/TKO Punch,2,1:02
UFC on FOX: Henderson vs Melendez,Joseph Benavidez,Darren Uyenoyama,Flyweight,0,KO/TKO Punch,2,4:50
UFC on FOX: Henderson vs Melendez,Jorge Masvidal,Tim Means,Lightweight,0,U-DEC,3,5:00
UFC on FOX: Henderson vs Melendez,TJ Dillashaw,Hugo Viana,Bantamweight,0,KO/TKO Punches,1,4:22
UFC on FOX: Henderson vs Melendez,Anthony Njokuani,Roger Bowling,Lightweight,0,KO/TKO Punch,2,2:52
UFC on FOX: Henderson vs Melendez,Yoel Romero,Clifford Starks,Middleweight,0,KO/TKO Flying Knee,1,1:32
The Ultimate Fighter: Team Jones vs. Team Sonnen Finale,Urijah Faber,Scott Jorgensen,Bantamweight,0,SUB Rear Naked Choke,4,3:16
The Ultimate Fighter: Team Jones vs. Team Sonnen Finale,Kelvin Gastelum,Uriah Hall,Middleweight,1,S-DEC,3,5:00
The Ultimate Fighter: Team Jones vs. Team Sonnen Finale,Cat Zingano,Miesha Tate,Women's Bantamweight,0,KO/TKO Knees,3,2:55
The Ultimate Fighter: Team Jones vs. Team Sonnen Finale,Travis Browne,Gabriel Gonzaga,Heavyweight,0,KO/TKO Elbows,1,1:11
The Ultimate Fighter: Team Jones vs. Team Sonnen Finale,Robert McDaniel,Gilbert Smith,Middleweight,0,SUB Triangle Choke,3,2:49
The Ultimate Fighter: Team Jones vs. Team Sonnen Finale,Josh Samman,Kevin Casey,Middleweight,0,KO/TKO Knee,2,2:17
The Ultimate Fighter: Team Jones vs. Team Sonnen Finale,Luke Barnatt,Collin Hart,Middleweight,0,U-DEC,3,5:00
The Ultimate Fighter: Team Jones vs. Team Sonnen Finale,Dylan Andrews,Jimmy Quinlan,Middleweight,0,KO/TKO Punch,1,3:22
The Ultimate Fighter: Team Jones vs. Team Sonnen Finale,Clint Hester,Bristol Marunde,Middleweight,0,KO/TKO Elbow,3,3:53
The Ultimate Fighter: Team Jones vs. Team Sonnen Finale,Cole Miller,Bart Palaszewski,Featherweight,0,SUB Rear Naked Choke,1,4:23
The Ultimate Fighter: Team Jones vs. Team Sonnen Finale,Maximo Blanco,Sam Sicilia,Featherweight,0,U-DEC,3,5:00
The Ultimate Fighter: Team Jones vs. Team Sonnen Finale,Daniel Pineda,Justin Lawrence,Featherweight,0,SUB Kimura,1,1:35
UFC on FUEL TV: Mousasi vs Latifi,Gegard Mousasi,Ilir Latifi,Light Heavyweight,0,U-DEC,3,5:00
UFC on FUEL TV: Mousasi vs Latifi,Ross Pearson,Ryan Couture,Lightweight,0,KO/TKO Punches,2,3:45
UFC on FUEL TV: Mousasi vs Latifi,Matt Mitrione,Philip De Fries,Heavyweight,0,KO/TKO Punches,1,0:19
UFC on FUEL TV: Mousasi vs Latifi,Brad Pickett,Mike Easton,Bantamweight,0,S-DEC,3,5:00
UFC on FUEL TV: Mousasi vs Latifi,Diego Brandao,Pablo Garza,Featherweight,0,SUB Arm Triangle,1,3:27
UFC on FUEL TV: Mousasi vs Latifi,Akira Corassani,Robert Peralta,Featherweight,0,U-DEC,3,5:00
UFC on FUEL TV: Mousasi vs Latifi,Reza Madadi,Michael Johnson,Lightweight,0,SUB D'Arce Choke,3,1:33
UFC on FUEL TV: Mousasi vs Latifi,Tor Troeng,Adam Cella,Middleweight,0,SUB Rear Naked Choke,1,3:11
UFC on FUEL TV: Mousasi vs Latifi,Adlan Amagov,Chris Spang,Welterweight,0,U-DEC,3,5:00
UFC on FUEL TV: Mousasi vs Latifi,Conor McGregor,Marcus Brimage,Featherweight,0,KO/TKO Punches,1,1:07
UFC on FUEL TV: Mousasi vs Latifi,Ryan LaFlare,Ben Alloway,Welterweight,0,U-DEC,3,5:00
UFC on FUEL TV: Mousasi vs Latifi,Tom Lawlor,Michael Kuiper,Middleweight,0,SUB Guillotine Choke,2,1:05
UFC on FUEL TV: Mousasi vs Latifi,Papy Abedi,Besam Yousef,Welterweight,0,S-DEC,3,5:00
UFC 158: St-Pierre vs Diaz,Georges St-Pierre,Nick Diaz,Welterweight,1,U-DEC,5,5:00
UFC 158: St-Pierre vs Diaz,Johny Hendricks,Carlos Condit,Welterweight,0,U-DEC,3,5:00
UFC 158: St-Pierre vs Diaz,Jake Ellenberger,Nate Marquardt,Welterweight,0,KO/TKO Punch,1,3:00
UFC 158: St-Pierre vs Diaz,Chris Camozzi,Nick Ring,Middleweight,0,S-DEC,3,5:00
UFC 158: St-Pierre vs Diaz,Mike Ricci,Colin Fletcher,Lightweight,0,U-DEC,3,5:00
UFC 158: St-Pierre vs Diaz,Patrick Cote,Bobby Voelker,Welterweight,0,U-DEC,3,5:00
UFC 158: St-Pierre vs Diaz,Darren Elkins,Antonio Carvalho,Featherweight,0,KO/TKO Punch,1,3:06
UFC 158: St-Pierre vs Diaz,Jordan Mein,Dan Miller,Welterweight,0,KO/TKO Punches,1,4:42
UFC 158: St-Pierre vs Diaz,John Makdessi,Daron Cruickshank,Lightweight,0,U-DEC,3,5:00
UFC 158: St-Pierre vs Diaz,Rick Story,Quinn Mulhern,Welterweight,0,KO/TKO Punch,1,3:05
UFC 158: St-Pierre vs Diaz,TJ Dillashaw,Issei Tamura,Bantamweight,0,KO/TKO Kick,2,0:26
UFC 158: St-Pierre vs Diaz,George Roop,Reuben Duran,Bantamweight,0,U-DEC,3,5:00
UFC on FUEL TV: Silva vs. Stann,Wanderlei Silva,Brian Stann,Light Heavyweight,0,KO/TKO Punch,2,4:08
UFC on FUEL TV: Silva vs. Stann,Mark Hunt,Stefan Struve,Heavyweight,0,KO/TKO Punch,3,1:44
UFC on FUEL TV: Silva vs. Stann,Diego Sanchez,Takanori Gomi,Lightweight,0,S-DEC,3,5:00
UFC on FUEL TV: Silva vs. Stann,Yushin Okami,Hector Lombard,Middleweight,0,S-DEC,3,5:00
UFC on FUEL TV: Silva vs. Stann,Rani Yahya,Mizuto Hirota,Featherweight,0,U-DEC,3,5:00
UFC on FUEL TV: Silva vs. Stann,Dong Hyun Kim,Siyar Bahadurzada,Welterweight,0,U-DEC,3,5:00
UFC on FUEL TV: Silva vs. Stann,Brad Tavares,Riki Fukuda,Middleweight,0,U-DEC,3,5:00
UFC on FUEL TV: Silva vs. Stann,Takeya Mizugaki,Bryan Caraway,Bantamweight,0,S-DEC,3,5:00
UFC on FUEL TV: Silva vs. Stann,Kazuki Tokudome,Cristiano Marcello,Lightweight,0,U-DEC,3,5:00
UFC on FUEL TV: Silva vs. Stann,Alex Caceres,Kyung Ho Kang,Bantamweight,0,Overturned,3,5:00
UFC on FUEL TV: Silva vs. Stann,Hyun Gyu Lim,Marcelo Guimaraes,Welterweight,0,KO/TKO Knee,2,4:00
UFC 157: Rousey vs Carmouche,Ronda Rousey,Liz Carmouche,Women's Bantamweight,1,SUB Armbar,1,4:49
UFC 157: Rousey vs Carmouche,Lyoto Machida,Dan Henderson,Light Heavyweight,0,S-DEC,3,5:00
UFC 157: Rousey vs Carmouche,Urijah Faber,Ivan Menjivar,Bantamweight,0,SUB Rear Naked Choke,1,4:34
UFC 157: Rousey vs Carmouche,Court McGee,Josh Neer,Welterweight,0,U-DEC,3,5:00
UFC 157: Rousey vs Carmouche,Robbie Lawler,Josh Koscheck,Welterweight,0,KO/TKO Punches,1,3:57
UFC 157: Rousey vs Carmouche,Brendan Schaub,Lavar Johnson,Heavyweight,0,U-DEC,3,5:00
UFC 157: Rousey vs Carmouche,Michael Chiesa,Anton Kuivanen,Lightweight,0,SUB Rear Naked Choke,2,2:29
UFC 157: Rousey vs Carmouche,Dennis Bermudez,Matt Grice,Featherweight,0,S-DEC,3,5:00
UFC 157: Rousey vs Carmouche,Sam Stout,Caros Fodor,Lightweight,0,S-DEC,3,5:00
UFC 157: Rousey vs Carmouche,Kenny Robertson,Brock Jardine,Welterweight,0,SUB Suloev Stretch,1,2:57
UFC 157: Rousey vs Carmouche,Neil Magny,Jon Manley,Welterweight,0,U-DEC,3,5:00
UFC 157: Rousey vs Carmouche,Nah-Shon Burrell,Yuri Villefort,Welterweight,0,U-DEC,3,5:00
UFC on FUEL TV: Barao vs McDonald,Renan Barao,Michael McDonald,Bantamweight,1,SUB Arm Triangle,4,3:57
UFC on FUEL TV: Barao vs McDonald,Cub Swanson,Dustin Poirier,Featherweight,0,U-DEC,3,5:00
UFC on FUEL TV: Barao vs McDonald,Jimi Manuwa,Cyrille Diabate,Light Heavyweight,0,KO/TKO,1,5:00
UFC on FUEL TV: Barao vs McDonald,Gunnar Nelson,Jorge Santiago,Welterweight,0,U-DEC,3,5:00
UFC on FUEL TV: Barao vs McDonald,James Te Huna,Ryan Jimmo,Light Heavyweight,0,U-DEC,3,5:00
UFC on FUEL TV: Barao vs McDonald,Che Mills,Matthew Riddle,Welterweight,0,Overturned,3,5:00
UFC on FUEL TV: Barao vs McDonald,Renee Forte,Terry Etim,Lightweight,0,U-DEC,3,5:00
UFC on FUEL TV: Barao vs McDonald,Danny Castillo,Paul Sass,Lightweight,0,U-DEC,3,5:00
UFC on FUEL TV: Barao vs McDonald,Andy Ogle,Josh Grispi,Featherweight,0,U-DEC,3,5:00
UFC on FUEL TV: Barao vs McDonald,Tom Watson,Stanislav Nedkov,Middleweight,0,KO/TKO Knee,2,4:42
UFC on FUEL TV: Barao vs McDonald,Vaughan Lee,Motonobu Tezuka,Bantamweight,0,U-DEC,3,5:00
UFC on FUEL TV: Barao vs McDonald,Phil Harris,Ulysses Gomez,Flyweight,0,U-DEC,3,5:00
UFC 156: Aldo vs Edgar,Jose Aldo,Frankie Edgar,Featherweight,1,U-DEC,5,5:00
UFC 156: Aldo vs Edgar,Rogerio Nogueira,Rashad Evans,Light Heavyweight,0,U-DEC,3,5:00
UFC 156: Aldo vs Edgar,Antonio Silva,Alistair Overeem,Heavyweight,0,KO/TKO Punches,3,0:25
UFC 156: Aldo vs Edgar,Demian Maia,Jon Fitch,Welterweight,0,U-DEC,3,5:00
UFC 156: Aldo vs Edgar,Joseph Benavidez,Ian McCall,Flyweight,0,U-DEC,3,5:00
UFC 156: Aldo vs Edgar,Evan Dunham,Gleison Tibau,Lightweight,0,S-DEC,3,5:00
UFC 156: Aldo vs Edgar,Tyron Woodley,Jay Hieron,Welterweight,0,KO/TKO Punch,1,0:36
UFC 156: Aldo vs Edgar,King Green,Jacob Volkmann,Lightweight,0,SUB Rear Naked Choke,3,4:25
UFC 156: Aldo vs Edgar,Isaac Vallie-Flagg,Yves Edwards,Lightweight,0,S-DEC,3,5:00
UFC 156: Aldo vs Edgar,Dustin Kimura,Chico Camus,Bantamweight,0,SUB Rear Naked Choke,3,1:50
UFC 156: Aldo vs Edgar,Francisco Rivera,Edwin Figueroa,Bantamweight,0,KO/TKO Punches,2,4:20
UFC on FOX: Johnson vs Dodson,Demetrious Johnson,John Dodson,Flyweight,1,U-DEC,5,5:00
UFC on FOX: Johnson vs Dodson,Glover Teixeira,Quinton Jackson,Light Heavyweight,0,U-DEC,3,5:00
UFC on FOX: Johnson vs Dodson,Anthony Pettis,Donald Cerrone,Lightweight,0,KO/TKO Kick,1,2:35
UFC on FOX: Johnson vs Dodson,Ricardo Lamas,Erik Koch,Featherweight,0,KO/TKO Elbows,2,2:32
UFC on FOX: Johnson vs Dodson,TJ Grant,Matt Wiman,Lightweight,0,KO/TKO Elbows,1,4:51
UFC on FOX: Johnson vs Dodson,Clay Guida,Hatsu Hioki,Featherweight,0,S-DEC,3,5:00
UFC on FOX: Johnson vs Dodson,Pascal Krauss,Mike Stumpf,Welterweight,0,U-DEC,3,5:00
UFC on FOX: Johnson vs Dodson,Ryan Bader,Vladimir Matyushenko,Light Heavyweight,0,SUB Guillotine Choke,1,0:50
UFC on FOX: Johnson vs Dodson,Shawn Jordan,Mike Russow,Heavyweight,0,KO/TKO,2,3:48
UFC on FOX: Johnson vs Dodson,Rafael Natal,Sean Spencer,Middleweight,0,SUB Arm Triangle,3,2:13
UFC on FOX: Johnson vs Dodson,David Mitchell,Simeon Thoresen,Welterweight,0,U-DEC,3,5:00
UFC on FX: Belfort vs Bisping,Vitor Belfort,Michael Bisping,Middleweight,0,KO/TKO Kick,2,1:27
UFC on FX: Belfort vs Bisping,CB Dollaway,Daniel Sarafian,Middleweight,0,S-DEC,3,5:00
UFC on FX: Belfort vs Bisping,Gabriel Gonzaga,Ben Rothwell,Heavyweight,0,SUB Guillotine Choke,2,1:01
UFC on FX: Belfort vs Bisping,Khabib Nurmagomedov,Thiago Tavares,Lightweight,0,KO/TKO Elbows,1,1:55
UFC on FX: Belfort vs Bisping,Godofredo Pepey,Milton Vieira,Featherweight,0,S-DEC,3,5:00
UFC on FX: Belfort vs Bisping,Ronny Markes,Andrew Craig,Middleweight,0,U-DEC,3,5:00
UFC on FX: Belfort vs Bisping,Nik Lentz,Diego Nunes,Featherweight,0,U-DEC,3,5:00
UFC on FX: Belfort vs Bisping,Edson Barboza,Lucas Martins,Lightweight,0,KO/TKO Punches,1,2:38
UFC on FX: Belfort vs Bisping,Iuri Alcantara,Pedro Nobre,Bantamweight,0,CNC,1,2:11
UFC on FX: Belfort vs Bisping,Ildemar Alcantara,Wagner Prado,Light Heavyweight,0,SUB Kneebar,2,2:39
UFC on FX: Belfort vs Bisping,Francisco Trinaldo,CJ Keith,Lightweight,0,SUB Arm Triangle,2,1:50
UFC 155: Dos Santos vs Velasquez II,Cain Velasquez,Junior Dos Santos,Heavyweight,1,U-DEC,5,5:00
UFC 155: Dos Santos vs Velasquez II,Jim Miller,Joe Lauzon,Lightweight,0,U-DEC,3,5:00
UFC 155: Dos Santos vs Velasquez II,Constantinos Philippou,Tim Boetsch,Middleweight,0,KO/TKO Punches,3,2:11
UFC 155: Dos Santos vs Velasquez II,Yushin Okami,Alan Belcher,Middleweight,0,U-DEC,3,5:00
UFC 155: Dos Santos vs Velasquez II,Derek Brunson,Chris Leben,Middleweight,0,U-DEC,3,5:00
UFC 155: Dos Santos vs Velasquez II,Eddie Wineland,Brad Pickett,Bantamweight,0,S-DEC,3,5:00
UFC 155: Dos Santos vs Velasquez II,Erik Perez,Byron Bloodworth,Bantamweight,0,KO/TKO Punches,1,3:50
UFC 155: Dos Santos vs Velasquez II,Jamie Varner,Melvin Guillard,Lightweight,0,S-DEC,3,5:00
UFC 155: Dos Santos vs Velasquez II,Myles Jury,Michael Johnson,Lightweight,0,U-DEC,3,5:00
UFC 155: Dos Santos vs Velasquez II,Todd Duffee,Philip De Fries,Heavyweight,0,KO/TKO Punches,1,2:04
UFC 155: Dos Santos vs Velasquez II,Max Holloway,Leonard Garcia,Featherweight,0,S-DEC,3,5:00
UFC 155: Dos Santos vs Velasquez II,John Moraga,Chris Cariaso,Flyweight,0,SUB Guillotine Choke,3,1:11
The Ultimate Fighter: Team Carwin vs. Team Nelson Finale,Roy Nelson,Matt Mitrione,Heavyweight,0,KO/TKO Punch,1,2:58
The Ultimate Fighter: Team Carwin vs. Team Nelson Finale,Colton Smith,Mike Ricci,Welterweight,1,U-DEC,3,5:00
The Ultimate Fighter: Team Carwin vs. Team Nelson Finale,Pat Barry,Shane del Rosario,Heavyweight,0,KO/TKO Punch,2,0:26
The Ultimate Fighter: Team Carwin vs. Team Nelson Finale,Dustin Poirier,Jonathan Brookins,Featherweight,0,SUB D'Arce Choke,1,4:15
The Ultimate Fighter: Team Carwin vs. Team Nelson Finale,Mike Pyle,James Head,Welterweight,0,KO/TKO Knee,1,1:55
The Ultimate Fighter: Team Carwin vs. Team Nelson Finale,Johnny Bedford,Marcos Vinicius,Bantamweight,0,KO/TKO Punch,2,1:00
The Ultimate Fighter: Team Carwin vs. Team Nelson Finale,Rustam Khabilov,Vinc Pichel,Lightweight,0,KO/TKO Slam,1,2:15
The Ultimate Fighter: Team Carwin vs. Team Nelson Finale,TJ Waldburger,Nick Catone,Welterweight,0,SUB Triangle Choke,2,1:04
The Ultimate Fighter: Team Carwin vs. Team Nelson Finale,Hugo Viana,Reuben Duran,Bantamweight,0,KO/TKO Punch,1,4:05
The Ultimate Fighter: Team Carwin vs. Team Nelson Finale,Mike Rio,John Cofer,Lightweight,0,SUB Armbar,3,4:11
The Ultimate Fighter: Team Carwin vs. Team Nelson Finale,Tim Elliott,Jared Papazian,Flyweight,0,U-DEC,3,5:00
UFC on FX: Sotiropoulos vs Pearson,Ross Pearson,George Sotiropoulos,Lightweight,0,KO/TKO Punch,3,0:41
UFC on FX: Sotiropoulos vs Pearson,Robert Whittaker,Brad Scott,Welterweight,1,U-DEC,3,5:00
UFC on FX: Sotiropoulos vs Pearson,Norman Parke,Colin Fletcher,Lightweight,1,U-DEC,3,5:00
UFC on FX: Sotiropoulos vs Pearson,Hector Lombard,Rousimar Palhares,Middleweight,0,KO/TKO Punches,1,3:38
UFC on FX: Sotiropoulos vs Pearson,Chad Mendes,Yaotzin Meza,Featherweight,0,KO/TKO Punch,1,1:55
UFC on FX: Sotiropoulos vs Pearson,Igor Pokrajac,Joey Beltran,Light Heavyweight,0,Overturned,3,5:00
UFC on FX: Sotiropoulos vs Pearson,Mike Pierce,Seth Baczynski,Welterweight,0,U-DEC,3,5:00
UFC on FX: Sotiropoulos vs Pearson,Ben Alloway,Manuel Rodriguez,Welterweight,0,KO/TKO Kick,1,4:57
UFC on FX: Sotiropoulos vs Pearson,Mike Wilkinson,Brendan Loughnane,Lightweight,0,U-DEC,3,5:00
UFC on FX: Sotiropoulos vs Pearson,Cody Donovan,Nick Penner,Light Heavyweight,0,KO/TKO Punch,1,4:35
UFC on FOX: Henderson vs Diaz,Benson Henderson,Nate Diaz,Lightweight,1,U-DEC,5,5:00
UFC on FOX: Henderson vs Diaz,Alexander Gustafsson,Mauricio Rua,Light Heavyweight,0,U-DEC,3,5:00
UFC on FOX: Henderson vs Diaz,Rory MacDonald,BJ Penn,Welterweight,0,U-DEC,3,5:00
UFC on FOX: Henderson vs Diaz,Matt Brown,Mike Swick,Welterweight,0,KO/TKO Punches,2,2:31
UFC on FOX: Henderson vs Diaz,Yves Edwards,Jeremy Stephens,Lightweight,0,KO/TKO Punch,1,1:55
UFC on FOX: Henderson vs Diaz,Raphael Assuncao,Mike Easton,Bantamweight,0,U-DEC,3,5:00
UFC on FOX: Henderson vs Diaz,Ramsey Nijem,Joe Proctor,Lightweight,0,U-DEC,3,5:00
UFC on FOX: Henderson vs Diaz,Daron Cruickshank,Henry Martinez,Lightweight,0,KO/TKO Kick,2,2:57
UFC on FOX: Henderson vs Diaz,Abel Trujillo,Marcus LeVesseur,Lightweight,0,KO/TKO Knees,2,3:56
UFC on FOX: Henderson vs Diaz,Dennis Siver,Nam Phan,Featherweight,0,U-DEC,3,5:00
UFC on FOX: Henderson vs Diaz,Scott Jorgensen,John Albert,Bantamweight,0,SUB Rear Naked Choke,1,4:59
UFC 154: St-Pierre vs Condit,Georges St-Pierre,Carlos Condit,Welterweight,1,U-DEC,5,5:00
UFC 154: St-Pierre vs Condit,Johny Hendricks,Martin Kampmann,Welterweight,0,KO/TKO Punch,1,0:46
UFC 154: St-Pierre vs Condit,Francis Carmont,Tom Lawlor,Middleweight,0,S-DEC,3,5:00
UFC 154: St-Pierre vs Condit,Rafael Dos Anjos,Mark Bocek,Lightweight,0,U-DEC,3,5:00
UFC 154: St-Pierre vs Condit,Pablo Garza,Mark Hominick,Featherweight,0,U-DEC,3,5:00
UFC 154: St-Pierre vs Condit,Patrick Cote,Alessio Sakara,Middleweight,0,DQ,1,1:26
UFC 154: St-Pierre vs Condit,Cyrille Diabate,Chad Griggs,Light Heavyweight,0,SUB Rear Naked Choke,1,2:24
UFC 154: St-Pierre vs Condit,John Makdessi,Sam Stout,Lightweight,0,U-DEC,3,5:00
UFC 154: St-Pierre vs Condit,Antonio Carvalho,Rodrigo Damm,Featherweight,0,S-DEC,3,5:00
UFC 154: St-Pierre vs Condit,Matthew Riddle,John Maguire,Welterweight,0,U-DEC,3,5:00
UFC 154: St-Pierre vs Condit,Ivan Menjivar,Azamat Gashimov,Bantamweight,0,SUB Armbar,1,2:44
UFC 154: St-Pierre vs Condit,Darren Elkins,Steven Siler,Featherweight,0,U-DEC,3,5:00
UFC Macao: Franklin vs Le,Cung Le,Rich Franklin,Middleweight,0,KO/TKO Punch,1,2:17
UFC Macao: Franklin vs Le,Thiago Silva,Stanislav Nedkov,Light Heavyweight,0,Overturned,3,1:45
UFC Macao: Franklin vs Le,Dong Hyun Kim,Paulo Thiago,Welterweight,0,U-DEC,3,5:00
UFC Macao: Franklin vs Le,Takanori Gomi,Mac Danzig,Lightweight,0,S-DEC,3,5:00
UFC Macao: Franklin vs Le,Jon Tuck,Zhang Tiequan,Lightweight,0,U-DEC,3,5:00
UFC Macao: Franklin vs Le,Takeya Mizugaki,Jeff Hougland,Bantamweight,0,U-DEC,3,5:00
UFC Macao: Franklin vs Le,Alex Caceres,Motonobu Tezuka,Bantamweight,0,S-DEC,3,5:00
UFC Macao: Franklin vs Le,John Lineker,Yasuhiro Urushitani,Flyweight,0,U-DEC,3,5:00
UFC Macao: Franklin vs Le,Riki Fukuda,Tom DeBlass,Middleweight,0,U-DEC,3,5:00
UFC 153: Silva vs Bonnar,Anderson Silva,Stephan Bonnar,Light Heavyweight,0,KO/TKO Knee,1,4:40
UFC 153: Silva vs Bonnar,Antonio Rodrigo Nogueira,Dave Herman,Heavyweight,0,SUB Armbar,2,4:31
UFC 153: Silva vs Bonnar,Glover Teixeira,Fabio Maldonado,Light Heavyweight,0,KO/TKO,2,5:00
UFC 153: Silva vs Bonnar,Jon Fitch,Erick Silva,Welterweight,0,U-DEC,3,5:00
UFC 153: Silva vs Bonnar,Phil Davis,Wagner Prado,Light Heavyweight,0,SUB Anaconda Choke,2,4:29
UFC 153: Silva vs Bonnar,Demian Maia,Rick Story,Welterweight,0,SUB Rear Naked Choke,1,2:30
UFC 153: Silva vs Bonnar,Rony Jason,Sam Sicilia,Featherweight,0,KO/TKO Punch,2,4:16
UFC 153: Silva vs Bonnar,Gleison Tibau,Francisco Trinaldo,Lightweight,0,U-DEC,3,5:00
UFC 153: Silva vs Bonnar,Diego Brandao,Joey Gambino,Featherweight,0,U-DEC,3,5:00
UFC 153: Silva vs Bonnar,Sergio Moraes,Renee Forte,Welterweight,0,SUB Rear Naked Choke,3,3:10
UFC 153: Silva vs Bonnar,Chris Camozzi,Luiz Cane,Middleweight,0,U-DEC,3,5:00
UFC 153: Silva vs Bonnar,Cristiano Marcello,Reza Madadi,Lightweight,0,S-DEC,3,5:00
UFC on FX: Browne vs Bigfoot,Antonio Silva,Travis Browne,Heavyweight,0,KO/TKO Punch,1,3:27
UFC on FX: Browne vs Bigfoot,Jake Ellenberger,Jay Hieron,Welterweight,0,U-DEC,3,5:00
UFC on FX: Browne vs Bigfoot,John Dodson,Jussier Formiga,Flyweight,0,KO/TKO Punch,2,4:35
UFC on FX: Browne vs Bigfoot,Justin Edwards,Josh Neer,Welterweight,0,SUB Guillotine Choke,1,0:45
UFC on FX: Browne vs Bigfoot,Michael Johnson,Danny Castillo,Lightweight,0,KO/TKO Punch,2,1:06
UFC on FX: Browne vs Bigfoot,Mike Pierce,Aaron Simpson,Welterweight,0,KO/TKO Punch,2,0:29
UFC on FX: Browne vs Bigfoot,Marcus LeVesseur,Carlo Prater,Lightweight,0,S-DEC,3,5:00
UFC on FX: Browne vs Bigfoot,Jacob Volkmann,Shane Roller,Lightweight,0,SUB Rear Naked Choke,1,2:38
UFC on FX: Browne vs Bigfoot,Diego Nunes,Bart Palaszewski,Featherweight,0,U-DEC,3,5:00
UFC on FX: Browne vs Bigfoot,Darren Uyenoyama,Phil Harris,Flyweight,0,SUB Rear Naked Choke,2,3:38
UFC on FUEL TV: Struve vs Miocic,Stefan Struve,Stipe Miocic,Heavyweight,0,KO/TKO Punches,2,3:50
UFC on FUEL TV: Struve vs Miocic,Dan Hardy,Amir Sadollah,Welterweight,0,U-DEC,3,5:00
UFC on FUEL TV: Struve vs Miocic,Brad Pickett,Yves Jabouin,Bantamweight,0,KO/TKO Punch,1,3:40
UFC on FUEL TV: Struve vs Miocic,Matt Wiman,Paul Sass,Lightweight,0,SUB Armbar,1,3:48
UFC on FUEL TV: Struve vs Miocic,John Hathaway,John Maguire,Welterweight,0,U-DEC,3,5:00
UFC on FUEL TV: Struve vs Miocic,Che Mills,Duane Ludwig,Welterweight,0,KO/TKO,1,2:28
UFC on FUEL TV: Struve vs Miocic,Jimi Manuwa,Kyle Kingsbury,Light Heavyweight,0,KO/TKO,2,5:00
UFC on FUEL TV: Struve vs Miocic,Akira Corassani,Andy Ogle,Featherweight,0,S-DEC,3,5:00
UFC on FUEL TV: Struve vs Miocic,Brad Tavares,Tom Watson,Middleweight,0,S-DEC,3,5:00
UFC on FUEL TV: Struve vs Miocic,Gunnar Nelson,DaMarques Johnson,Catch Weight,0,SUB Rear Naked Choke,1,3:34
UFC on FUEL TV: Struve vs Miocic,Robert Peralta,Jason Young,Featherweight,0,KO/TKO Punch,1,0:23
UFC 152: Jones vs Belfort,Jon Jones,Vitor Belfort,Light Heavyweight,1,SUB Keylock,4,0:54
UFC 152: Jones vs Belfort,Demetrious Johnson,Joseph Benavidez,Flyweight,1,S-DEC,5,5:00
UFC 152: Jones vs Belfort,Michael Bisping,Brian Stann,Middleweight,0,U-DEC,3,5:00
UFC 152: Jones vs Belfort,Matt Hamill,Roger Hollett,Light Heavyweight,0,U-DEC,3,5:00
UFC 152: Jones vs Belfort,Cub Swanson,Charles Oliveira,Featherweight,0,KO/TKO Punch,1,2:40
UFC 152: Jones vs Belfort,Vinny Magalhaes,Igor Pokrajac,Light Heavyweight,0,SUB Armbar,2,1:14
UFC 152: Jones vs Belfort,TJ Grant,Evan Dunham,Lightweight,0,U-DEC,3,5:00
UFC 152: Jones vs Belfort,Sean Pierson,Lance Benoist,Welterweight,0,U-DEC,3,5:00
UFC 152: Jones vs Belfort,Marcus Brimage,Jimy Hettes,Featherweight,0,U-DEC,3,5:00
UFC 152: Jones vs Belfort,Seth Baczynski,Simeon Thoresen,Welterweight,0,KO/TKO Punch,1,4:10
UFC 152: Jones vs Belfort,Mitch Gagnon,Walel Watson,Bantamweight,0,SUB Rear Naked Choke,1,1:09
UFC 152: Jones vs Belfort,Kyle Noke,Charlie Brenneman,Welterweight,0,KO/TKO Punch,1,0:45
UFC 150: Henderson vs Edgar II,Benson Henderson,Frankie Edgar,Lightweight,1,S-DEC,5,5:00
UFC 150: Henderson vs Edgar II,Donald Cerrone,Melvin Guillard,Lightweight,0,KO/TKO Kick,1,1:16
UFC 150: Henderson vs Edgar II,Jake Shields,Ed Herman,Middleweight,0,Overturned,3,5:00
UFC 150: Henderson vs Edgar II,Yushin Okami,Buddy Roberts,Middleweight,0,KO/TKO Punches,2,3:05
UFC 150: Henderson vs Edgar II,Max Holloway,Justin Lawrence,Featherweight,0,KO/TKO Punch,2,4:49
UFC 150: Henderson vs Edgar II,Dennis Bermudez,Tommy Hayden,Featherweight,0,SUB Guillotine Choke,1,4:43
UFC 150: Henderson vs Edgar II,Michael Kuiper,Jared Hamman,Middleweight,0,KO/TKO Punch,2,2:16
UFC 150: Henderson vs Edgar II,Erik Perez,Ken Stone,Bantamweight,0,KO/TKO Punch,1,0:17
UFC 150: Henderson vs Edgar II,Chico Camus,Dustin Pague,Bantamweight,0,U-DEC,3,5:00
UFC 150: Henderson vs Edgar II,Nik Lentz,Eiji Mitsuoka,Featherweight,0,KO/TKO Punches,1,3:45
UFC on FOX: Shogun vs Vera,Mauricio Rua,Brandon Vera,Light Heavyweight,0,KO/TKO Punches,4,4:09
UFC on FOX: Shogun vs Vera,Lyoto Machida,Ryan Bader,Light Heavyweight,0,KO/TKO Punch,2,1:32
UFC on FOX: Shogun vs Vera,Joe Lauzon,Jamie Varner,Lightweight,0,SUB Triangle Choke,3,2:44
UFC on FOX: Shogun vs Vera,Mike Swick,DaMarques Johnson,Welterweight,0,KO/TKO Punch,2,1:20
UFC on FOX: Shogun vs Vera,Nam Phan,Cole Miller,Featherweight,0,S-DEC,3,5:00
UFC on FOX: Shogun vs Vera,Phil Davis,Wagner Prado,Light Heavyweight,0,CNC,1,1:28
UFC on FOX: Shogun vs Vera,Rani Yahya,Josh Grispi,Featherweight,0,SUB North-South Choke,1,3:15
UFC on FOX: Shogun vs Vera,Philip De Fries,Oli Thompson,Heavyweight,0,SUB Rear Naked Choke,2,4:16
UFC on FOX: Shogun vs Vera,Manvel Gamburyan,Michihiro Omigawa,Featherweight,0,U-DEC,3,5:00
UFC on FOX: Shogun vs Vera,John Moraga,Ulysses Gomez,Flyweight,0,KO/TKO Elbow,1,3:46
UFC 149: Faber vs Barao,Renan Barao,Urijah Faber,Bantamweight,1,U-DEC,5,5:00
UFC 149: Faber vs Barao,Tim Boetsch,Hector Lombard,Middleweight,0,S-DEC,3,5:00
UFC 149: Faber vs Barao,Cheick Kongo,Shawn Jordan,Heavyweight,0,U-DEC,3,5:00
UFC 149: Faber vs Barao,James Head,Brian Ebersole,Welterweight,0,S-DEC,3,5:00
UFC 149: Faber vs Barao,Chris Clements,Matthew Riddle,Welterweight,0,Overturned,3,2:02
UFC 149: Faber vs Barao,Nick Ring,Court McGee,Middleweight,0,U-DEC,3,5:00
UFC 149: Faber vs Barao,Roland Delorme,Francisco Rivera,Bantamweight,0,Overturned Punch,1,4:19
UFC 149: Faber vs Barao,Ryan Jimmo,Anthony Perosh,Light Heavyweight,0,KO/TKO Punch,1,0:07
UFC 149: Faber vs Barao,Bryan Caraway,Mitch Gagnon,Bantamweight,0,SUB Rear Naked Choke,3,1:39
UFC 149: Faber vs Barao,Antonio Carvalho,Daniel Pineda,Featherweight,0,KO/TKO Punch,1,1:11
UFC 149: Faber vs Barao,Anton Kuivanen,Mitch Clarke,Lightweight,0,S-DEC,3,5:00
UFC on FUEL TV: Munoz vs Weidman,Chris Weidman,Mark Munoz,Middleweight,0,KO/TKO Elbow,2,1:37
UFC on FUEL TV: Munoz vs Weidman,James Te Huna,Joey Beltran,Light Heavyweight,0,U-DEC,3,5:00
UFC on FUEL TV: Munoz vs Weidman,Aaron Simpson,Kenny Robertson,Welterweight,0,U-DEC,3,5:00
UFC on FUEL TV: Munoz vs Weidman,Francis Carmont,Karlos Vemola,Middleweight,0,SUB Rear Naked Choke,2,1:39
UFC on FUEL TV: Munoz vs Weidman,TJ Dillashaw,Vaughan Lee,Bantamweight,0,SUB Rear Naked Choke,1,2:33
UFC on FUEL TV: Munoz vs Weidman,Rafael Dos Anjos,Anthony Njokuani,Lightweight,0,U-DEC,3,5:00
UFC on FUEL TV: Munoz vs Weidman,Alex Caceres,Damacio Page,Bantamweight,0,SUB Triangle Choke,2,1:27
UFC on FUEL TV: Munoz vs Weidman,Chris Cariaso,Josh Ferguson,Flyweight,0,U-DEC,3,5:00
UFC on FUEL TV: Munoz vs Weidman,Andrew Craig,Rafael Natal,Middleweight,0,KO/TKO Kick,2,4:52
UFC on FUEL TV: Munoz vs Weidman,Marcelo Guimaraes,Dan Stittgen,Welterweight,0,S-DEC,3,5:00
UFC on FUEL TV: Munoz vs Weidman,Raphael Assuncao,Issei Tamura,Bantamweight,0,KO/TKO Punch,2,0:25
UFC 148: Silva vs Sonnen 2,Anderson Silva,Chael Sonnen,Middleweight,1,KO/TKO Punch,2,1:55
UFC 148: Silva vs Sonnen 2,Forrest Griffin,Tito Ortiz,Light Heavyweight,0,U-DEC,3,5:00
UFC 148: Silva vs Sonnen 2,Cung Le,Patrick Cote,Middleweight,0,U-DEC,3,5:00
UFC 148: Silva vs Sonnen 2,Demian Maia,Dong Hyun Kim,Welterweight,0,KO/TKO,1,0:47
UFC 148: Silva vs Sonnen 2,Chad Mendes,Cody McKenzie,Featherweight,0,KO/TKO Punch,1,0:31
UFC 148: Silva vs Sonnen 2,Mike Easton,Ivan Menjivar,Bantamweight,0,U-DEC,3,5:00
UFC 148: Silva vs Sonnen 2,Melvin Guillard,Fabricio Camoes,Lightweight,0,U-DEC,3,5:00
UFC 148: Silva vs Sonnen 2,Khabib Nurmagomedov,Gleison Tibau,Lightweight,0,U-DEC,3,5:00
UFC 148: Silva vs Sonnen 2,Constantinos Philippou,Riki Fukuda,Middleweight,0,U-DEC,3,5:00
UFC 148: Silva vs Sonnen 2,Shane Roller,John Alessio,Lightweight,0,U-DEC,3,5:00
UFC 148: Silva vs Sonnen 2,Rafaello Oliveira,Yoislandy Izquierdo,Lightweight,0,U-DEC,3,5:00
UFC 147: Silva vs Franklin 2,Rich Franklin,Wanderlei Silva,Catch Weight,0,U-DEC,5,5:00
UFC 147: Silva vs Franklin 2,Cezar Ferreira,Sergio Moraes,Middleweight,1,U-DEC,3,5:00
UFC 147: Silva vs Franklin 2,Rony Jason,Godofredo Pepey,Featherweight,1,U-DEC,3,5:00
UFC 147: Silva vs Franklin 2,Fabricio Werdum,Mike Russow,Heavyweight,0,KO/TKO Punch,1,2:28
UFC 147: Silva vs Franklin 2,Hacran Dias,Iuri Alcantara,Featherweight,0,U-DEC,3,5:00
UFC 147: Silva vs Franklin 2,Rodrigo Damm,Anistavio Medeiros,Featherweight,0,SUB Rear Naked Choke,1,2:12
UFC 147: Silva vs Franklin 2,Francisco Trinaldo,Delson Heleno,Middleweight,0,KO/TKO Punches,1,4:21
UFC 147: Silva vs Franklin 2,Hugo Viana,John Teixeira,Featherweight,0,S-DEC,3,5:00
UFC 147: Silva vs Franklin 2,Thiago Perpetuo,Leonardo Mafra,Middleweight,0,KO/TKO Punch,3,0:41
UFC 147: Silva vs Franklin 2,Marcos Vinicius,Wagner Campos,Featherweight,0,KO/TKO Punches,3,1:04
UFC 147: Silva vs Franklin 2,Felipe Arantes,Milton Vieira,Featherweight,0,S-DEC,3,5:00
UFC on FX: Maynard vs Guida,Gray Maynard,Clay Guida,Lightweight,0,S-DEC,5,5:00
UFC on FX: Maynard vs Guida,Sam Stout,Spencer Fisher,Lightweight,0,U-DEC,3,5:00
UFC on FX: Maynard vs Guida,Brian Ebersole,TJ Waldburger,Welterweight,0,U-DEC,3,5:00
UFC on FX: Maynard vs Guida,Cub Swanson,Ross Pearson,Featherweight,0,KO/TKO Punch,2,4:14
UFC on FX: Maynard vs Guida,Ricardo Lamas,Hatsu Hioki,Featherweight,0,U-DEC,3,5:00
UFC on FX: Maynard vs Guida,Ramsey Nijem,CJ Keith,Lightweight,0,KO/TKO Punch,1,2:29
UFC on FX: Maynard vs Guida,Rick Story,Brock Jardine,Welterweight,0,U-DEC,3,5:00
UFC on FX: Maynard vs Guida,Steven Siler,Joey Gambino,Featherweight,0,SUB Guillotine Choke,1,2:47
UFC on FX: Maynard vs Guida,Chris Camozzi,Nick Catone,Middleweight,0,KO/TKO,3,1:51
UFC on FX: Maynard vs Guida,Matt Brown,Luis Ramos,Welterweight,0,KO/TKO Knees,2,4:20
UFC on FX: Maynard vs Guida,Dan Miller,Ricardo Funch,Welterweight,0,SUB Guillotine Choke,3,3:12
UFC on FX: Maynard vs Guida,Ken Stone,Dustin Pague,Bantamweight,0,S-DEC,3,5:00
UFC on FX: Johnson vs McCall,Demetrious Johnson,Ian McCall,Flyweight,0,U-DEC,3,5:00
UFC on FX: Johnson vs McCall,Erick Silva,Charlie Brenneman,Welterweight,0,SUB Rear Naked Choke,1,4:33
UFC on FX: Johnson vs McCall,Mike Pyle,Josh Neer,Welterweight,0,KO/TKO Punch,1,4:56
UFC on FX: Johnson vs McCall,Eddie Wineland,Scott Jorgensen,Bantamweight,0,KO/TKO Punch,2,4:10
UFC on FX: Johnson vs McCall,Mike Pierce,Carlos Eduardo Rocha,Welterweight,0,U-DEC,3,5:00
UFC on FX: Johnson vs McCall,Seth Baczynski,Lance Benoist,Welterweight,0,S-DEC,3,5:00
UFC on FX: Johnson vs McCall,Matt Grice,Leonard Garcia,Featherweight,0,U-DEC,3,5:00
UFC on FX: Johnson vs McCall,Dustin Pague,Jared Papazian,Bantamweight,0,SUB Rear Naked Choke,1,3:21
UFC on FX: Johnson vs McCall,Tim Means,Justin Salas,Lightweight,0,KO/TKO Punches,1,1:06
UFC on FX: Johnson vs McCall,Buddy Roberts,Caio Magalhaes,Middleweight,0,U-DEC,3,5:00
UFC on FX: Johnson vs McCall,Henry Martinez,Bernardo Magalhaes,Lightweight,0,S-DEC,3,5:00
UFC on FX: Johnson vs McCall,Sean Pierson,Jake Hecht,Welterweight,0,U-DEC,3,5:00
The Ultimate Fighter: Live Finale,Martin Kampmann,Jake Ellenberger,Welterweight,0,KO/TKO Knee,2,1:40
The Ultimate Fighter: Live Finale,Michael Chiesa,Al Iaquinta,Lightweight,1,SUB Rear Naked Choke,1,2:47
The Ultimate Fighter: Live Finale,Charles Oliveira,Jonathan Brookins,Featherweight,0,SUB Anaconda Choke,2,2:42
The Ultimate Fighter: Live Finale,Max Holloway,Pat Schilling,Featherweight,0,U-DEC,3,5:00
The Ultimate Fighter: Live Finale,Justin Lawrence,John Cofer,Lightweight,0,KO/TKO Kick,3,0:19
The Ultimate Fighter: Live Finale,Daron Cruickshank,Chris Tickle,Lightweight,0,U-DEC,3,5:00
The Ultimate Fighter: Live Finale,Myles Jury,Chris Saunders,Lightweight,0,SUB Guillotine Choke,1,4:03
The Ultimate Fighter: Live Finale,Sam Sicilia,Cristiano Marcello,Lightweight,0,KO/TKO Knee,2,2:53
The Ultimate Fighter: Live Finale,Joe Proctor,Jeremy Larsen,Lightweight,0,KO/TKO Knee,1,1:59
The Ultimate Fighter: Live Finale,Erik Perez,John Albert,Bantamweight,0,SUB Armbar,1,4:18
UFC 146: Dos Santos vs Mir,Junior Dos Santos,Frank Mir,Heavyweight,1,KO/TKO Punch,2,3:04
UFC 146: Dos Santos vs Mir,Cain Velasquez,Antonio Silva,Heavyweight,0,KO/TKO Punches,1,3:36
UFC 146: Dos Santos vs Mir,Roy Nelson,Dave Herman,Heavyweight,0,KO/TKO Punch,1,0:51
UFC 146: Dos Santos vs Mir,Stipe Miocic,Shane del Rosario,Heavyweight,0,KO/TKO Elbows,2,3:14
UFC 146: Dos Santos vs Mir,Stefan Struve,Lavar Johnson,Heavyweight,0,SUB Armbar,1,1:05
UFC 146: Dos Santos vs Mir,Darren Elkins,Diego Brandao,Featherweight,0,U-DEC,3,5:00
UFC 146: Dos Santos vs Mir,Jamie Varner,Edson Barboza,Lightweight,0,KO/TKO Punches,1,3:23
UFC 146: Dos Santos vs Mir,CB Dollaway,Jason Miller,Middleweight,0,U-DEC,3,5:00
UFC 146: Dos Santos vs Mir,Dan Hardy,Duane Ludwig,Welterweight,0,KO/TKO Punch,1,3:51
UFC 146: Dos Santos vs Mir,Paul Sass,Jacob Volkmann,Lightweight,0,SUB Triangle Armbar,1,1:54
UFC 146: Dos Santos vs Mir,Glover Teixeira,Kyle Kingsbury,Light Heavyweight,0,SUB Arm Triangle,1,1:53
UFC 146: Dos Santos vs Mir,Mike Brown,Daniel Pineda,Featherweight,0,U-DEC,3,5:00
UFC on FUEL TV: Korean Zombie vs Poirier,Chan Sung Jung,Dustin Poirier,Featherweight,0,SUB D'Arce Choke,4,1:07
UFC on FUEL TV: Korean Zombie vs Poirier,Amir Sadollah,Jorge Lopez,Welterweight,0,S-DEC,3,5:00
UFC on FUEL TV: Korean Zombie vs Poirier,Donald Cerrone,Jeremy Stephens,Lightweight,0,U-DEC,3,5:00
UFC on FUEL TV: Korean Zombie vs Poirier,Yves Jabouin,Jeff Hougland,Bantamweight,0,U-DEC,3,5:00
UFC on FUEL TV: Korean Zombie vs Poirier,Igor Pokrajac,Fabio Maldonado,Light Heavyweight,0,U-DEC,3,5:00
UFC on FUEL TV: Korean Zombie vs Poirier,Tom Lawlor,Jason MacDonald,Middleweight,0,KO/TKO Punch,1,0:50
UFC on FUEL TV: Korean Zombie vs Poirier,Brad Tavares,Dongi Yang,Middleweight,0,U-DEC,3,5:00
UFC on FUEL TV: Korean Zombie vs Poirier,Cody McKenzie,Marcus LeVesseur,Lightweight,0,SUB Guillotine Choke,1,3:05
UFC on FUEL TV: Korean Zombie vs Poirier,TJ Grant,Carlo Prater,Lightweight,0,U-DEC,3,5:00
UFC on FUEL TV: Korean Zombie vs Poirier,Rafael Dos Anjos,Kamal Shalorus,Lightweight,0,SUB Rear Naked Choke,1,1:40
UFC on FUEL TV: Korean Zombie vs Poirier,Johnny Eduardo,Jeff Curran,Bantamweight,0,U-DEC,3,5:00
UFC on FUEL TV: Korean Zombie vs Poirier,Francisco Rivera,Alex Soto,Bantamweight,0,U-DEC,3,5:00
UFC on FOX: Diaz vs Miller,Nate Diaz,Jim Miller,Lightweight,0,SUB Guillotine Choke,2,4:09
UFC on FOX: Diaz vs Miller,Johny Hendricks,Josh Koscheck,Welterweight,0,S-DEC,3,5:00
UFC on FOX: Diaz vs Miller,Alan Belcher,Rousimar Palhares,Middleweight,0,KO/TKO Punches,1,4:18
UFC on FOX: Diaz vs Miller,Lavar Johnson,Pat Barry,Heavyweight,0,KO/TKO Punches,1,4:38
UFC on FOX: Diaz vs Miller,Michael Johnson,Tony Ferguson,Lightweight,0,U-DEC,3,5:00
UFC on FOX: Diaz vs Miller,John Dodson,Tim Elliott,Flyweight,0,U-DEC,3,5:00
UFC on FOX: Diaz vs Miller,John Hathaway,Pascal Krauss,Welterweight,0,U-DEC,3,5:00
UFC on FOX: Diaz vs Miller,Louis Gaudinot,John Lineker,Flyweight,0,SUB Guillotine Choke,2,4:54
UFC on FOX: Diaz vs Miller,Danny Castillo,John Cholish,Lightweight,0,U-DEC,3,5:00
UFC on FOX: Diaz vs Miller,Dennis Bermudez,Pablo Garza,Featherweight,0,U-DEC,3,5:00
UFC on FOX: Diaz vs Miller,Roland Delorme,Nick Denis,Bantamweight,0,SUB Rear Naked Choke,1,4:59
UFC on FOX: Diaz vs Miller,Karlos Vemola,Mike Massenzio,Middleweight,0,SUB Rear Naked Choke,2,1:07
UFC 145: Jones vs Evans,Jon Jones,Rashad Evans,Light Heavyweight,1,U-DEC,5,5:00
UFC 145: Jones vs Evans,Rory MacDonald,Che Mills,Welterweight,0,KO/TKO Punches,2,2:20
UFC 145: Jones vs Evans,Ben Rothwell,Brendan Schaub,Heavyweight,0,KO/TKO Punch,1,1:10
UFC 145: Jones vs Evans,Michael McDonald,Miguel Torres,Bantamweight,0,KO/TKO Punch,1,3:18
UFC 145: Jones vs Evans,Eddie Yagin,Mark Hominick,Featherweight,0,S-DEC,3,5:00
UFC 145: Jones vs Evans,Mark Bocek,John Alessio,Lightweight,0,U-DEC,3,5:00
UFC 145: Jones vs Evans,Travis Browne,Chad Griggs,Heavyweight,0,SUB Arm Triangle,1,2:29
UFC 145: Jones vs Evans,Matt Brown,Stephen Thompson,Welterweight,0,U-DEC,3,5:00
UFC 145: Jones vs Evans,Anthony Njokuani,John Makdessi,Lightweight,0,U-DEC,3,5:00
UFC 145: Jones vs Evans,Mac Danzig,Efrain Escudero,Lightweight,0,U-DEC,3,5:00
UFC 145: Jones vs Evans,Chris Clements,Keith Wisniewski,Welterweight,0,S-DEC,3,5:00
UFC 145: Jones vs Evans,Marcus Brimage,Maximo Blanco,Featherweight,0,S-DEC,3,5:00
UFC on FUEL TV: Gustafsson vs Silva,Alexander Gustafsson,Thiago Silva,Light Heavyweight,0,U-DEC,3,5:00
UFC on FUEL TV: Gustafsson vs Silva,Brian Stann,Alessio Sakara,Middleweight,0,KO/TKO Punch,1,2:26
UFC on FUEL TV: Gustafsson vs Silva,Siyar Bahadurzada,Paulo Thiago,Welterweight,0,KO/TKO Punch,1,0:42
UFC on FUEL TV: Gustafsson vs Silva,Dennis Siver,Diego Nunes,Featherweight,0,U-DEC,3,5:00
UFC on FUEL TV: Gustafsson vs Silva,John Maguire,DaMarques Johnson,Welterweight,0,SUB Armbar,2,4:40
UFC on FUEL TV: Gustafsson vs Silva,Brad Pickett,Damacio Page,Bantamweight,0,SUB Rear Naked Choke,2,4:05
UFC on FUEL TV: Gustafsson vs Silva,James Head,Papy Abedi,Welterweight,0,SUB Rear Naked Choke,1,4:33
UFC on FUEL TV: Gustafsson vs Silva,Cyrille Diabate,Tom DeBlass,Light Heavyweight,0,M-DEC,3,5:00
UFC on FUEL TV: Gustafsson vs Silva,Francis Carmont,Magnus Cedenblad,Middleweight,0,SUB Rear Naked Choke,2,1:42
UFC on FUEL TV: Gustafsson vs Silva,Reza Madadi,Yoislandy Izquierdo,Lightweight,0,SUB Guillotine Choke,2,1:28
UFC on FUEL TV: Gustafsson vs Silva,Simeon Thoresen,Besam Yousef,Welterweight,0,SUB Rear Naked Choke,2,2:36
UFC on FUEL TV: Gustafsson vs Silva,Jason Young,Eric Wisely,Featherweight,0,U-DEC,3,5:00
UFC on FX: Alves vs Kampmann,Martin Kampmann,Thiago Alves,Welterweight,0,SUB Guillotine Choke,3,4:12
UFC on FX: Alves vs Kampmann,Joseph Benavidez,Yasuhiro Urushitani,Flyweight,0,KO/TKO Punch,2,0:11
UFC on FX: Alves vs Kampmann,Demetrious Johnson,Ian McCall,Flyweight,0,M-DEC,3,5:00
UFC on FX: Alves vs Kampmann,Constantinos Philippou,Court McGee,Middleweight,0,U-DEC,3,5:00
UFC on FX: Alves vs Kampmann,James Te Huna,Aaron Rosa,Light Heavyweight,0,KO/TKO Punches,1,2:08
UFC on FX: Alves vs Kampmann,Anthony Perosh,Nick Penner,Light Heavyweight,0,KO/TKO Punches,1,4:59
UFC on FX: Alves vs Kampmann,Steven Siler,Cole Miller,Featherweight,0,U-DEC,3,5:00
UFC on FX: Alves vs Kampmann,Andrew Craig,Kyle Noke,Middleweight,0,U-DEC,3,5:00
UFC on FX: Alves vs Kampmann,TJ Waldburger,Jake Hecht,Welterweight,0,SUB Armbar,1,0:55
UFC on FX: Alves vs Kampmann,Daniel Pineda,Mackens Semerzier,Featherweight,0,SUB Armbar,1,2:05
UFC on FX: Alves vs Kampmann,Shawn Jordan,Oli Thompson,Heavyweight,0,KO/TKO Punches,2,3:53
UFC 144: Edgar vs Henderson,Benson Henderson,Frankie Edgar,Lightweight,1,U-DEC,5,5:00
UFC 144: Edgar vs Henderson,Ryan Bader,Quinton Jackson,Light Heavyweight,0,U-DEC,3,5:00
UFC 144: Edgar vs Henderson,Mark Hunt,Cheick Kongo,Heavyweight,0,KO/TKO Punches,1,2:11
UFC 144: Edgar vs Henderson,Jake Shields,Yoshihiro Akiyama,Welterweight,0,U-DEC,3,5:00
UFC 144: Edgar vs Henderson,Tim Boetsch,Yushin Okami,Middleweight,0,KO/TKO Punches,3,0:54
UFC 144: Edgar vs Henderson,Hatsu Hioki,Bart Palaszewski,Featherweight,0,U-DEC,3,5:00
UFC 144: Edgar vs Henderson,Anthony Pettis,Joe Lauzon,Lightweight,0,KO/TKO Kick,1,1:21
UFC 144: Edgar vs Henderson,Takanori Gomi,Eiji Mitsuoka,Lightweight,0,KO/TKO Punches,2,2:21
UFC 144: Edgar vs Henderson,Vaughan Lee,Norifumi Yamamoto,Bantamweight,0,SUB Armbar,1,4:29
UFC 144: Edgar vs Henderson,Riki Fukuda,Steve Cantwell,Middleweight,0,U-DEC,3,5:00
UFC 144: Edgar vs Henderson,Chris Cariaso,Takeya Mizugaki,Bantamweight,0,U-DEC,3,5:00
UFC 144: Edgar vs Henderson,Issei Tamura,Zhang Tiequan,Featherweight,0,KO/TKO Punch,2,0:32
UFC on FUEL TV: Sanchez vs Ellenberger,Jake Ellenberger,Diego Sanchez,Welterweight,0,U-DEC,3,5:00
UFC on FUEL TV: Sanchez vs Ellenberger,Stefan Struve,Dave Herman,Heavyweight,0,KO/TKO Punches,2,3:52
UFC on FUEL TV: Sanchez vs Ellenberger,Ronny Markes,Aaron Simpson,Middleweight,0,S-DEC,3,5:00
UFC on FUEL TV: Sanchez vs Ellenberger,Stipe Miocic,Philip De Fries,Heavyweight,0,KO/TKO Punch,1,0:43
UFC on FUEL TV: Sanchez vs Ellenberger,TJ Dillashaw,Walel Watson,Bantamweight,0,U-DEC,3,5:00
UFC on FUEL TV: Sanchez vs Ellenberger,Ivan Menjivar,John Albert,Bantamweight,0,SUB Rear Naked Choke,1,3:45
UFC on FUEL TV: Sanchez vs Ellenberger,Jonathan Brookins,Vagner Rocha,Featherweight,0,KO/TKO Punches,1,1:32
UFC on FUEL TV: Sanchez vs Ellenberger,Justin Salas,Anton Kuivanen,Lightweight,0,U-DEC,3,5:00
UFC on FUEL TV: Sanchez vs Ellenberger,Tim Means,Bernardo Magalhaes,Lightweight,0,U-DEC,3,5:00
UFC 143: Diaz vs Condit,Carlos Condit,Nick Diaz,Welterweight,1,U-DEC,5,5:00
UFC 143: Diaz vs Condit,Fabricio Werdum,Roy Nelson,Heavyweight,0,U-DEC,3,5:00
UFC 143: Diaz vs Condit,Josh Koscheck,Mike Pierce,Welterweight,0,S-DEC,3,5:00
UFC 143: Diaz vs Condit,Renan Barao,Scott Jorgensen,Bantamweight,0,U-DEC,3,5:00
UFC 143: Diaz vs Condit,Ed Herman,Clifford Starks,Middleweight,0,SUB Rear Naked Choke,2,1:43
UFC 143: Diaz vs Condit,Dustin Poirier,Max Holloway,Featherweight,0,SUB Triangle Armbar,1,3:23
UFC 143: Diaz vs Condit,Edwin Figueroa,Alex Caceres,Bantamweight,0,S-DEC,3,5:00
UFC 143: Diaz vs Condit,Matt Brown,Chris Cope,Welterweight,0,KO/TKO Punches,2,1:19
UFC 143: Diaz vs Condit,Matthew Riddle,Henry Martinez,Welterweight,0,S-DEC,3,5:00
UFC 143: Diaz vs Condit,Rafael Natal,Michael Kuiper,Middleweight,0,U-DEC,3,5:00
UFC 143: Diaz vs Condit,Stephen Thompson,Dan Stittgen,Welterweight,0,KO/TKO Kick,1,4:13
UFC on FOX: Evans vs Davis,Rashad Evans,Phil Davis,Light Heavyweight,0,U-DEC,5,5:00
UFC on FOX: Evans vs Davis,Chael Sonnen,Michael Bisping,Middleweight,0,U-DEC,3,5:00
UFC on FOX: Evans vs Davis,Chris Weidman,Demian Maia,Middleweight,0,U-DEC,3,5:00
UFC on FOX: Evans vs Davis,Evan Dunham,Nik Lentz,Lightweight,0,KO/TKO,2,5:00
UFC on FOX: Evans vs Davis,Mike Russow,Jon Olav Einemo,Heavyweight,0,U-DEC,3,5:00
UFC on FOX: Evans vs Davis,Cub Swanson,George Roop,Featherweight,0,KO/TKO Punch,2,2:22
UFC on FOX: Evans vs Davis,Charles Oliveira,Eric Wisely,Featherweight,0,SUB Calf Slicer,1,1:43
UFC on FOX: Evans vs Davis,Michael Johnson,Shane Roller,Lightweight,0,U-DEC,3,5:00
UFC on FOX: Evans vs Davis,Lavar Johnson,Joey Beltran,Heavyweight,0,KO/TKO Punches,1,4:24
UFC on FOX: Evans vs Davis,Chris Camozzi,Dustin Jacoby,Middleweight,0,SUB Guillotine Choke,3,1:08
UFC on FX: Guillard vs Miller,Jim Miller,Melvin Guillard,Lightweight,0,SUB Rear Naked Choke,1,3:04
UFC on FX: Guillard vs Miller,Josh Neer,Duane Ludwig,Welterweight,0,SUB Guillotine Choke,1,3:04
UFC on FX: Guillard vs Miller,Mike Easton,Jared Papazian,Bantamweight,0,M-DEC,3,5:00
UFC on FX: Guillard vs Miller,Pat Barry,Christian Morecraft,Heavyweight,0,KO/TKO Punch,1,3:38
UFC on FX: Guillard vs Miller,Jorge Rivera,Eric Schafer,Middleweight,0,KO/TKO Punches,2,1:31
UFC on FX: Guillard vs Miller,Khabib Nurmagomedov,Kamal Shalorus,Lightweight,0,SUB Rear Naked Choke,3,2:08
UFC on FX: Guillard vs Miller,Charlie Brenneman,Daniel Roberts,Welterweight,0,U-DEC,3,5:00
UFC on FX: Guillard vs Miller,Fabricio Camoes,Tommy Hayden,Lightweight,0,SUB Rear Naked Choke,1,4:03
UFC on FX: Guillard vs Miller,Daniel Pineda,Pat Schilling,Featherweight,0,SUB Rear Naked Choke,1,1:37
UFC on FX: Guillard vs Miller,Nick Denis,Joseph Sandoval,Bantamweight,0,KO/TKO Elbows,1,0:22
UFC 142: Aldo vs Mendes,Jose Aldo,Chad Mendes,Featherweight,1,KO/TKO Knee,1,4:59
UFC 142: Aldo vs Mendes,Vitor Belfort,Anthony Johnson,Middleweight,0,SUB Rear Naked Choke,1,4:49
UFC 142: Aldo vs Mendes,Rousimar Palhares,Mike Massenzio,Middleweight,0,SUB Heel Hook,1,1:03
UFC 142: Aldo vs Mendes,Carlo Prater,Erick Silva,Welterweight,0,DQ,1,0:29
UFC 142: Aldo vs Mendes,Edson Barboza,Terry Etim,Lightweight,0,KO/TKO Kick,3,2:02
UFC 142: Aldo vs Mendes,Thiago Tavares,Sam Stout,Lightweight,0,U-DEC,3,5:00
UFC 142: Aldo vs Mendes,Gabriel Gonzaga,Ednaldo Oliveira,Heavyweight,0,SUB Rear Naked Choke,1,3:22
UFC 142: Aldo vs Mendes,Iuri Alcantara,Michihiro Omigawa,Featherweight,0,U-DEC,3,5:00
UFC 142: Aldo vs Mendes,Mike Pyle,Ricardo Funch,Welterweight,0,KO/TKO Knees,1,1:22
UFC 142: Aldo vs Mendes,Felipe Arantes,Antonio Carvalho,Featherweight,0,U-DEC,3,5:00
UFC 141: Lesnar vs Overeem,Alistair Overeem,Brock Lesnar,Heavyweight,0,KO/TKO Kick,1,2:26
UFC 141: Lesnar vs Overeem,Nate Diaz,Donald Cerrone,Lightweight,0,U-DEC,3,5:00
UFC 141: Lesnar vs Overeem,Johny Hendricks,Jon Fitch,Welterweight,0,KO/TKO Punch,1,0:12
UFC 141: Lesnar vs Overeem,Alexander Gustafsson,Vladimir Matyushenko,Light Heavyweight,0,KO/TKO Punch,1,2:13
UFC 141: Lesnar vs Overeem,Jimy Hettes,Nam Phan,Featherweight,0,U-DEC,3,5:00
UFC 141: Lesnar vs Overeem,Ross Pearson,Junior Assuncao,Featherweight,0,U-DEC,3,5:00
UFC 141: Lesnar vs Overeem,Danny Castillo,Anthony Njokuani,Lightweight,0,S-DEC,3,5:00
UFC 141: Lesnar vs Overeem,Dong Hyun Kim,Sean Pierson,Welterweight,0,U-DEC,3,5:00
UFC 141: Lesnar vs Overeem,Jacob Volkmann,Efrain Escudero,Lightweight,0,U-DEC,3,5:00
UFC 141: Lesnar vs Overeem,Diego Nunes,Manvel Gamburyan,Featherweight,0,U-DEC,3,5:00
UFC 140: Jones vs Machida,Jon Jones,Lyoto Machida,Light Heavyweight,1,SUB Guillotine Choke,2,4:26
UFC 140: Jones vs Machida,Frank Mir,Antonio Rodrigo Nogueira,Heavyweight,0,SUB Kimura,1,3:38
UFC 140: Jones vs Machida,Rogerio Nogueira,Tito Ortiz,Light Heavyweight,0,KO/TKO Punches,1,3:15
UFC 140: Jones vs Machida,Brian Ebersole,Claude Patrick,Welterweight,0,S-DEC,3,5:00
UFC 140: Jones vs Machida,Chan Sung Jung,Mark Hominick,Featherweight,0,KO/TKO Punch,1,0:07
UFC 140: Jones vs Machida,Igor Pokrajac,Krzysztof Soszynski,Light Heavyweight,0,KO/TKO Punches,1,0:35
UFC 140: Jones vs Machida,Constantinos Philippou,Jared Hamman,Middleweight,0,KO/TKO Punches,1,3:11
UFC 140: Jones vs Machida,Dennis Hallman,John Makdessi,Lightweight,0,SUB Rear Naked Choke,1,2:58
UFC 140: Jones vs Machida,Yves Jabouin,Walel Watson,Bantamweight,0,S-DEC,3,5:00
UFC 140: Jones vs Machida,Mark Bocek,Nik Lentz,Lightweight,0,U-DEC,3,5:00
UFC 140: Jones vs Machida,Jake Hecht,Rich Attonito,Welterweight,0,KO/TKO Elbows,2,1:10
UFC 140: Jones vs Machida,John Cholish,Mitch Clarke,Lightweight,0,KO/TKO Punches,2,4:36
The Ultimate Fighter: Team Bisping vs Team Miller Finale,Michael Bisping,Jason Miller,Middleweight,0,KO/TKO Knees,3,3:34
The Ultimate Fighter: Team Bisping vs Team Miller Finale,Diego Brandao,Dennis Bermudez,Featherweight,1,SUB Armbar,1,4:51
The Ultimate Fighter: Team Bisping vs Team Miller Finale,John Dodson,TJ Dillashaw,Bantamweight,1,KO/TKO Punches,1,1:54
The Ultimate Fighter: Team Bisping vs Team Miller Finale,Tony Ferguson,Yves Edwards,Lightweight,0,U-DEC,3,5:00
The Ultimate Fighter: Team Bisping vs Team Miller Finale,Johnny Bedford,Louis Gaudinot,Bantamweight,0,KO/TKO Knees,3,1:58
The Ultimate Fighter: Team Bisping vs Team Miller Finale,Marcus Brimage,Stephen Bass,Featherweight,0,U-DEC,3,5:00
The Ultimate Fighter: Team Bisping vs Team Miller Finale,John Albert,Dustin Pague,Bantamweight,0,KO/TKO Punches,1,1:09
The Ultimate Fighter: Team Bisping vs Team Miller Finale,Roland Delorme,Josh Ferguson,Bantamweight,0,SUB Rear Naked Choke,3,0:22
The Ultimate Fighter: Team Bisping vs Team Miller Finale,Steven Siler,Josh Clopton,Featherweight,0,U-DEC,3,5:00
The Ultimate Fighter: Team Bisping vs Team Miller Finale,Bryan Caraway,Dustin Neace,Featherweight,0,SUB Rear Naked Choke,2,3:38
UFC 139: Shogun vs Henderson,Dan Henderson,Mauricio Rua,Light Heavyweight,0,U-DEC,5,5:00
UFC 139: Shogun vs Henderson,Wanderlei Silva,Cung Le,Middleweight,0,KO/TKO Knee,2,4:49
UFC 139: Shogun vs Henderson,Urijah Faber,Brian Bowles,Bantamweight,0,SUB Guillotine Choke,2,1:27
UFC 139: Shogun vs Henderson,Martin Kampmann,Rick Story,Welterweight,0,S-DEC,3,5:00
UFC 139: Shogun vs Henderson,Stephan Bonnar,Kyle Kingsbury,Light Heavyweight,0,U-DEC,3,5:00
UFC 139: Shogun vs Henderson,Ryan Bader,Jason Brilz,Light Heavyweight,0,KO/TKO Punch,1,1:17
UFC 139: Shogun vs Henderson,Michael McDonald,Alex Soto,Bantamweight,0,KO/TKO Punches,1,0:56
UFC 139: Shogun vs Henderson,Chris Weidman,Tom Lawlor,Middleweight,0,SUB D'Arce Choke,1,2:07
UFC 139: Shogun vs Henderson,Gleison Tibau,Rafael Dos Anjos,Lightweight,0,S-DEC,3,5:00
UFC 139: Shogun vs Henderson,Miguel Torres,Nick Pace,Bantamweight,0,U-DEC,3,5:00
UFC 139: Shogun vs Henderson,Seth Baczynski,Matt Brown,Welterweight,0,SUB Guillotine Choke,2,0:42
UFC 139: Shogun vs Henderson,Danny Castillo,Shamar Bailey,Lightweight,0,KO/TKO Punches,1,4:52
UFC on FOX: Velasquez vs Dos Santos,Junior Dos Santos,Cain Velasquez,Heavyweight,1,KO/TKO Punch,1,1:04
UFC on FOX: Velasquez vs Dos Santos,Benson Henderson,Clay Guida,Lightweight,0,U-DEC,3,5:00
UFC on FOX: Velasquez vs Dos Santos,Dustin Poirier,Pablo Garza,Featherweight,0,SUB D'Arce Choke,2,1:32
UFC on FOX: Velasquez vs Dos Santos,Ricardo Lamas,Cub Swanson,Featherweight,0,SUB Arm Triangle,2,2:16
UFC on FOX: Velasquez vs Dos Santos,DaMarques Johnson,Clay Harvison,Welterweight,0,KO/TKO Punch,1,1:34
UFC on FOX: Velasquez vs Dos Santos,Darren Uyenoyama,Norifumi Yamamoto,Bantamweight,0,U-DEC,3,5:00
UFC on FOX: Velasquez vs Dos Santos,Mackens Semerzier,Robert Peralta,Featherweight,0,Overturned,3,1:54
UFC on FOX: Velasquez vs Dos Santos,Alex Caceres,Cole Escovedo,Bantamweight,0,U-DEC,3,5:00
UFC on FOX: Velasquez vs Dos Santos,Mike Pierce,Paul Bradley,Welterweight,0,S-DEC,3,5:00
UFC on FOX: Velasquez vs Dos Santos,Aaron Rosa,Matt Lucas,Light Heavyweight,0,M-DEC,3,5:00
UFC 138: Leben vs Munoz,Mark Munoz,Chris Leben,Middleweight,0,KO/TKO,2,5:00
UFC 138: Leben vs Munoz,Renan Barao,Brad Pickett,Bantamweight,0,SUB Rear Naked Choke,1,4:09
UFC 138: Leben vs Munoz,Thiago Alves,Papy Abedi,Welterweight,0,SUB Rear Naked Choke,1,3:32
UFC 138: Leben vs Munoz,Anthony Perosh,Cyrille Diabate,Light Heavyweight,0,SUB Rear Naked Choke,2,3:09
UFC 138: Leben vs Munoz,Terry Etim,Edward Faaloloto,Lightweight,0,SUB Guillotine Choke,1,0:17
UFC 138: Leben vs Munoz,John Maguire,Justin Edwards,Welterweight,0,U-DEC,3,5:00
UFC 138: Leben vs Munoz,Philip De Fries,Rob Broughton,Heavyweight,0,U-DEC,3,5:00
UFC 138: Leben vs Munoz,Michihiro Omigawa,Jason Young,Featherweight,0,U-DEC,3,5:00
UFC 138: Leben vs Munoz,Che Mills,Chris Cope,Welterweight,0,KO/TKO Knee,1,0:40
UFC 138: Leben vs Munoz,Chris Cariaso,Vaughan Lee,Bantamweight,0,S-DEC,3,5:00
UFC 137: Penn vs Diaz,Nick Diaz,BJ Penn,Welterweight,0,U-DEC,3,5:00
UFC 137: Penn vs Diaz,Cheick Kongo,Matt Mitrione,Heavyweight,0,U-DEC,3,5:00
UFC 137: Penn vs Diaz,Roy Nelson,Mirko Filipovic,Heavyweight,0,KO/TKO Punches,3,1:30
UFC 137: Penn vs Diaz,Scott Jorgensen,Jeff Curran,Bantamweight,0,U-DEC,3,5:00
UFC 137: Penn vs Diaz,Hatsu Hioki,George Roop,Featherweight,0,S-DEC,3,5:00
UFC 137: Penn vs Diaz,Donald Cerrone,Dennis Siver,Lightweight,0,SUB Rear Naked Choke,1,2:22
UFC 137: Penn vs Diaz,Bart Palaszewski,Tyson Griffin,Featherweight,0,KO/TKO Punches,1,2:45
UFC 137: Penn vs Diaz,Brandon Vera,Eliot Marshall,Light Heavyweight,0,U-DEC,3,5:00
UFC 137: Penn vs Diaz,Ramsey Nijem,Danny Downes,Lightweight,0,U-DEC,3,5:00
UFC 137: Penn vs Diaz,Francis Carmont,Chris Camozzi,Middleweight,0,U-DEC,3,5:00
UFC 137: Penn vs Diaz,Clifford Starks,Dustin Jacoby,Middleweight,0,U-DEC,3,5:00
UFC 136: Edgar vs Maynard 3,Frankie Edgar,Gray Maynard,Lightweight,1,KO/TKO Punches,4,3:54
UFC 136: Edgar vs Maynard 3,Jose Aldo,Kenny Florian,Featherweight,1,U-DEC,5,5:00
UFC 136: Edgar vs Maynard 3,Chael Sonnen,Brian Stann,Middleweight,0,SUB Arm Triangle,2,3:51
UFC 136: Edgar vs Maynard 3,Nam Phan,Leonard Garcia,Featherweight,0,U-DEC,3,5:00
UFC 136: Edgar vs Maynard 3,Joe Lauzon,Melvin Guillard,Lightweight,0,SUB Rear Naked Choke,1,0:47
UFC 136: Edgar vs Maynard 3,Demian Maia,Jorge Santiago,Middleweight,0,U-DEC,3,5:00
UFC 136: Edgar vs Maynard 3,Anthony Pettis,Jeremy Stephens,Lightweight,0,S-DEC,3,5:00
UFC 136: Edgar vs Maynard 3,Stipe Miocic,Joey Beltran,Heavyweight,0,U-DEC,3,5:00
UFC 136: Edgar vs Maynard 3,Darren Elkins,Zhang Tiequan,Featherweight,0,U-DEC,3,5:00
UFC 136: Edgar vs Maynard 3,Aaron Simpson,Eric Schafer,Middleweight,0,U-DEC,3,5:00
UFC 136: Edgar vs Maynard 3,Mike Massenzio,Steve Cantwell,Middleweight,0,U-DEC,3,5:00
UFC Live: Cruz vs Johnson,Dominick Cruz,Demetrious Johnson,Bantamweight,1,U-DEC,5,5:00
UFC Live: Cruz vs Johnson,Stefan Struve,Pat Barry,Heavyweight,0,SUB Triangle Choke,2,3:22
UFC Live: Cruz vs Johnson,Anthony Johnson,Charlie Brenneman,Welterweight,0,KO/TKO Kick,1,2:49
UFC Live: Cruz vs Johnson,Matt Wiman,Mac Danzig,Lightweight,0,U-DEC,3,5:00
UFC Live: Cruz vs Johnson,Yves Edwards,Rafaello Oliveira,Lightweight,0,KO/TKO Kick,2,2:44
UFC Live: Cruz vs Johnson,Paul Sass,Michael Johnson,Lightweight,0,SUB Heel Hook,1,3:00
UFC Live: Cruz vs Johnson,Mike Easton,Byron Bloodworth,Bantamweight,0,KO/TKO Knee,2,4:52
UFC Live: Cruz vs Johnson,TJ Grant,Shane Roller,Lightweight,0,SUB Armbar,3,2:12
UFC Live: Cruz vs Johnson,Josh Neer,Keith Wisniewski,Welterweight,0,KO/TKO,2,5:00
UFC Live: Cruz vs Johnson,Walel Watson,Joseph Sandoval,Bantamweight,0,KO/TKO Punches,1,1:17
UFC 135: Jones vs Rampage,Jon Jones,Quinton Jackson,Light Heavyweight,1,SUB Rear Naked Choke,4,1:14
UFC 135: Jones vs Rampage,Josh Koscheck,Matt Hughes,Welterweight,0,KO/TKO Punches,1,4:59
UFC 135: Jones vs Rampage,Mark Hunt,Ben Rothwell,Heavyweight,0,U-DEC,3,5:00
UFC 135: Jones vs Rampage,Travis Browne,Rob Broughton,Heavyweight,0,U-DEC,3,5:00
UFC 135: Jones vs Rampage,Nate Diaz,Takanori Gomi,Lightweight,0,SUB Armbar,1,4:27
UFC 135: Jones vs Rampage,Tony Ferguson,Aaron Riley,Lightweight,0,KO/TKO,1,5:00
UFC 135: Jones vs Rampage,Tim Boetsch,Nick Ring,Middleweight,0,U-DEC,3,5:00
UFC 135: Jones vs Rampage,Junior Assuncao,Eddie Yagin,Featherweight,0,U-DEC,3,5:00
UFC 135: Jones vs Rampage,Takeya Mizugaki,Cole Escovedo,Bantamweight,0,KO/TKO Punches,2,4:30
UFC 135: Jones vs Rampage,James Te Huna,Ricardo Romero,Light Heavyweight,0,KO/TKO Punches,1,0:47
UFC Fight Night: Shields vs Ellenberger,Jake Ellenberger,Jake Shields,Welterweight,0,KO/TKO Knee,1,0:53
UFC Fight Night: Shields vs Ellenberger,Court McGee,Dongi Yang,Middleweight,0,U-DEC,3,5:00
UFC Fight Night: Shields vs Ellenberger,Erik Koch,Jonathan Brookins,Featherweight,0,U-DEC,3,5:00
UFC Fight Night: Shields vs Ellenberger,Alan Belcher,Jason MacDonald,Middleweight,0,KO/TKO Punches,1,3:48
UFC Fight Night: Shields vs Ellenberger,Vagner Rocha,Cody McKenzie,Lightweight,0,SUB Rear Naked Choke,2,3:49
UFC Fight Night: Shields vs Ellenberger,Evan Dunham,Shamar Bailey,Lightweight,0,U-DEC,3,5:00
UFC Fight Night: Shields vs Ellenberger,Lance Benoist,Matthew Riddle,Welterweight,0,U-DEC,3,5:00
UFC Fight Night: Shields vs Ellenberger,Ken Stone,Donny Walker,Bantamweight,0,SUB Rear Naked Choke,1,2:40
UFC Fight Night: Shields vs Ellenberger,Seth Baczynski,Clay Harvison,Welterweight,0,SUB Rear Naked Choke,2,1:12
UFC Fight Night: Shields vs Ellenberger,TJ Waldburger,Mike Stumpf,Welterweight,0,SUB Triangle Choke,1,3:52
UFC Fight Night: Shields vs Ellenberger,Robert Peralta,Mike Lullo,Featherweight,0,U-DEC,3,5:00
UFC Fight Night: Shields vs Ellenberger,Justin Edwards,Jorge Lopez,Welterweight,0,U-DEC,3,5:00
UFC 134: Silva vs Okami,Anderson Silva,Yushin Okami,Middleweight,1,KO/TKO Punches,2,2:04
UFC 134: Silva vs Okami,Mauricio Rua,Forrest Griffin,Light Heavyweight,0,KO/TKO Punches,1,1:53
UFC 134: Silva vs Okami,Edson Barboza,Ross Pearson,Lightweight,0,S-DEC,3,5:00
UFC 134: Silva vs Okami,Antonio Rodrigo Nogueira,Brendan Schaub,Heavyweight,0,KO/TKO Punches,1,3:09
UFC 134: Silva vs Okami,Stanislav Nedkov,Luiz Cane,Light Heavyweight,0,KO/TKO Punches,1,4:13
UFC 134: Silva vs Okami,Thiago Tavares,Spencer Fisher,Lightweight,0,KO/TKO Punches,2,2:51
UFC 134: Silva vs Okami,Rousimar Palhares,Dan Miller,Middleweight,0,U-DEC,3,5:00
UFC 134: Silva vs Okami,Paulo Thiago,David Mitchell,Welterweight,0,U-DEC,3,5:00
UFC 134: Silva vs Okami,Raphael Assuncao,Johnny Eduardo,Bantamweight,0,U-DEC,3,5:00
UFC 134: Silva vs Okami,Erick Silva,Luis Ramos,Welterweight,0,KO/TKO Punch,1,0:40
UFC 134: Silva vs Okami,Iuri Alcantara,Felipe Arantes,Featherweight,0,U-DEC,3,5:00
UFC 134: Silva vs Okami,Yves Jabouin,Ian Loveland,Bantamweight,0,S-DEC,3,5:00
UFC Live: Hardy vs Lytle,Chris Lytle,Dan Hardy,Welterweight,0,SUB Guillotine Choke,3,4:16
UFC Live: Hardy vs Lytle,Benson Henderson,Jim Miller,Lightweight,0,U-DEC,3,5:00
UFC Live: Hardy vs Lytle,Donald Cerrone,Charles Oliveira,Lightweight,0,KO/TKO Punches,1,3:01
UFC Live: Hardy vs Lytle,Duane Ludwig,Amir Sadollah,Welterweight,0,U-DEC,3,5:00
UFC Live: Hardy vs Lytle,Jared Hamman,CB Dollaway,Middleweight,0,KO/TKO Punches,2,3:38
UFC Live: Hardy vs Lytle,Joseph Benavidez,Eddie Wineland,Bantamweight,0,U-DEC,3,5:00
UFC Live: Hardy vs Lytle,Ed Herman,Kyle Noke,Middleweight,0,SUB Heel Hook,1,4:15
UFC Live: Hardy vs Lytle,Ronny Markes,Karlos Vemola,Light Heavyweight,0,U-DEC,3,5:00
UFC Live: Hardy vs Lytle,Jimy Hettes,Alex Caceres,Featherweight,0,SUB Rear Naked Choke,2,3:12
UFC Live: Hardy vs Lytle,Cole Miller,TJ O'Brien,Lightweight,0,SUB Guillotine Choke,2,2:38
UFC Live: Hardy vs Lytle,Jacob Volkmann,Danny Castillo,Lightweight,0,U-DEC,3,5:00
UFC Live: Hardy vs Lytle,Edwin Figueroa,Jason Reinhardt,Bantamweight,0,KO/TKO Punches,2,0:50
UFC 133: Evans vs Ortiz 2,Rashad Evans,Tito Ortiz,Light Heavyweight,0,KO/TKO Knee,2,4:48
UFC 133: Evans vs Ortiz 2,Vitor Belfort,Yoshihiro Akiyama,Middleweight,0,KO/TKO Punches,1,1:52
UFC 133: Evans vs Ortiz 2,Brian Ebersole,Dennis Hallman,Welterweight,0,KO/TKO Elbows,1,4:28
UFC 133: Evans vs Ortiz 2,Constantinos Philippou,Jorge Rivera,Middleweight,0,S-DEC,3,5:00
UFC 133: Evans vs Ortiz 2,Rory MacDonald,Mike Pyle,Welterweight,0,KO/TKO Punches,1,3:54
UFC 133: Evans vs Ortiz 2,Alexander Gustafsson,Matt Hamill,Light Heavyweight,0,KO/TKO Punches,2,3:34
UFC 133: Evans vs Ortiz 2,Chad Mendes,Rani Yahya,Featherweight,0,U-DEC,3,5:00
UFC 133: Evans vs Ortiz 2,Ivan Menjivar,Nick Pace,Bantamweight,0,U-DEC,3,5:00
UFC 133: Evans vs Ortiz 2,Johny Hendricks,Mike Pierce,Welterweight,0,S-DEC,3,5:00
UFC 133: Evans vs Ortiz 2,Mike Brown,Nam Phan,Featherweight,0,U-DEC,3,5:00
UFC 133: Evans vs Ortiz 2,Rafael Natal,Paul Bradley,Middleweight,0,U-DEC,3,5:00
UFC 132: Cruz vs Faber,Dominick Cruz,Urijah Faber,Bantamweight,1,U-DEC,5,5:00
UFC 132: Cruz vs Faber,Chris Leben,Wanderlei Silva,Middleweight,0,KO/TKO Punches,1,0:27
UFC 132: Cruz vs Faber,Dennis Siver,Matt Wiman,Lightweight,0,U-DEC,3,5:00
UFC 132: Cruz vs Faber,Tito Ortiz,Ryan Bader,Light Heavyweight,0,SUB Guillotine Choke,1,1:56
UFC 132: Cruz vs Faber,Carlos Condit,Dong Hyun Kim,Welterweight,0,KO/TKO Flying Knee,1,2:58
UFC 132: Cruz vs Faber,Melvin Guillard,Shane Roller,Lightweight,0,KO/TKO Punch,1,2:12
UFC 132: Cruz vs Faber,Rafael Dos Anjos,George Sotiropoulos,Lightweight,0,KO/TKO Punch,1,0:59
UFC 132: Cruz vs Faber,Brian Bowles,Takeya Mizugaki,Bantamweight,0,U-DEC,3,5:00
UFC 132: Cruz vs Faber,Aaron Simpson,Brad Tavares,Middleweight,0,U-DEC,3,5:00
UFC 132: Cruz vs Faber,Anthony Njokuani,Andre Winner,Lightweight,0,U-DEC,3,5:00
UFC 132: Cruz vs Faber,Jeff Hougland,Donny Walker,Bantamweight,0,U-DEC,3,5:00
UFC Live: Kongo vs Barry,Cheick Kongo,Pat Barry,Heavyweight,0,KO/TKO Punch,1,2:39
UFC Live: Kongo vs Barry,Charlie Brenneman,Rick Story,Welterweight,0,U-DEC,3,5:00
UFC Live: Kongo vs Barry,Matt Brown,John Howard,Welterweight,0,U-DEC,3,5:00
UFC Live: Kongo vs Barry,Matt Mitrione,Christian Morecraft,Heavyweight,0,KO/TKO Punches,2,4:28
UFC Live: Kongo vs Barry,Tyson Griffin,Manvel Gamburyan,Featherweight,0,U-DEC,3,5:00
UFC Live: Kongo vs Barry,Javier Vazquez,Joe Stevenson,Featherweight,0,U-DEC,3,5:00
UFC Live: Kongo vs Barry,Joe Lauzon,Curt Warburton,Lightweight,0,SUB Kimura,1,1:58
UFC Live: Kongo vs Barry,Rich Attonito,Daniel Roberts,Welterweight,0,U-DEC,3,5:00
UFC Live: Kongo vs Barry,Nik Lentz,Charles Oliveira,Lightweight,0,Overturned,2,1:48
UFC Live: Kongo vs Barry,Ricardo Lamas,Matt Grice,Featherweight,0,KO/TKO Punches,1,4:41
UFC Live: Kongo vs Barry,Michael Johnson,Edward Faaloloto,Lightweight,0,KO/TKO Punches,1,4:42
UFC 131: Dos Santos vs Carwin,Junior Dos Santos,Shane Carwin,Heavyweight,0,U-DEC,3,5:00
UFC 131: Dos Santos vs Carwin,Kenny Florian,Diego Nunes,Featherweight,0,U-DEC,3,5:00
UFC 131: Dos Santos vs Carwin,Mark Munoz,Demian Maia,Middleweight,0,U-DEC,3,5:00
UFC 131: Dos Santos vs Carwin,Dave Herman,Jon Olav Einemo,Heavyweight,0,KO/TKO Punches,2,3:19
UFC 131: Dos Santos vs Carwin,Donald Cerrone,Vagner Rocha,Lightweight,0,U-DEC,3,5:00
UFC 131: Dos Santos vs Carwin,Sam Stout,Yves Edwards,Lightweight,0,KO/TKO Punch,1,3:52
UFC 131: Dos Santos vs Carwin,Chris Weidman,Jesse Bongfeldt,Middleweight,0,SUB Guillotine Choke,1,4:54
UFC 131: Dos Santos vs Carwin,Krzysztof Soszynski,Mike Massenzio,Light Heavyweight,0,U-DEC,3,5:00
UFC 131: Dos Santos vs Carwin,Nick Ring,James Head,Middleweight,0,SUB Rear Naked Choke,3,3:33
UFC 131: Dos Santos vs Carwin,Dustin Poirier,Jason Young,Featherweight,0,U-DEC,3,5:00
UFC 131: Dos Santos vs Carwin,Joey Beltran,Aaron Rosa,Heavyweight,0,KO/TKO Punches,3,1:26
UFC 131: Dos Santos vs Carwin,Darren Elkins,Michihiro Omigawa,Featherweight,0,U-DEC,3,5:00
The Ultimate Fighter: Team Lesnar vs Team dos Santos Finale,Tony Ferguson,Ramsey Nijem,Welterweight,1,KO/TKO Punches,1,3:54
The Ultimate Fighter: Team Lesnar vs Team dos Santos Finale,Clay Guida,Anthony Pettis,Lightweight,0,U-DEC,3,5:00
The Ultimate Fighter: Team Lesnar vs Team dos Santos Finale,Ed Herman,Tim Credeur,Middleweight,0,KO/TKO Punch,1,0:48
The Ultimate Fighter: Team Lesnar vs Team dos Santos Finale,Kyle Kingsbury,Fabio Maldonado,Light Heavyweight,0,U-DEC,3,5:00
The Ultimate Fighter: Team Lesnar vs Team dos Santos Finale,Chris Cope,Chuck O'Neil,Welterweight,0,U-DEC,3,5:00
The Ultimate Fighter: Team Lesnar vs Team dos Santos Finale,Jeremy Stephens,Danny Downes,Lightweight,0,U-DEC,3,5:00
The Ultimate Fighter: Team Lesnar vs Team dos Santos Finale,George Roop,Josh Grispi,Featherweight,0,KO/TKO Punch,3,3:14
The Ultimate Fighter: Team Lesnar vs Team dos Santos Finale,Shamar Bailey,Ryan McGillivray,Welterweight,0,U-DEC,3,5:00
The Ultimate Fighter: Team Lesnar vs Team dos Santos Finale,Clay Harvison,Justin Edwards,Welterweight,0,S-DEC,3,5:00
The Ultimate Fighter: Team Lesnar vs Team dos Santos Finale,Scott Jorgensen,Ken Stone,Bantamweight,0,KO/TKO Punch,1,4:01
The Ultimate Fighter: Team Lesnar vs Team dos Santos Finale,Reuben Duran,Francisco Rivera,Bantamweight,0,SUB Rear Naked Choke,3,1:57
UFC 130: Rampage vs Hamill,Quinton Jackson,Matt Hamill,Light Heavyweight,0,U-DEC,3,5:00
UFC 130: Rampage vs Hamill,Frank Mir,Roy Nelson,Heavyweight,0,U-DEC,3,5:00
UFC 130: Rampage vs Hamill,Travis Browne,Stefan Struve,Heavyweight,0,KO/TKO Punch,1,4:11
UFC 130: Rampage vs Hamill,Rick Story,Thiago Alves,Welterweight,0,U-DEC,3,5:00
UFC 130: Rampage vs Hamill,Brian Stann,Jorge Santiago,Middleweight,0,KO/TKO Punch,2,4:29
UFC 130: Rampage vs Hamill,Demetrious Johnson,Miguel Torres,Bantamweight,0,U-DEC,3,5:00
UFC 130: Rampage vs Hamill,Tim Boetsch,Kendall Grove,Middleweight,0,U-DEC,3,5:00
UFC 130: Rampage vs Hamill,Gleison Tibau,Rafaello Oliveira,Lightweight,0,SUB Rear Naked Choke,2,3:28
UFC 130: Rampage vs Hamill,Michael McDonald,Chris Cariaso,Bantamweight,0,S-DEC,3,5:00
UFC 130: Rampage vs Hamill,Renan Barao,Cole Escovedo,Bantamweight,0,U-DEC,3,5:00
UFC 129: St-Pierre vs Shields,Georges St-Pierre,Jake Shields,Welterweight,1,U-DEC,5,5:00
UFC 129: St-Pierre vs Shields,Jose Aldo,Mark Hominick,Featherweight,1,U-DEC,5,5:00
UFC 129: St-Pierre vs Shields,Lyoto Machida,Randy Couture,Light Heavyweight,0,KO/TKO Kick,2,1:05
UFC 129: St-Pierre vs Shields,Vladimir Matyushenko,Jason Brilz,Light Heavyweight,0,KO/TKO Punch,1,0:20
UFC 129: St-Pierre vs Shields,Benson Henderson,Mark Bocek,Lightweight,0,U-DEC,3,5:00
UFC 129: St-Pierre vs Shields,Rory MacDonald,Nate Diaz,Welterweight,0,U-DEC,3,5:00
UFC 129: St-Pierre vs Shields,Jake Ellenberger,Sean Pierson,Welterweight,0,KO/TKO Punch,1,2:42
UFC 129: St-Pierre vs Shields,Claude Patrick,Daniel Roberts,Welterweight,0,U-DEC,3,5:00
UFC 129: St-Pierre vs Shields,Ivan Menjivar,Charlie Valencia,Bantamweight,0,KO/TKO Elbow,1,1:30
UFC 129: St-Pierre vs Shields,Jason MacDonald,Ryan Jensen,Middleweight,0,SUB Triangle Choke,1,1:37
UFC 129: St-Pierre vs Shields,John Makdessi,Kyle Watson,Lightweight,0,KO/TKO Spinning Back Fist,3,1:27
UFC 129: St-Pierre vs Shields,Pablo Garza,Yves Jabouin,Featherweight,0,SUB Triangle Choke,1,4:31
UFC Fight Night: Nogueira vs Davis,Phil Davis,Rogerio Nogueira,Light Heavyweight,0,U-DEC,3,5:00
UFC Fight Night: Nogueira vs Davis,Anthony Johnson,Dan Hardy,Welterweight,0,U-DEC,3,5:00
UFC Fight Night: Nogueira vs Davis,Amir Sadollah,DaMarques Johnson,Welterweight,0,KO/TKO Elbows,2,3:27
UFC Fight Night: Nogueira vs Davis,Chan Sung Jung,Leonard Garcia,Featherweight,0,SUB Twister,2,4:59
UFC Fight Night: Nogueira vs Davis,Mike Russow,Jon Madsen,Heavyweight,0,KO/TKO,2,5:00
UFC Fight Night: Nogueira vs Davis,Mackens Semerzier,Alex Caceres,Featherweight,0,SUB Rear Naked Choke,1,3:18
UFC Fight Night: Nogueira vs Davis,John Hathaway,Kris McCray,Welterweight,0,S-DEC,3,5:00
UFC Fight Night: Nogueira vs Davis,Michael McDonald,Edwin Figueroa,Bantamweight,0,U-DEC,3,5:00
UFC Fight Night: Nogueira vs Davis,Christian Morecraft,Sean McCorkle,Heavyweight,0,SUB Guillotine Choke,2,4:10
UFC Fight Night: Nogueira vs Davis,Johny Hendricks,TJ Waldburger,Welterweight,0,KO/TKO Punch,1,1:35
UFC Fight Night: Nogueira vs Davis,Aaron Simpson,Mario Miranda,Middleweight,0,U-DEC,3,5:00
UFC Fight Night: Nogueira vs Davis,Nik Lentz,Waylon Lowe,Lightweight,0,SUB Guillotine Choke,3,2:24
UFC 128: Shogun vs Jones,Jon Jones,Mauricio Rua,Light Heavyweight,1,KO/TKO Knee,3,2:37
UFC 128: Shogun vs Jones,Urijah Faber,Eddie Wineland,Bantamweight,0,U-DEC,3,5:00
UFC 128: Shogun vs Jones,Jim Miller,Kamal Shalorus,Lightweight,0,KO/TKO Knee,3,2:15
UFC 128: Shogun vs Jones,Nate Marquardt,Dan Miller,Middleweight,0,U-DEC,3,5:00
UFC 128: Shogun vs Jones,Brendan Schaub,Mirko Filipovic,Heavyweight,0,KO/TKO Punch,3,3:44
UFC 128: Shogun vs Jones,Luiz Cane,Eliot Marshall,Light Heavyweight,0,KO/TKO Punches,1,2:15
UFC 128: Shogun vs Jones,Edson Barboza,Anthony Njokuani,Lightweight,0,U-DEC,3,5:00
UFC 128: Shogun vs Jones,Mike Pyle,Ricardo Almeida,Welterweight,0,U-DEC,3,5:00
UFC 128: Shogun vs Jones,Gleison Tibau,Kurt Pellegrino,Lightweight,0,S-DEC,3,5:00
UFC 128: Shogun vs Jones,Joseph Benavidez,Ian Loveland,Bantamweight,0,U-DEC,3,5:00
UFC 128: Shogun vs Jones,Nick Catone,Constantinos Philippou,Catch Weight,0,U-DEC,3,5:00
UFC 128: Shogun vs Jones,Erik Koch,Raphael Assuncao,Featherweight,0,KO/TKO Punch,1,2:32
UFC Live: Sanchez vs Kampmann,Diego Sanchez,Martin Kampmann,Welterweight,0,U-DEC,3,5:00
UFC Live: Sanchez vs Kampmann,Mark Munoz,CB Dollaway,Middleweight,0,KO/TKO Punch,1,0:54
UFC Live: Sanchez vs Kampmann,Chris Weidman,Alessio Sakara,Middleweight,0,U-DEC,3,5:00
UFC Live: Sanchez vs Kampmann,Brian Bowles,Damacio Page,Bantamweight,0,SUB Guillotine Choke,1,3:30
UFC Live: Sanchez vs Kampmann,Cyrille Diabate,Steve Cantwell,Light Heavyweight,0,U-DEC,3,5:00
UFC Live: Sanchez vs Kampmann,Danny Castillo,Joe Stevenson,Lightweight,0,U-DEC,3,5:00
UFC Live: Sanchez vs Kampmann,Shane Roller,Thiago Tavares,Lightweight,0,KO/TKO Punch,2,1:28
UFC Live: Sanchez vs Kampmann,Takeya Mizugaki,Reuben Duran,Bantamweight,0,S-DEC,3,5:00
UFC Live: Sanchez vs Kampmann,Dongi Yang,Rob Kimmons,Middleweight,0,KO/TKO Punches,2,4:47
UFC Live: Sanchez vs Kampmann,Rousimar Palhares,David Branch,Middleweight,0,SUB Kneebar,2,1:44
UFC Live: Sanchez vs Kampmann,Igor Pokrajac,Todd Brown,Light Heavyweight,0,KO/TKO,1,5:00
UFC 127: Penn vs Fitch,BJ Penn,Jon Fitch,Welterweight,0,M-DEC,3,5:00
UFC 127: Penn vs Fitch,Michael Bisping,Jorge Rivera,Middleweight,0,KO/TKO Punches,2,1:54
UFC 127: Penn vs Fitch,Dennis Siver,George Sotiropoulos,Lightweight,0,U-DEC,3,5:00
UFC 127: Penn vs Fitch,Brian Ebersole,Chris Lytle,Welterweight,0,U-DEC,3,5:00
UFC 127: Penn vs Fitch,Kyle Noke,Chris Camozzi,Middleweight,0,SUB Rear Naked Choke,1,1:35
UFC 127: Penn vs Fitch,Ross Pearson,Spencer Fisher,Lightweight,0,U-DEC,3,5:00
UFC 127: Penn vs Fitch,Alexander Gustafsson,James Te Huna,Light Heavyweight,0,SUB Rear Naked Choke,1,4:27
UFC 127: Penn vs Fitch,Nick Ring,Riki Fukuda,Middleweight,0,U-DEC,3,5:00
UFC 127: Penn vs Fitch,Anthony Perosh,Tom Blackledge,Light Heavyweight,0,SUB Rear Naked Choke,1,2:45
UFC 127: Penn vs Fitch,Zhang Tiequan,Jason Reinhardt,Featherweight,0,SUB Guillotine Choke,1,0:48
UFC 127: Penn vs Fitch,Mark Hunt,Chris Tuchscherer,Heavyweight,0,KO/TKO Punch,2,1:41
UFC 127: Penn vs Fitch,Curt Warburton,Maciej Jewtuszko,Lightweight,0,U-DEC,3,5:00
UFC 126: Silva vs Belfort,Anderson Silva,Vitor Belfort,Middleweight,1,KO/TKO Kick,1,3:25
UFC 126: Silva vs Belfort,Forrest Griffin,Rich Franklin,Light Heavyweight,0,U-DEC,3,5:00
UFC 126: Silva vs Belfort,Jon Jones,Ryan Bader,Light Heavyweight,0,SUB Guillotine Choke,2,4:20
UFC 126: Silva vs Belfort,Jake Ellenberger,Carlos Eduardo Rocha,Welterweight,0,S-DEC,3,5:00
UFC 126: Silva vs Belfort,Miguel Torres,Antonio Banuelos,Bantamweight,0,U-DEC,3,5:00
UFC 126: Silva vs Belfort,Donald Cerrone,Paul Kelly,Lightweight,0,SUB Rear Naked Choke,2,3:48
UFC 126: Silva vs Belfort,Chad Mendes,Michihiro Omigawa,Featherweight,0,U-DEC,3,5:00
UFC 126: Silva vs Belfort,Demetrious Johnson,Norifumi Yamamoto,Bantamweight,0,U-DEC,3,5:00
UFC 126: Silva vs Belfort,Paul Taylor,Gabe Ruediger,Lightweight,0,KO/TKO Kick,2,1:42
UFC 126: Silva vs Belfort,Kyle Kingsbury,Ricardo Romero,Light Heavyweight,0,KO/TKO Punch,1,0:21
UFC 126: Silva vs Belfort,Mike Pierce,Kenny Robertson,Welterweight,0,KO/TKO Punches,2,0:29
UFC Fight Night: Fight for the Troops 2,Melvin Guillard,Evan Dunham,Lightweight,0,KO/TKO Knees,1,2:58
UFC Fight Night: Fight for the Troops 2,Matt Mitrione,Tim Hague,Heavyweight,0,KO/TKO Punch,1,2:59
UFC Fight Night: Fight for the Troops 2,Mark Hominick,George Roop,Featherweight,0,KO/TKO Punch,1,1:28
UFC Fight Night: Fight for the Troops 2,Pat Barry,Joey Beltran,Heavyweight,0,U-DEC,3,5:00
UFC Fight Night: Fight for the Troops 2,Matt Wiman,Cole Miller,Lightweight,0,U-DEC,3,5:00
UFC Fight Night: Fight for the Troops 2,Yves Edwards,Cody McKenzie,Lightweight,0,SUB Rear Naked Choke,2,4:33
UFC Fight Night: Fight for the Troops 2,DaMarques Johnson,Mike Guymon,Welterweight,0,SUB Injury,1,3:22
UFC Fight Night: Fight for the Troops 2,Rani Yahya,Mike Brown,Featherweight,0,U-DEC,3,5:00
UFC Fight Night: Fight for the Troops 2,Waylon Lowe,Willamy Freire,Lightweight,0,U-DEC,3,5:00
UFC Fight Night: Fight for the Troops 2,Charlie Brenneman,Amilcar Alves,Welterweight,0,U-DEC,3,5:00
UFC Fight Night: Fight for the Troops 2,Chris Cariaso,Will Campuzano,Bantamweight,0,U-DEC,3,5:00
UFC 125: Resolution,Frankie Edgar,Gray Maynard,Lightweight,1,S-DEC,5,5:00
UFC 125: Resolution,Brian Stann,Chris Leben,Middleweight,0,KO/TKO Knee,1,3:37
UFC 125: Resolution,Brandon Vera,Thiago Silva,Light Heavyweight,0,Overturned,3,5:00
UFC 125: Resolution,Dong Hyun Kim,Nate Diaz,Welterweight,0,U-DEC,3,5:00
UFC 125: Resolution,Clay Guida,Takanori Gomi,Lightweight,0,SUB Guillotine Choke,2,4:27
UFC 125: Resolution,Jeremy Stephens,Marcus Davis,Lightweight,0,KO/TKO Punch,3,2:33
UFC 125: Resolution,Dustin Poirier,Josh Grispi,Featherweight,0,U-DEC,3,5:00
UFC 125: Resolution,Brad Tavares,Phil Baroni,Middleweight,0,KO/TKO Punches,1,4:20
UFC 125: Resolution,Diego Nunes,Mike Brown,Featherweight,0,S-DEC,3,5:00
UFC 125: Resolution,Daniel Roberts,Greg Soto,Welterweight,0,SUB Kimura,1,3:45
UFC 125: Resolution,Jacob Volkmann,Antonio McKee,Lightweight,0,S-DEC,3,5:00
UFC 124: St-Pierre vs Koscheck 2,Georges St-Pierre,Josh Koscheck,Welterweight,1,U-DEC,5,5:00
UFC 124: St-Pierre vs Koscheck 2,Stefan Struve,Sean McCorkle,Heavyweight,0,KO/TKO Punches,1,3:55
UFC 124: St-Pierre vs Koscheck 2,Jim Miller,Charles Oliveira,Lightweight,0,SUB Kneebar,1,1:59
UFC 124: St-Pierre vs Koscheck 2,Mac Danzig,Joe Stevenson,Lightweight,0,KO/TKO Punch,1,1:54
UFC 124: St-Pierre vs Koscheck 2,Thiago Alves,John Howard,Welterweight,0,U-DEC,3,5:00
UFC 124: St-Pierre vs Koscheck 2,Dan Miller,Joe Doerksen,Middleweight,0,S-DEC,3,5:00
UFC 124: St-Pierre vs Koscheck 2,Mark Bocek,Dustin Hazelett,Lightweight,0,SUB Triangle Choke,1,2:33
UFC 124: St-Pierre vs Koscheck 2,Jesse Bongfeldt,Rafael Natal,Middleweight,0,M-DEC,3,5:00
UFC 124: St-Pierre vs Koscheck 2,Sean Pierson,Matthew Riddle,Welterweight,0,U-DEC,3,5:00
UFC 124: St-Pierre vs Koscheck 2,Ricardo Almeida,TJ Grant,Welterweight,0,U-DEC,3,5:00
UFC 124: St-Pierre vs Koscheck 2,John Makdessi,Pat Audinwood,Lightweight,0,U-DEC,3,5:00
The Ultimate Fighter: Team GSP vs Team Koscheck Finale,Jonathan Brookins,Michael Johnson,Lightweight,1,U-DEC,3,5:00
The Ultimate Fighter: Team GSP vs Team Koscheck Finale,Stephan Bonnar,Igor Pokrajac,Light Heavyweight,0,U-DEC,3,5:00
The Ultimate Fighter: Team GSP vs Team Koscheck Finale,Demian Maia,Kendall Grove,Middleweight,0,U-DEC,3,5:00
The Ultimate Fighter: Team GSP vs Team Koscheck Finale,Rick Story,Johny Hendricks,Welterweight,0,U-DEC,3,5:00
The Ultimate Fighter: Team GSP vs Team Koscheck Finale,Leonard Garcia,Nam Phan,Featherweight,0,S-DEC,3,5:00
The Ultimate Fighter: Team GSP vs Team Koscheck Finale,Cody McKenzie,Aaron Wilkinson,Lightweight,0,SUB Guillotine Choke,1,2:03
The Ultimate Fighter: Team GSP vs Team Koscheck Finale,Ian Loveland,Tyler Toner,Featherweight,0,U-DEC,3,5:00
The Ultimate Fighter: Team GSP vs Team Koscheck Finale,Kyle Watson,Sako Chivitchian,Lightweight,0,U-DEC,3,5:00
The Ultimate Fighter: Team GSP vs Team Koscheck Finale,Nick Pace,Will Campuzano,Bantamweight,0,SUB Pace/Pillory Choke,3,4:33
The Ultimate Fighter: Team GSP vs Team Koscheck Finale,Pablo Garza,Fredson Paixao,Featherweight,0,KO/TKO Flying Knee,1,0:51
The Ultimate Fighter: Team GSP vs Team Koscheck Finale,David Branch,Rich Attonito,Middleweight,0,U-DEC,3,5:00
UFC 123: Rampage vs Machida,Quinton Jackson,Lyoto Machida,Light Heavyweight,0,S-DEC,3,5:00
UFC 123: Rampage vs Machida,BJ Penn,Matt Hughes,Welterweight,0,KO/TKO Punch,1,0:21
UFC 123: Rampage vs Machida,Maiquel Falcao,Gerald Harris,Middleweight,0,U-DEC,3,5:00
UFC 123: Rampage vs Machida,Phil Davis,Tim Boetsch,Light Heavyweight,0,SUB Kimura,2,2:55
UFC 123: Rampage vs Machida,George Sotiropoulos,Joe Lauzon,Lightweight,0,SUB Kimura,2,2:43
UFC 123: Rampage vs Machida,Brian Foster,Matt Brown,Welterweight,0,SUB Guillotine Choke,2,2:11
UFC 123: Rampage vs Machida,Mark Munoz,Aaron Simpson,Middleweight,0,U-DEC,3,5:00
UFC 123: Rampage vs Machida,Dennis Hallman,Karo Parisyan,Welterweight,0,KO/TKO Punches,1,1:47
UFC 123: Rampage vs Machida,Edson Barboza,Mike Lullo,Lightweight,0,KO/TKO Kicks,3,0:26
UFC 123: Rampage vs Machida,Paul Kelly,TJ O'Brien,Lightweight,0,KO/TKO Elbows,2,3:16
UFC 123: Rampage vs Machida,Nik Lentz,Tyson Griffin,Lightweight,0,S-DEC,3,5:00
UFC 122: Marquardt vs Okami,Yushin Okami,Nate Marquardt,Middleweight,0,U-DEC,3,5:00
UFC 122: Marquardt vs Okami,Dennis Siver,Andre Winner,Lightweight,0,SUB Rear Naked Choke,1,3:37
UFC 122: Marquardt vs Okami,Amir Sadollah,Peter Sobotta,Welterweight,0,U-DEC,3,5:00
UFC 122: Marquardt vs Okami,Krzysztof Soszynski,Goran Reljic,Light Heavyweight,0,U-DEC,3,5:00
UFC 122: Marquardt vs Okami,Duane Ludwig,Nick Osipczak,Welterweight,0,S-DEC,3,5:00
UFC 122: Marquardt vs Okami,Vladimir Matyushenko,Alexandre Ferreira,Light Heavyweight,0,KO/TKO Elbows,1,2:20
UFC 122: Marquardt vs Okami,Pascal Krauss,Mark Scanlon,Welterweight,0,U-DEC,3,5:00
UFC 122: Marquardt vs Okami,Kyle Noke,Rob Kimmons,Middleweight,0,SUB Rear Naked Choke,2,1:33
UFC 122: Marquardt vs Okami,Karlos Vemola,Seth Petruzelli,Light Heavyweight,0,KO/TKO Punches,1,3:46
UFC 122: Marquardt vs Okami,Carlos Eduardo Rocha,Kris McCray,Welterweight,0,SUB Kneebar,1,2:21
UFC 121: Lesnar vs Velasquez,Cain Velasquez,Brock Lesnar,Heavyweight,1,KO/TKO Punches,1,4:12
UFC 121: Lesnar vs Velasquez,Jake Shields,Martin Kampmann,Welterweight,0,S-DEC,3,5:00
UFC 121: Lesnar vs Velasquez,Diego Sanchez,Paulo Thiago,Welterweight,0,U-DEC,3,5:00
UFC 121: Lesnar vs Velasquez,Matt Hamill,Tito Ortiz,Light Heavyweight,0,U-DEC,3,5:00
UFC 121: Lesnar vs Velasquez,Brendan Schaub,Gabriel Gonzaga,Heavyweight,0,U-DEC,3,5:00
UFC 121: Lesnar vs Velasquez,Court McGee,Ryan Jensen,Middleweight,0,SUB Arm Triangle,3,1:21
UFC 121: Lesnar vs Velasquez,Tom Lawlor,Patrick Cote,Middleweight,0,U-DEC,3,5:00
UFC 121: Lesnar vs Velasquez,Daniel Roberts,Mike Guymon,Welterweight,0,SUB Anaconda Choke,1,1:13
UFC 121: Lesnar vs Velasquez,Sam Stout,Paul Taylor,Lightweight,0,S-DEC,3,5:00
UFC 121: Lesnar vs Velasquez,Chris Camozzi,Dongi Yang,Middleweight,0,S-DEC,3,5:00
UFC 121: Lesnar vs Velasquez,Jon Madsen,Gilbert Yvel,Heavyweight,0,KO/TKO Punches,1,1:48
UFC 120: Bisping vs Akiyama,Michael Bisping,Yoshihiro Akiyama,Middleweight,0,U-DEC,3,5:00
UFC 120: Bisping vs Akiyama,Carlos Condit,Dan Hardy,Welterweight,0,KO/TKO Punch,1,4:27
UFC 120: Bisping vs Akiyama,Mike Pyle,John Hathaway,Welterweight,0,U-DEC,3,5:00
UFC 120: Bisping vs Akiyama,Cheick Kongo,Travis Browne,Heavyweight,0,U-DEC,3,5:00
UFC 120: Bisping vs Akiyama,Claude Patrick,James Wilks,Welterweight,0,U-DEC,3,5:00
UFC 120: Bisping vs Akiyama,Alexander Gustafsson,Cyrille Diabate,Light Heavyweight,0,SUB Rear Naked Choke,2,2:41
UFC 120: Bisping vs Akiyama,Rob Broughton,Vinicius Queiroz,Heavyweight,0,SUB Rear Naked Choke,3,1:43
UFC 120: Bisping vs Akiyama,Paul Sass,Mark Holst,Lightweight,0,SUB Triangle Choke,1,4:45
UFC 120: Bisping vs Akiyama,Spencer Fisher,Curt Warburton,Lightweight,0,U-DEC,3,5:00
UFC 120: Bisping vs Akiyama,Fabio Maldonado,James McSweeney,Light Heavyweight,0,KO/TKO Punches,3,0:48
UFC 119: Mir vs Cro Cop,Frank Mir,Mirko Filipovic,Heavyweight,0,KO/TKO Knee,3,4:02
UFC 119: Mir vs Cro Cop,Ryan Bader,Rogerio Nogueira,Light Heavyweight,0,U-DEC,3,5:00
UFC 119: Mir vs Cro Cop,Chris Lytle,Matt Serra,Welterweight,0,U-DEC,3,5:00
UFC 119: Mir vs Cro Cop,Sean Sherk,Evan Dunham,Lightweight,0,S-DEC,3,5:00
UFC 119: Mir vs Cro Cop,Melvin Guillard,Jeremy Stephens,Lightweight,0,S-DEC,3,5:00
UFC 119: Mir vs Cro Cop,CB Dollaway,Joe Doerksen,Middleweight,0,SUB Guillotine Choke,1,2:13
UFC 119: Mir vs Cro Cop,Matt Mitrione,Joey Beltran,Heavyweight,0,U-DEC,3,5:00
UFC 119: Mir vs Cro Cop,Thiago Tavares,Pat Audinwood,Lightweight,0,SUB Guillotine Choke,1,3:47
UFC 119: Mir vs Cro Cop,Waylon Lowe,Steve Lopez,Lightweight,0,S-DEC,3,5:00
UFC 119: Mir vs Cro Cop,TJ Grant,Julio Paulino,Welterweight,0,U-DEC,3,5:00
UFC 119: Mir vs Cro Cop,Sean McCorkle,Mark Hunt,Heavyweight,0,SUB Straight Armbar,1,1:03
UFC Fight Night: Marquardt vs Palhares,Nate Marquardt,Rousimar Palhares,Middleweight,0,KO/TKO Punches,1,3:28
UFC Fight Night: Marquardt vs Palhares,Charles Oliveira,Efrain Escudero,Lightweight,0,SUB Rear Naked Choke,3,2:25
UFC Fight Night: Marquardt vs Palhares,Jim Miller,Gleison Tibau,Lightweight,0,U-DEC,3,5:00
UFC Fight Night: Marquardt vs Palhares,Cole Miller,Ross Pearson,Lightweight,0,SUB Rear Naked Choke,2,1:49
UFC Fight Night: Marquardt vs Palhares,Yves Edwards,John Gunderson,Lightweight,0,U-DEC,3,5:00
UFC Fight Night: Marquardt vs Palhares,Kyle Kingsbury,Jared Hamman,Light Heavyweight,0,U-DEC,3,5:00
UFC Fight Night: Marquardt vs Palhares,David Branch,Tomasz Drwal,Middleweight,0,U-DEC,3,5:00
UFC Fight Night: Marquardt vs Palhares,Rich Attonito,Rafael Natal,Middleweight,0,U-DEC,3,5:00
UFC Fight Night: Marquardt vs Palhares,TJ Waldburger,David Mitchell,Welterweight,0,U-DEC,3,5:00
UFC Fight Night: Marquardt vs Palhares,Brian Foster,Forrest Petz,Welterweight,0,KO/TKO Punches,1,1:07
UFC 118: Edgar vs Penn 2,Frankie Edgar,BJ Penn,Lightweight,1,U-DEC,5,5:00
UFC 118: Edgar vs Penn 2,Randy Couture,James Toney,Heavyweight,0,SUB Arm Triangle,1,3:19
UFC 118: Edgar vs Penn 2,Demian Maia,Mario Miranda,Middleweight,0,U-DEC,3,5:00
UFC 118: Edgar vs Penn 2,Gray Maynard,Kenny Florian,Lightweight,0,U-DEC,3,5:00
UFC 118: Edgar vs Penn 2,Nate Diaz,Marcus Davis,Welterweight,0,SUB Guillotine Choke,3,4:02
UFC 118: Edgar vs Penn 2,Joe Lauzon,Gabe Ruediger,Lightweight,0,SUB Armbar,1,2:01
UFC 118: Edgar vs Penn 2,Nik Lentz,Andre Winner,Lightweight,0,U-DEC,3,5:00
UFC 118: Edgar vs Penn 2,Dan Miller,John Salter,Middleweight,0,SUB Guillotine Choke,2,1:53
UFC 118: Edgar vs Penn 2,Greg Soto,Nick Osipczak,Welterweight,0,U-DEC,3,5:00
UFC 118: Edgar vs Penn 2,Mike Pierce,Amilcar Alves,Welterweight,0,SUB Armbar,3,3:11
UFC 117: Silva vs Sonnen,Anderson Silva,Chael Sonnen,Middleweight,1,SUB Triangle Armbar,5,3:10
UFC 117: Silva vs Sonnen,Jon Fitch,Thiago Alves,Welterweight,0,U-DEC,3,5:00
UFC 117: Silva vs Sonnen,Clay Guida,Rafael Dos Anjos,Lightweight,0,SUB Injury,3,1:51
UFC 117: Silva vs Sonnen,Matt Hughes,Ricardo Almeida,Welterweight,0,SUB Schultz Front Headlock,1,3:15
UFC 117: Silva vs Sonnen,Junior Dos Santos,Roy Nelson,Heavyweight,0,U-DEC,3,5:00
UFC 117: Silva vs Sonnen,Rick Story,Dustin Hazelett,Welterweight,0,KO/TKO Punches,2,1:15
UFC 117: Silva vs Sonnen,Phil Davis,Rodney Wallace,Light Heavyweight,0,U-DEC,3,5:00
UFC 117: Silva vs Sonnen,Johny Hendricks,Charlie Brenneman,Welterweight,0,KO/TKO Punches,2,0:40
UFC 117: Silva vs Sonnen,Tim Boetsch,Todd Brown,Light Heavyweight,0,U-DEC,3,5:00
UFC 117: Silva vs Sonnen,Stefan Struve,Christian Morecraft,Heavyweight,0,KO/TKO Punch,2,0:22
UFC 117: Silva vs Sonnen,Dennis Hallman,Ben Saunders,Welterweight,0,U-DEC,3,5:00
UFC Live: Jones vs Matyushenko,Jon Jones,Vladimir Matyushenko,Light Heavyweight,0,KO/TKO Elbows,1,1:52
UFC Live: Jones vs Matyushenko,Yushin Okami,Mark Munoz,Middleweight,0,S-DEC,3,5:00
UFC Live: Jones vs Matyushenko,Jake Ellenberger,John Howard,Welterweight,0,KO/TKO,3,2:21
UFC Live: Jones vs Matyushenko,Takanori Gomi,Tyson Griffin,Lightweight,0,KO/TKO Punch,1,1:04
UFC Live: Jones vs Matyushenko,Jacob Volkmann,Paul Kelly,Lightweight,0,U-DEC,3,5:00
UFC Live: Jones vs Matyushenko,Matthew Riddle,DaMarques Johnson,Welterweight,0,KO/TKO Punches,2,4:29
UFC Live: Jones vs Matyushenko,Igor Pokrajac,James Irvin,Light Heavyweight,0,SUB Rear Naked Choke,1,2:29
UFC Live: Jones vs Matyushenko,Brian Stann,Mike Massenzio,Middleweight,0,SUB Triangle Choke,3,3:10
UFC Live: Jones vs Matyushenko,Charles Oliveira,Darren Elkins,Lightweight,0,SUB Triangle Armbar,1,0:41
UFC Live: Jones vs Matyushenko,Rob Kimmons,Steve Steinbeiss,Middleweight,0,U-DEC,3,5:00
UFC 116: Lesnar vs Carwin,Brock Lesnar,Shane Carwin,Heavyweight,1,SUB Arm Triangle,2,2:19
UFC 116: Lesnar vs Carwin,Chris Leben,Yoshihiro Akiyama,Middleweight,0,SUB Triangle Choke,3,4:40
UFC 116: Lesnar vs Carwin,Chris Lytle,Matt Brown,Welterweight,0,SUB Armbar,2,2:02
UFC 116: Lesnar vs Carwin,Stephan Bonnar,Krzysztof Soszynski,Light Heavyweight,0,KO/TKO Punches,2,3:08
UFC 116: Lesnar vs Carwin,George Sotiropoulos,Kurt Pellegrino,Lightweight,0,U-DEC,3,5:00
UFC 116: Lesnar vs Carwin,Brendan Schaub,Chris Tuchscherer,Heavyweight,0,KO/TKO Punch,1,1:07
UFC 116: Lesnar vs Carwin,Ricardo Romero,Seth Petruzelli,Light Heavyweight,0,SUB Armbar,2,3:05
UFC 116: Lesnar vs Carwin,Kendall Grove,Goran Reljic,Middleweight,0,S-DEC,3,5:00
UFC 116: Lesnar vs Carwin,Gerald Harris,David Branch,Middleweight,0,KO/TKO Slam,3,2:35
UFC 116: Lesnar vs Carwin,Daniel Roberts,Forrest Petz,Welterweight,0,S-DEC,3,5:00
UFC 116: Lesnar vs Carwin,Jon Madsen,Karlos Vemola,Heavyweight,0,U-DEC,3,5:00
The Ultimate Fighter: Team Liddell vs Team Ortiz Finale,Court McGee,Kris McCray,Middleweight,1,SUB Rear Naked Choke,2,3:41
The Ultimate Fighter: Team Liddell vs Team Ortiz Finale,Matt Hamill,Keith Jardine,Light Heavyweight,0,M-DEC,3,5:00
The Ultimate Fighter: Team Liddell vs Team Ortiz Finale,Chris Leben,Aaron Simpson,Middleweight,0,KO/TKO Punches,2,4:17
The Ultimate Fighter: Team Liddell vs Team Ortiz Finale,Dennis Siver,Spencer Fisher,Lightweight,0,U-DEC,3,5:00
The Ultimate Fighter: Team Liddell vs Team Ortiz Finale,Rich Attonito,Jamie Yager,Middleweight,0,KO/TKO Punches,2,4:25
The Ultimate Fighter: Team Liddell vs Team Ortiz Finale,John Gunderson,Mark Holst,Lightweight,0,U-DEC,3,5:00
The Ultimate Fighter: Team Liddell vs Team Ortiz Finale,Brad Tavares,Seth Baczynski,Middleweight,0,U-DEC,3,5:00
The Ultimate Fighter: Team Liddell vs Team Ortiz Finale,Kyle Noke,Josh Bryant,Middleweight,0,KO/TKO Punches,2,3:12
The Ultimate Fighter: Team Liddell vs Team Ortiz Finale,Chris Camozzi,James Hammortree,Middleweight,0,U-DEC,3,5:00
The Ultimate Fighter: Team Liddell vs Team Ortiz Finale,Travis Browne,James McSweeney,Heavyweight,0,KO/TKO Punches,1,4:32
UFC 115: Liddell vs Franklin,Rich Franklin,Chuck Liddell,Light Heavyweight,0,KO/TKO Punch,1,4:55
UFC 115: Liddell vs Franklin,Mirko Filipovic,Pat Barry,Heavyweight,0,SUB Rear Naked Choke,3,4:30
UFC 115: Liddell vs Franklin,Martin Kampmann,Paulo Thiago,Welterweight,0,U-DEC,3,5:00
UFC 115: Liddell vs Franklin,Ben Rothwell,Gilbert Yvel,Heavyweight,0,U-DEC,3,5:00
UFC 115: Liddell vs Franklin,Carlos Condit,Rory MacDonald,Welterweight,0,KO/TKO Punches,3,4:53
UFC 115: Liddell vs Franklin,Evan Dunham,Tyson Griffin,Lightweight,0,S-DEC,3,5:00
UFC 115: Liddell vs Franklin,Matt Wiman,Mac Danzig,Lightweight,0,SUB Guillotine Choke,1,1:45
UFC 115: Liddell vs Franklin,Mario Miranda,David Loiseau,Middleweight,0,KO/TKO Elbows,2,4:07
UFC 115: Liddell vs Franklin,James Wilks,Peter Sobotta,Welterweight,0,U-DEC,3,5:00
UFC 115: Liddell vs Franklin,Claude Patrick,Ricardo Funch,Welterweight,0,SUB Guillotine Choke,2,1:48
UFC 115: Liddell vs Franklin,Mike Pyle,Jesse Lennox,Welterweight,0,SUB Triangle Choke,3,4:44
UFC 114: Rampage vs Evans,Rashad Evans,Quinton Jackson,Light Heavyweight,0,U-DEC,3,5:00
UFC 114: Rampage vs Evans,Michael Bisping,Dan Miller,Middleweight,0,U-DEC,3,5:00
UFC 114: Rampage vs Evans,Mike Russow,Todd Duffee,Heavyweight,0,KO/TKO Punch,3,2:35
UFC 114: Rampage vs Evans,Rogerio Nogueira,Jason Brilz,Light Heavyweight,0,S-DEC,3,5:00
UFC 114: Rampage vs Evans,John Hathaway,Diego Sanchez,Welterweight,0,U-DEC,3,5:00
UFC 114: Rampage vs Evans,Dong Hyun Kim,Amir Sadollah,Welterweight,0,U-DEC,3,5:00
UFC 114: Rampage vs Evans,Efrain Escudero,Dan Lauzon,Lightweight,0,U-DEC,3,5:00
UFC 114: Rampage vs Evans,Melvin Guillard,Waylon Lowe,Lightweight,0,KO/TKO Knee,1,3:28
UFC 114: Rampage vs Evans,Cyrille Diabate,Luiz Cane,Light Heavyweight,0,KO/TKO Punches,1,2:13
UFC 114: Rampage vs Evans,Aaron Riley,Joe Brammer,Lightweight,0,U-DEC,3,5:00
UFC 114: Rampage vs Evans,Ryan Jensen,Jesse Forbes,Middleweight,0,SUB Guillotine Choke,1,1:06
UFC 113: Machida vs Shogun 2,Mauricio Rua,Lyoto Machida,Light Heavyweight,1,KO/TKO Punches,1,3:35
UFC 113: Machida vs Shogun 2,Josh Koscheck,Paul Daley,Welterweight,0,U-DEC,3,5:00
UFC 113: Machida vs Shogun 2,Jeremy Stephens,Sam Stout,Lightweight,0,S-DEC,3,5:00
UFC 113: Machida vs Shogun 2,Matt Mitrione,Kevin Ferguson,Heavyweight,0,KO/TKO Punches,2,4:24
UFC 113: Machida vs Shogun 2,Alan Belcher,Patrick Cote,Middleweight,0,SUB Rear Naked Choke,2,3:25
UFC 113: Machida vs Shogun 2,Joe Doerksen,Tom Lawlor,Middleweight,0,SUB Rear Naked Choke,2,2:10
UFC 113: Machida vs Shogun 2,Marcus Davis,Jonathan Goulet,Welterweight,0,KO/TKO Punches,2,1:23
UFC 113: Machida vs Shogun 2,Johny Hendricks,TJ Grant,Welterweight,0,M-DEC,3,5:00
UFC 113: Machida vs Shogun 2,Joey Beltran,Tim Hague,Heavyweight,0,U-DEC,3,5:00
UFC 113: Machida vs Shogun 2,Mike Guymon,Yoshiyuki Yoshida,Welterweight,0,U-DEC,3,5:00
UFC 113: Machida vs Shogun 2,John Salter,Jason MacDonald,Middleweight,0,KO/TKO,1,2:42
UFC 112: Invincible,Anderson Silva,Demian Maia,Middleweight,1,U-DEC,5,5:00
UFC 112: Invincible,Frankie Edgar,BJ Penn,Lightweight,1,U-DEC,5,5:00
UFC 112: Invincible,Matt Hughes,Renzo Gracie,Welterweight,0,KO/TKO Punches,3,4:40
UFC 112: Invincible,Rafael Dos Anjos,Terry Etim,Lightweight,0,SUB Armbar,2,4:30
UFC 112: Invincible,Mark Munoz,Kendall Grove,Middleweight,0,KO/TKO Punches,2,2:50
UFC 112: Invincible,Phil Davis,Alexander Gustafsson,Light Heavyweight,0,SUB Anaconda Choke,1,4:55
UFC 112: Invincible,Rick Story,Nick Osipczak,Welterweight,0,S-DEC,3,5:00
UFC 112: Invincible,DaMarques Johnson,Brad Blackburn,Welterweight,0,KO/TKO Kick,3,2:08
UFC 112: Invincible,Paul Kelly,Matt Veach,Lightweight,0,SUB Guillotine Choke,2,3:41
UFC 112: Invincible,Jon Madsen,Mostapha Al-Turk,Heavyweight,0,U-DEC,3,5:00
UFC Fight Night: Florian vs Gomi,Kenny Florian,Takanori Gomi,Lightweight,0,SUB Rear Naked Choke,3,2:52
UFC Fight Night: Florian vs Gomi,Roy Nelson,Stefan Struve,Heavyweight,0,KO/TKO Punch,1,0:39
UFC Fight Night: Florian vs Gomi,Jorge Rivera,Nate Quarry,Middleweight,0,KO/TKO Punches,2,0:29
UFC Fight Night: Florian vs Gomi,Ross Pearson,Dennis Siver,Lightweight,0,U-DEC,3,5:00
UFC Fight Night: Florian vs Gomi,Andre Winner,Rafaello Oliveira,Lightweight,0,U-DEC,3,5:00
UFC Fight Night: Florian vs Gomi,Jacob Volkmann,Ronys Torres,Lightweight,0,S-DEC,3,5:00
UFC Fight Night: Florian vs Gomi,Nik Lentz,Rob Emerson,Lightweight,0,U-DEC,3,5:00
UFC Fight Night: Florian vs Gomi,Gleison Tibau,Caol Uno,Lightweight,0,KO/TKO Punches,1,4:13
UFC Fight Night: Florian vs Gomi,Yushin Okami,Lucio Linhares,Middleweight,0,KO/TKO,2,2:47
UFC Fight Night: Florian vs Gomi,Gerald Harris,Mario Miranda,Middleweight,0,KO/TKO Punches,1,4:49
UFC Fight Night: Florian vs Gomi,Charlie Brenneman,Jason High,Welterweight,0,U-DEC,3,5:00
UFC 111: St-Pierre vs Hardy,Georges St-Pierre,Dan Hardy,Welterweight,1,U-DEC,5,5:00
UFC 111: St-Pierre vs Hardy,Shane Carwin,Frank Mir,Heavyweight,1,KO/TKO Punches,1,3:48
UFC 111: St-Pierre vs Hardy,Kurt Pellegrino,Fabricio Camoes,Lightweight,0,SUB Rear Naked Choke,2,4:20
UFC 111: St-Pierre vs Hardy,Jon Fitch,Ben Saunders,Welterweight,0,U-DEC,3,5:00
UFC 111: St-Pierre vs Hardy,Jim Miller,Mark Bocek,Lightweight,0,U-DEC,3,5:00
UFC 111: St-Pierre vs Hardy,Nate Diaz,Rory Markham,Welterweight,0,KO/TKO Punches,1,2:47
UFC 111: St-Pierre vs Hardy,Ricardo Almeida,Matt Brown,Welterweight,0,SUB Rear Naked Choke,2,3:30
UFC 111: St-Pierre vs Hardy,Rousimar Palhares,Tomasz Drwal,Middleweight,0,SUB Heel Hook,1,0:45
UFC 111: St-Pierre vs Hardy,Jared Hamman,Rodney Wallace,Light Heavyweight,0,U-DEC,3,5:00
UFC 111: St-Pierre vs Hardy,Matthew Riddle,Greg Soto,Welterweight,0,DQ,3,1:30
UFC Live: Vera vs Jones,Jon Jones,Brandon Vera,Light Heavyweight,0,KO/TKO Elbow,1,3:19
UFC Live: Vera vs Jones,Junior Dos Santos,Gabriel Gonzaga,Heavyweight,0,KO/TKO Punches,1,3:53
UFC Live: Vera vs Jones,Cheick Kongo,Paul Buentello,Heavyweight,0,KO/TKO Elbows,3,1:16
UFC Live: Vera vs Jones,Alessio Sakara,James Irvin,Middleweight,0,KO/TKO,1,3:01
UFC Live: Vera vs Jones,Clay Guida,Shannon Gugerty,Lightweight,0,SUB Arm Triangle,2,3:40
UFC Live: Vera vs Jones,Vladimir Matyushenko,Eliot Marshall,Light Heavyweight,0,S-DEC,3,5:00
UFC Live: Vera vs Jones,Darren Elkins,Duane Ludwig,Lightweight,0,KO/TKO,1,0:44
UFC Live: Vera vs Jones,John Howard,Daniel Roberts,Welterweight,0,KO/TKO Punch,1,2:01
UFC Live: Vera vs Jones,Brendan Schaub,Chase Gormley,Heavyweight,0,KO/TKO Punches,1,0:47
UFC Live: Vera vs Jones,Mike Pierce,Julio Paulino,Welterweight,0,U-DEC,3,5:00
UFC Live: Vera vs Jones,Jason Brilz,Eric Schafer,Light Heavyweight,0,U-DEC,3,5:00
UFC 110: Nogueira vs Velasquez,Cain Velasquez,Antonio Rodrigo Nogueira,Heavyweight,0,KO/TKO Punch,1,2:20
UFC 110: Nogueira vs Velasquez,Wanderlei Silva,Michael Bisping,Middleweight,0,U-DEC,3,5:00
UFC 110: Nogueira vs Velasquez,George Sotiropoulos,Joe Stevenson,Lightweight,0,U-DEC,3,5:00
UFC 110: Nogueira vs Velasquez,Ryan Bader,Keith Jardine,Light Heavyweight,0,KO/TKO Punch,3,2:10
UFC 110: Nogueira vs Velasquez,Mirko Filipovic,Anthony Perosh,Heavyweight,0,KO/TKO,2,5:00
UFC 110: Nogueira vs Velasquez,Krzysztof Soszynski,Stephan Bonnar,Light Heavyweight,0,KO/TKO,3,1:04
UFC 110: Nogueira vs Velasquez,Chris Lytle,Brian Foster,Welterweight,0,SUB Kneebar,1,1:41
UFC 110: Nogueira vs Velasquez,CB Dollaway,Goran Reljic,Middleweight,0,U-DEC,3,5:00
UFC 110: Nogueira vs Velasquez,James Te Huna,Igor Pokrajac,Light Heavyweight,0,KO/TKO Punches,3,3:26
UFC 109: Relentless,Randy Couture,Mark Coleman,Light Heavyweight,0,SUB Rear Naked Choke,2,1:09
UFC 109: Relentless,Chael Sonnen,Nate Marquardt,Middleweight,0,U-DEC,3,5:00
UFC 109: Relentless,Paulo Thiago,Mike Swick,Welterweight,0,SUB D'Arce Choke,2,1:54
UFC 109: Relentless,Demian Maia,Dan Miller,Middleweight,0,U-DEC,3,5:00
UFC 109: Relentless,Matt Serra,Frank Trigg,Welterweight,0,KO/TKO Punch,1,2:23
UFC 109: Relentless,Mac Danzig,Justin Buchholz,Lightweight,0,U-DEC,3,5:00
UFC 109: Relentless,Melvin Guillard,Ronys Torres,Lightweight,0,U-DEC,3,5:00
UFC 109: Relentless,Rob Emerson,Phillipe Nover,Lightweight,0,U-DEC,3,5:00
UFC 109: Relentless,Phil Davis,Brian Stann,Light Heavyweight,0,U-DEC,3,5:00
UFC 109: Relentless,Chris Tuchscherer,Tim Hague,Heavyweight,0,M-DEC,3,5:00
UFC 109: Relentless,Joey Beltran,Rolles Gracie,Heavyweight,0,KO/TKO Punches,2,1:31
UFC Fight Night: Maynard vs Diaz,Gray Maynard,Nate Diaz,Lightweight,0,S-DEC,3,5:00
UFC Fight Night: Maynard vs Diaz,Evan Dunham,Efrain Escudero,Lightweight,0,SUB Armbar,3,1:59
UFC Fight Night: Maynard vs Diaz,Aaron Simpson,Tom Lawlor,Middleweight,0,S-DEC,3,5:00
UFC Fight Night: Maynard vs Diaz,Amir Sadollah,Brad Blackburn,Welterweight,0,U-DEC,3,5:00
UFC Fight Night: Maynard vs Diaz,Chris Leben,Jay Silva,Middleweight,0,U-DEC,3,5:00
UFC Fight Night: Maynard vs Diaz,Rick Story,Jesse Lennox,Welterweight,0,S-DEC,3,5:00
UFC Fight Night: Maynard vs Diaz,Thiago Tavares,Nik Lentz,Lightweight,0,M-DEC,3,5:00
UFC Fight Night: Maynard vs Diaz,Rory MacDonald,Mike Guymon,Welterweight,0,SUB Armbar,1,4:27
UFC Fight Night: Maynard vs Diaz,Rafael Dos Anjos,Kyle Bradley,Lightweight,0,U-DEC,3,5:00
UFC Fight Night: Maynard vs Diaz,Gerald Harris,John Salter,Middleweight,0,KO/TKO Punches,3,3:24
UFC Fight Night: Maynard vs Diaz,Nick Catone,Jesse Forbes,Middleweight,0,S-DEC,3,5:00
UFC 108: Evans vs Silva,Rashad Evans,Thiago Silva,Light Heavyweight,0,U-DEC,3,5:00
UFC 108: Evans vs Silva,Paul Daley,Dustin Hazelett,Welterweight,0,KO/TKO Punch,1,2:24
UFC 108: Evans vs Silva,Sam Stout,Joe Lauzon,Lightweight,0,U-DEC,3,5:00
UFC 108: Evans vs Silva,Jim Miller,Duane Ludwig,Lightweight,0,SUB Armbar,1,2:31
UFC 108: Evans vs Silva,Junior Dos Santos,Gilbert Yvel,Heavyweight,0,KO/TKO Punch,1,2:07
UFC 108: Evans vs Silva,Martin Kampmann,Jacob Volkmann,Welterweight,0,SUB Guillotine Choke,1,4:03
UFC 108: Evans vs Silva,Cole Miller,Dan Lauzon,Lightweight,0,SUB Inverted Triangle,1,3:05
UFC 108: Evans vs Silva,Mark Munoz,Ryan Jensen,Middleweight,0,KO/TKO Punches,1,2:30
UFC 108: Evans vs Silva,Jake Ellenberger,Mike Pyle,Welterweight,0,KO/TKO Punch,2,0:22
UFC 108: Evans vs Silva,Rafaello Oliveira,John Gunderson,Lightweight,0,U-DEC,3,5:00
UFC 107: Penn vs Sanchez,BJ Penn,Diego Sanchez,Lightweight,1,KO/TKO,5,2:37
UFC 107: Penn vs Sanchez,Frank Mir,Cheick Kongo,Heavyweight,0,SUB Guillotine Choke,1,1:12
UFC 107: Penn vs Sanchez,Jon Fitch,Mike Pierce,Welterweight,0,U-DEC,3,5:00
UFC 107: Penn vs Sanchez,Kenny Florian,Clay Guida,Lightweight,0,SUB Rear Naked Choke,2,2:19
UFC 107: Penn vs Sanchez,Stefan Struve,Paul Buentello,Heavyweight,0,M-DEC,3,5:00
UFC 107: Penn vs Sanchez,Alan Belcher,Wilson Gouveia,Catch Weight,0,KO/TKO Punches,1,3:03
UFC 107: Penn vs Sanchez,Matt Wiman,Shane Nelson,Lightweight,0,U-DEC,3,5:00
UFC 107: Penn vs Sanchez,Johny Hendricks,Ricardo Funch,Welterweight,0,U-DEC,3,5:00
UFC 107: Penn vs Sanchez,Rousimar Palhares,Lucio Linhares,Middleweight,0,SUB Heel Hook,2,3:21
UFC 107: Penn vs Sanchez,DaMarques Johnson,Edgar Garcia,Welterweight,0,SUB Triangle Choke,1,4:03
UFC 107: Penn vs Sanchez,TJ Grant,Kevin Burns,Welterweight,0,KO/TKO Punch,1,4:57
The Ultimate Fighter: Heavyweights Finale,Roy Nelson,Brendan Schaub,Heavyweight,1,KO/TKO Punch,1,3:45
The Ultimate Fighter: Heavyweights Finale,Matt Hamill,Jon Jones,Light Heavyweight,0,DQ,1,4:14
The Ultimate Fighter: Heavyweights Finale,Kevin Ferguson,Houston Alexander,Catch Weight,0,U-DEC,3,5:00
The Ultimate Fighter: Heavyweights Finale,Frankie Edgar,Matt Veach,Lightweight,0,SUB Rear Naked Choke,2,2:20
The Ultimate Fighter: Heavyweights Finale,Matt Mitrione,Marcus Jones,Heavyweight,0,KO/TKO Punches,2,0:10
The Ultimate Fighter: Heavyweights Finale,James McSweeney,Darrill Schoonover,Heavyweight,0,KO/TKO Knee,3,3:20
The Ultimate Fighter: Heavyweights Finale,Jon Madsen,Justin Wren,Heavyweight,0,S-DEC,3,5:00
The Ultimate Fighter: Heavyweights Finale,Brian Stann,Rodney Wallace,Light Heavyweight,0,U-DEC,3,5:00
The Ultimate Fighter: Heavyweights Finale,John Howard,Dennis Hallman,Welterweight,0,KO/TKO Punches,3,4:55
The Ultimate Fighter: Heavyweights Finale,Mark Bocek,Joe Brammer,Lightweight,0,SUB Rear Naked Choke,1,3:36
UFC 106: Ortiz vs Griffin 2,Forrest Griffin,Tito Ortiz,Light Heavyweight,0,S-DEC,3,5:00
UFC 106: Ortiz vs Griffin 2,Josh Koscheck,Anthony Johnson,Welterweight,0,SUB Rear Naked Choke,2,4:47
UFC 106: Ortiz vs Griffin 2,Paulo Thiago,Jacob Volkmann,Welterweight,0,U-DEC,3,5:00
UFC 106: Ortiz vs Griffin 2,Rogerio Nogueira,Luiz Cane,Light Heavyweight,0,KO/TKO Punch,1,1:56
UFC 106: Ortiz vs Griffin 2,Amir Sadollah,Phil Baroni,Welterweight,0,U-DEC,3,5:00
UFC 106: Ortiz vs Griffin 2,Ben Saunders,Marcus Davis,Welterweight,0,KO/TKO Knee,1,3:24
UFC 106: Ortiz vs Griffin 2,Kendall Grove,Jake Rosholt,Middleweight,0,SUB Triangle Choke,1,3:59
UFC 106: Ortiz vs Griffin 2,Brian Foster,Brock Larson,Welterweight,0,KO/TKO Punches,2,3:25
UFC 106: Ortiz vs Griffin 2,Caol Uno,Fabricio Camoes,Lightweight,0,M-DEC,3,5:00
UFC 106: Ortiz vs Griffin 2,George Sotiropoulos,Jason Dent,Lightweight,0,SUB Armbar,2,4:36
UFC 105: Couture vs Vera,Randy Couture,Brandon Vera,Light Heavyweight,0,U-DEC,3,5:00
UFC 105: Couture vs Vera,Dan Hardy,Mike Swick,Welterweight,0,U-DEC,3,5:00
UFC 105: Couture vs Vera,Michael Bisping,Denis Kang,Middleweight,0,KO/TKO Punches,2,4:24
UFC 105: Couture vs Vera,Matt Brown,James Wilks,Welterweight,0,KO/TKO Punches,3,2:27
UFC 105: Couture vs Vera,Ross Pearson,Aaron Riley,Lightweight,0,KO/TKO,2,4:38
UFC 105: Couture vs Vera,John Hathaway,Paul Taylor,Welterweight,0,U-DEC,3,5:00
UFC 105: Couture vs Vera,Terry Etim,Shannon Gugerty,Lightweight,0,SUB Guillotine Choke,2,1:24
UFC 105: Couture vs Vera,Nick Osipczak,Matthew Riddle,Welterweight,0,KO/TKO Punches,3,3:53
UFC 105: Couture vs Vera,Dennis Siver,Paul Kelly,Lightweight,0,KO/TKO Punches,2,2:53
UFC 105: Couture vs Vera,Alexander Gustafsson,Jared Hamman,Light Heavyweight,0,KO/TKO Punch,1,0:41
UFC 105: Couture vs Vera,Andre Winner,Rolando Delgado,Lightweight,0,KO/TKO Punch,1,3:22
UFC 104: Machida vs Shogun,Lyoto Machida,Mauricio Rua,Light Heavyweight,1,U-DEC,5,5:00
UFC 104: Machida vs Shogun,Cain Velasquez,Ben Rothwell,Heavyweight,0,KO/TKO Punches,2,0:58
UFC 104: Machida vs Shogun,Gleison Tibau,Josh Neer,Lightweight,0,U-DEC,3,5:00
UFC 104: Machida vs Shogun,Joe Stevenson,Spencer Fisher,Lightweight,0,KO/TKO Elbows,2,4:03
UFC 104: Machida vs Shogun,Anthony Johnson,Yoshiyuki Yoshida,Welterweight,0,KO/TKO Punch,1,0:41
UFC 104: Machida vs Shogun,Ryan Bader,Eric Schafer,Light Heavyweight,0,U-DEC,3,5:00
UFC 104: Machida vs Shogun,Pat Barry,Antoni Hardonk,Heavyweight,0,KO/TKO Punches,2,2:30
UFC 104: Machida vs Shogun,Chael Sonnen,Yushin Okami,Middleweight,0,U-DEC,3,5:00
UFC 104: Machida vs Shogun,Jorge Rivera,Rob Kimmons,Middleweight,0,KO/TKO Punches,3,1:53
UFC 104: Machida vs Shogun,Kyle Kingsbury,Razak Al-Hassan,Light Heavyweight,0,S-DEC,3,5:00
UFC 104: Machida vs Shogun,Stefan Struve,Chase Gormley,Heavyweight,0,SUB Triangle Choke,1,4:04
UFC 103: Franklin vs Belfort,Vitor Belfort,Rich Franklin,Catch Weight,0,KO/TKO Punch,1,3:02
UFC 103: Franklin vs Belfort,Junior Dos Santos,Mirko Filipovic,Heavyweight,0,KO/TKO Punches,3,2:00
UFC 103: Franklin vs Belfort,Paul Daley,Martin Kampmann,Welterweight,0,KO/TKO Punches,1,2:31
UFC 103: Franklin vs Belfort,Josh Koscheck,Frank Trigg,Welterweight,0,KO/TKO Punch,1,1:25
UFC 103: Franklin vs Belfort,Tyson Griffin,Hermes Franca,Lightweight,0,KO/TKO Punch,2,3:26
UFC 103: Franklin vs Belfort,Efrain Escudero,Cole Miller,Lightweight,0,KO/TKO Punch,1,3:36
UFC 103: Franklin vs Belfort,Tomasz Drwal,Drew McFedries,Middleweight,0,SUB Rear Naked Choke,2,1:03
UFC 103: Franklin vs Belfort,Jim Miller,Steve Lopez,Lightweight,0,KO/TKO,2,0:48
UFC 103: Franklin vs Belfort,Nik Lentz,Rafaello Oliveira,Lightweight,0,U-DEC,3,5:00
UFC 103: Franklin vs Belfort,Rick Story,Brian Foster,Welterweight,0,SUB Arm Triangle,2,1:09
UFC 103: Franklin vs Belfort,Eliot Marshall,Jason Brilz,Light Heavyweight,0,S-DEC,3,5:00
UFC 103: Franklin vs Belfort,Vladimir Matyushenko,Igor Pokrajac,Light Heavyweight,0,U-DEC,3,5:00
UFC 103: Franklin vs Belfort,Rafael Dos Anjos,Rob Emerson,Lightweight,0,U-DEC,3,5:00
UFC Fight Night: Diaz vs Guillard,Nate Diaz,Melvin Guillard,Lightweight,0,SUB Guillotine Choke,2,2:13
UFC Fight Night: Diaz vs Guillard,Gray Maynard,Roger Huerta,Lightweight,0,S-DEC,3,5:00
UFC Fight Night: Diaz vs Guillard,Carlos Condit,Jake Ellenberger,Welterweight,0,S-DEC,3,5:00
UFC Fight Night: Diaz vs Guillard,Nate Quarry,Tim Credeur,Middleweight,0,U-DEC,3,5:00
UFC Fight Night: Diaz vs Guillard,Brian Stann,Steve Cantwell,Light Heavyweight,0,U-DEC,3,5:00
UFC Fight Night: Diaz vs Guillard,Mike Pyle,Chris Wilson,Welterweight,0,SUB Guillotine Choke,3,2:15
UFC Fight Night: Diaz vs Guillard,CB Dollaway,Jay Silva,Middleweight,0,U-DEC,3,5:00
UFC Fight Night: Diaz vs Guillard,Jeremy Stephens,Justin Buchholz,Lightweight,0,KO/TKO,1,3:23
UFC Fight Night: Diaz vs Guillard,Mike Pierce,Brock Larson,Welterweight,0,U-DEC,3,5:00
UFC Fight Night: Diaz vs Guillard,Ryan Jensen,Steve Steinbeiss,Middleweight,0,SUB Guillotine Choke,1,3:56
UFC 102: Couture vs Nogueira,Antonio Rodrigo Nogueira,Randy Couture,Heavyweight,0,U-DEC,3,5:00
UFC 102: Couture vs Nogueira,Thiago Silva,Keith Jardine,Light Heavyweight,0,KO/TKO Punch,1,1:35
UFC 102: Couture vs Nogueira,Jake Rosholt,Chris Leben,Middleweight,0,SUB Arm Triangle,3,1:30
UFC 102: Couture vs Nogueira,Nate Marquardt,Demian Maia,Middleweight,0,KO/TKO Punch,1,0:21
UFC 102: Couture vs Nogueira,Brandon Vera,Krzysztof Soszynski,Light Heavyweight,0,U-DEC,3,5:00
UFC 102: Couture vs Nogueira,Aaron Simpson,Ed Herman,Middleweight,0,KO/TKO,2,0:17
UFC 102: Couture vs Nogueira,Gabriel Gonzaga,Chris Tuchscherer,Heavyweight,0,KO/TKO Punches,1,2:27
UFC 102: Couture vs Nogueira,Mike Russow,Justin McCully,Heavyweight,0,U-DEC,3,5:00
UFC 102: Couture vs Nogueira,Todd Duffee,Tim Hague,Heavyweight,0,KO/TKO Punch,1,0:07
UFC 102: Couture vs Nogueira,Mark Munoz,Nick Catone,Middleweight,0,S-DEC,3,5:00
UFC 102: Couture vs Nogueira,Evan Dunham,Marcus Aurelio,Lightweight,0,S-DEC,3,5:00
UFC 101: Declaration,BJ Penn,Kenny Florian,Lightweight,1,SUB Rear Naked Choke,4,3:54
UFC 101: Declaration,Anderson Silva,Forrest Griffin,Light Heavyweight,0,KO/TKO Punch,1,3:23
UFC 101: Declaration,Aaron Riley,Shane Nelson,Lightweight,0,U-DEC,3,5:00
UFC 101: Declaration,Johny Hendricks,Amir Sadollah,Welterweight,0,KO/TKO Punches,1,0:29
UFC 101: Declaration,Ricardo Almeida,Kendall Grove,Middleweight,0,U-DEC,3,5:00
UFC 101: Declaration,Kurt Pellegrino,Josh Neer,Lightweight,0,U-DEC,3,5:00
UFC 101: Declaration,John Howard,Tamdan McCrory,Welterweight,0,S-DEC,3,5:00
UFC 101: Declaration,Alessio Sakara,Thales Leites,Middleweight,0,S-DEC,3,5:00
UFC 101: Declaration,Matthew Riddle,Dan Cramer,Welterweight,0,U-DEC,3,5:00
UFC 101: Declaration,George Sotiropoulos,George Roop,Lightweight,0,SUB Kimura,2,1:59
UFC 101: Declaration,Jesse Lennox,Danillo Villefort,Welterweight,0,KO/TKO,3,3:37
UFC 100,Jon Fitch,Paulo Thiago,Welterweight,0,U-DEC,3,5:00
UFC 100,Brock Lesnar,Frank Mir,Heavyweight,1,KO/TKO Punches,2,1:48
UFC 100,Georges St-Pierre,Thiago Alves,Welterweight,1,U-DEC,5,5:00
UFC 100,Dan Henderson,Michael Bisping,Middleweight,0,KO/TKO Punch,2,3:20
UFC 100,Yoshihiro Akiyama,Alan Belcher,Middleweight,0,S-DEC,3,5:00
UFC 100,Mark Coleman,Stephan Bonnar,Light Heavyweight,0,U-DEC,3,5:00
UFC 100,Jim Miller,Mac Danzig,Lightweight,0,U-DEC,3,5:00
UFC 100,Jon Jones,Jake O'Brien,Light Heavyweight,0,SUB Guillotine Choke,2,2:43
UFC 100,Dong Hyun Kim,TJ Grant,Welterweight,0,U-DEC,3,5:00
UFC 100,Tom Lawlor,CB Dollaway,Middleweight,0,SUB Guillotine Choke,1,0:55
UFC 100,Shannon Gugerty,Matt Grice,Lightweight,0,SUB Guillotine Choke,1,2:36
The Ultimate Fighter: United States vs. United Kingdom Finale,Diego Sanchez,Clay Guida,Lightweight,0,S-DEC,3,5:00
The Ultimate Fighter: United States vs. United Kingdom Finale,James Wilks,DaMarques Johnson,Welterweight,1,SUB Rear Naked Choke,1,4:54
The Ultimate Fighter: United States vs. United Kingdom Finale,Chris Lytle,Kevin Burns,Welterweight,0,U-DEC,3,5:00
The Ultimate Fighter: United States vs. United Kingdom Finale,Ross Pearson,Andre Winner,Lightweight,1,U-DEC,3,5:00
The Ultimate Fighter: United States vs. United Kingdom Finale,Joe Stevenson,Nate Diaz,Lightweight,0,U-DEC,3,5:00
The Ultimate Fighter: United States vs. United Kingdom Finale,Melvin Guillard,Gleison Tibau,Lightweight,0,S-DEC,3,5:00
The Ultimate Fighter: United States vs. United Kingdom Finale,Brad Blackburn,Edgar Garcia,Welterweight,0,S-DEC,3,5:00
The Ultimate Fighter: United States vs. United Kingdom Finale,Tomasz Drwal,Mike Ciesnolevicz,Light Heavyweight,0,KO/TKO Knee,1,4:48
The Ultimate Fighter: United States vs. United Kingdom Finale,Nick Osipczak,Frank Lester,Welterweight,0,SUB Rear Naked Choke,1,3:40
The Ultimate Fighter: United States vs. United Kingdom Finale,Jason Dent,Cameron Dollar,Lightweight,0,SUB Anaconda Choke,1,4:46
UFC 99: The Comeback,Rich Franklin,Wanderlei Silva,Catch Weight,0,U-DEC,3,5:00
UFC 99: The Comeback,Cain Velasquez,Cheick Kongo,Heavyweight,0,U-DEC,3,5:00
UFC 99: The Comeback,Mirko Filipovic,Mostapha Al-Turk,Heavyweight,0,KO/TKO Punches,1,3:06
UFC 99: The Comeback,Mike Swick,Ben Saunders,Welterweight,0,KO/TKO Punches,2,3:47
UFC 99: The Comeback,Spencer Fisher,Caol Uno,Lightweight,0,U-DEC,3,5:00
UFC 99: The Comeback,Dan Hardy,Marcus Davis,Welterweight,0,S-DEC,3,5:00
UFC 99: The Comeback,Terry Etim,Justin Buchholz,Lightweight,0,SUB D'Arce Choke,2,2:38
UFC 99: The Comeback,Dennis Siver,Dale Hartt,Lightweight,0,SUB Rear Naked Choke,1,3:23
UFC 99: The Comeback,Paul Taylor,Peter Sobotta,Welterweight,0,U-DEC,3,5:00
UFC 99: The Comeback,Paul Kelly,Rolando Delgado,Lightweight,0,U-DEC,3,5:00
UFC 99: The Comeback,Stefan Struve,Denis Stojnic,Heavyweight,0,SUB Rear Naked Choke,2,2:37
UFC 99: The Comeback,John Hathaway,Rick Story,Welterweight,0,U-DEC,3,5:00
UFC 98: Evans vs Machida,Lyoto Machida,Rashad Evans,Light Heavyweight,1,KO/TKO Punch,2,3:57
UFC 98: Evans vs Machida,Matt Hughes,Matt Serra,Welterweight,0,U-DEC,3,5:00
UFC 98: Evans vs Machida,Drew McFedries,Xavier Foupa-Pokam,Middleweight,0,KO/TKO Punches,1,0:37
UFC 98: Evans vs Machida,Chael Sonnen,Dan Miller,Middleweight,0,U-DEC,3,5:00
UFC 98: Evans vs Machida,Frankie Edgar,Sean Sherk,Lightweight,0,U-DEC,3,5:00
UFC 98: Evans vs Machida,Brock Larson,Mike Pyle,Welterweight,0,SUB Arm Triangle,1,3:06
UFC 98: Evans vs Machida,Tim Hague,Pat Barry,Heavyweight,0,SUB Guillotine Choke,1,1:42
UFC 98: Evans vs Machida,Kyle Bradley,Phillipe Nover,Lightweight,0,KO/TKO Punches,1,1:03
UFC 98: Evans vs Machida,Krzysztof Soszynski,Andre Gusmao,Light Heavyweight,0,KO/TKO Punch,1,3:17
UFC 98: Evans vs Machida,Yoshiyuki Yoshida,Brandon Wolff,Welterweight,0,SUB Guillotine Choke,1,2:24
UFC 98: Evans vs Machida,George Roop,David Kaplan,Lightweight,0,S-DEC,3,5:00
UFC 97: Redemption,Anderson Silva,Thales Leites,Middleweight,1,U-DEC,5,5:00
UFC 97: Redemption,Sam Stout,Matt Wiman,Lightweight,0,U-DEC,3,5:00
UFC 97: Redemption,Mauricio Rua,Chuck Liddell,Light Heavyweight,0,KO/TKO Punch,1,4:28
UFC 97: Redemption,Krzysztof Soszynski,Brian Stann,Light Heavyweight,0,SUB Kimura,1,3:53
UFC 97: Redemption,Cheick Kongo,Antoni Hardonk,Heavyweight,0,KO/TKO Punches,2,2:29
UFC 97: Redemption,Luiz Cane,Steve Cantwell,Light Heavyweight,0,U-DEC,3,5:00
UFC 97: Redemption,Denis Kang,Xavier Foupa-Pokam,Middleweight,0,U-DEC,3,5:00
UFC 97: Redemption,Nate Quarry,Jason MacDonald,Middleweight,0,KO/TKO Elbows,1,2:27
UFC 97: Redemption,Ed Herman,David Loiseau,Middleweight,0,U-DEC,3,5:00
UFC 97: Redemption,Mark Bocek,David Bielkheden,Lightweight,0,SUB Rear Naked Choke,1,4:57
UFC 97: Redemption,TJ Grant,Ryo Chonan,Welterweight,0,S-DEC,3,5:00
UFC 97: Redemption,Eliot Marshall,Vinny Magalhaes,Light Heavyweight,0,U-DEC,3,5:00
UFC Fight Night: Condit vs Kampmann,Martin Kampmann,Carlos Condit,Welterweight,0,S-DEC,3,5:00
UFC Fight Night: Condit vs Kampmann,Ryan Bader,Carmelo Marrero,Light Heavyweight,0,U-DEC,3,5:00
UFC Fight Night: Condit vs Kampmann,Tyson Griffin,Rafael Dos Anjos,Lightweight,0,U-DEC,3,5:00
UFC Fight Night: Condit vs Kampmann,Cole Miller,Junie Browning,Lightweight,0,SUB Guillotine Choke,1,1:58
UFC Fight Night: Condit vs Kampmann,Gleison Tibau,Jeremy Stephens,Lightweight,0,U-DEC,3,5:00
UFC Fight Night: Condit vs Kampmann,Ricardo Almeida,Matt Horwich,Middleweight,0,U-DEC,3,5:00
UFC Fight Night: Condit vs Kampmann,Brock Larson,Jesse Sanders,Welterweight,0,SUB Rear Naked Choke,1,2:01
UFC Fight Night: Condit vs Kampmann,Tim Credeur,Nick Catone,Middleweight,0,SUB Guillotine Choke,2,3:45
UFC Fight Night: Condit vs Kampmann,Jorge Rivera,Nissen Osterneck,Middleweight,0,S-DEC,3,5:00
UFC Fight Night: Condit vs Kampmann,Rob Kimmons,Joe Vedepo,Middleweight,0,SUB Guillotine Choke,1,1:54
UFC Fight Night: Condit vs Kampmann,Aaron Simpson,Tim McKenzie,Middleweight,0,KO/TKO Punches,1,1:40
UFC 96: Jackson vs Jardine,Quinton Jackson,Keith Jardine,Light Heavyweight,0,U-DEC,3,5:00
UFC 96: Jackson vs Jardine,Shane Carwin,Gabriel Gonzaga,Heavyweight,0,KO/TKO Punch,1,1:09
UFC 96: Jackson vs Jardine,Matt Brown,Pete Sell,Welterweight,0,KO/TKO Punches,1,1:32
UFC 96: Jackson vs Jardine,Matt Hamill,Mark Munoz,Light Heavyweight,0,KO/TKO Kick,1,3:53
UFC 96: Jackson vs Jardine,Gray Maynard,Jim Miller,Lightweight,0,U-DEC,3,5:00
UFC 96: Jackson vs Jardine,Tamdan McCrory,Ryan Madigan,Welterweight,0,KO/TKO Elbows,1,3:35
UFC 96: Jackson vs Jardine,Kendall Grove,Jason Day,Middleweight,0,KO/TKO Punch,1,1:32
UFC 96: Jackson vs Jardine,Jason Brilz,Tim Boetsch,Light Heavyweight,0,U-DEC,3,5:00
UFC 96: Jackson vs Jardine,Brandon Vera,Michael Patt,Light Heavyweight,0,KO/TKO Kicks,2,1:27
UFC 96: Jackson vs Jardine,Shane Nelson,Aaron Riley,Lightweight,0,KO/TKO Punch,1,0:44
UFC 95: Sanchez vs Stevenson,Diego Sanchez,Joe Stevenson,Lightweight,0,U-DEC,3,5:00
UFC 95: Sanchez vs Stevenson,Dan Hardy,Rory Markham,Welterweight,0,KO/TKO Punch,1,1:09
UFC 95: Sanchez vs Stevenson,Nate Marquardt,Wilson Gouveia,Middleweight,0,KO/TKO Flying Knee,3,3:10
UFC 95: Sanchez vs Stevenson,Demian Maia,Chael Sonnen,Middleweight,0,SUB Triangle Choke,1,2:37
UFC 95: Sanchez vs Stevenson,Paulo Thiago,Josh Koscheck,Welterweight,0,KO/TKO Punches,1,3:29
UFC 95: Sanchez vs Stevenson,Terry Etim,Brian Cobb,Lightweight,0,KO/TKO Kick,2,0:10
UFC 95: Sanchez vs Stevenson,Junior Dos Santos,Stefan Struve,Heavyweight,0,KO/TKO Punches,1,0:54
UFC 95: Sanchez vs Stevenson,Evan Dunham,Per Eklund,Lightweight,0,KO/TKO Punch,1,2:13
UFC 95: Sanchez vs Stevenson,Mike Ciesnolevicz,Neil Grove,Heavyweight,0,SUB Heel Hook,1,1:03
UFC 95: Sanchez vs Stevenson,Paul Kelly,Troy Mandaloniz,Welterweight,0,U-DEC,3,5:00
UFC Fight Night: Lauzon vs Stephens,Joe Lauzon,Jeremy Stephens,Lightweight,0,SUB Armbar,2,4:43
UFC Fight Night: Lauzon vs Stephens,Cain Velasquez,Denis Stojnic,Heavyweight,0,KO/TKO Punches,2,2:34
UFC Fight Night: Lauzon vs Stephens,Josh Neer,Mac Danzig,Lightweight,0,SUB Triangle Choke,2,3:36
UFC Fight Night: Lauzon vs Stephens,Anthony Johnson,Luigi Fioravanti,Welterweight,0,KO/TKO Punch,1,4:39
UFC Fight Night: Lauzon vs Stephens,Kurt Pellegrino,Rob Emerson,Lightweight,0,SUB Rear Naked Choke,2,3:14
UFC Fight Night: Lauzon vs Stephens,Dan Miller,Jake Rosholt,Middleweight,0,SUB Guillotine Choke,1,1:03
UFC Fight Night: Lauzon vs Stephens,Matt Veach,Matt Grice,Lightweight,0,KO/TKO Punch,1,4:34
UFC Fight Night: Lauzon vs Stephens,Gleison Tibau,Rich Clementi,Lightweight,0,SUB Guillotine Choke,1,4:35
UFC Fight Night: Lauzon vs Stephens,Nick Catone,Derek Downey,Middleweight,0,SUB Keylock,2,1:15
UFC Fight Night: Lauzon vs Stephens,Matthew Riddle,Steve Bruno,Welterweight,0,U-DEC,3,5:00
UFC 94: St-Pierre vs Penn 2,Georges St-Pierre,BJ Penn,Welterweight,1,KO/TKO,4,5:00
UFC 94: St-Pierre vs Penn 2,Lyoto Machida,Thiago Silva,Light Heavyweight,0,KO/TKO Punch,1,4:59
UFC 94: St-Pierre vs Penn 2,Jon Jones,Stephan Bonnar,Light Heavyweight,0,U-DEC,3,5:00
UFC 94: St-Pierre vs Penn 2,Karo Parisyan,Dong Hyun Kim,Welterweight,0,Overturned,3,5:00
UFC 94: St-Pierre vs Penn 2,Clay Guida,Nate Diaz,Lightweight,0,S-DEC,3,5:00
UFC 94: St-Pierre vs Penn 2,Jon Fitch,Akihiro Gono,Welterweight,0,U-DEC,3,5:00
UFC 94: St-Pierre vs Penn 2,Thiago Tavares,Manvel Gamburyan,Lightweight,0,U-DEC,3,5:00
UFC 94: St-Pierre vs Penn 2,John Howard,Chris Wilson,Welterweight,0,S-DEC,3,5:00
UFC 94: St-Pierre vs Penn 2,Jake O'Brien,Christian Wellisch,Light Heavyweight,0,S-DEC,3,5:00
UFC 94: St-Pierre vs Penn 2,Dan Cramer,Matt Arroyo,Welterweight,0,S-DEC,3,5:00
UFC 93: Franklin vs Henderson,Dan Henderson,Rich Franklin,Light Heavyweight,0,S-DEC,3,5:00
UFC 93: Franklin vs Henderson,Mauricio Rua,Mark Coleman,Light Heavyweight,0,KO/TKO Punches,3,4:36
UFC 93: Franklin vs Henderson,Rousimar Palhares,Jeremy Horn,Middleweight,0,U-DEC,3,5:00
UFC 93: Franklin vs Henderson,Alan Belcher,Denis Kang,Middleweight,0,SUB Guillotine Choke,2,4:36
UFC 93: Franklin vs Henderson,Marcus Davis,Chris Lytle,Welterweight,0,S-DEC,3,5:00
UFC 93: Franklin vs Henderson,John Hathaway,Tom Egan,Welterweight,0,KO/TKO Elbows,1,4:36
UFC 93: Franklin vs Henderson,Martin Kampmann,Alexandre Barros,Welterweight,0,KO/TKO Punches,2,3:09
UFC 93: Franklin vs Henderson,Eric Schafer,Antonio Mendes,Light Heavyweight,0,KO/TKO Punches,1,3:35
UFC 93: Franklin vs Henderson,Tomasz Drwal,Ivan Serati,Light Heavyweight,0,KO/TKO Punches,1,2:02
UFC 93: Franklin vs Henderson,Dennis Siver,Nate Mohr,Lightweight,0,KO/TKO Spinning Back Kick,3,3:45
UFC 92: The Ultimate 2008,Rashad Evans,Forrest Griffin,Light Heavyweight,1,KO/TKO Punches,3,2:46
UFC 92: The Ultimate 2008,Frank Mir,Antonio Rodrigo Nogueira,Heavyweight,1,KO/TKO Punch,2,1:54
UFC 92: The Ultimate 2008,CB Dollaway,Mike Massenzio,Middleweight,0,KO/TKO Punches,1,3:01
UFC 92: The Ultimate 2008,Quinton Jackson,Wanderlei Silva,Light Heavyweight,0,KO/TKO Punch,1,3:21
UFC 92: The Ultimate 2008,Cheick Kongo,Mostapha Al-Turk,Heavyweight,0,KO/TKO Elbows,1,4:37
UFC 92: The Ultimate 2008,Yushin Okami,Dean Lister,Middleweight,0,U-DEC,3,5:00
UFC 92: The Ultimate 2008,Antoni Hardonk,Mike Wessel,Heavyweight,0,KO/TKO Punches,2,2:09
UFC 92: The Ultimate 2008,Matt Hamill,Reese Andy,Light Heavyweight,0,KO/TKO Punches,2,2:19
UFC 92: The Ultimate 2008,Brad Blackburn,Ryo Chonan,Welterweight,0,U-DEC,3,5:00
UFC 92: The Ultimate 2008,Pat Barry,Dan Evensen,Heavyweight,0,KO/TKO Kicks,1,2:36
The Ultimate Fighter: Team Nogueira vs. Team Mir Finale,Efrain Escudero,Phillipe Nover,Lightweight,1,U-DEC,3,5:00
The Ultimate Fighter: Team Nogueira vs. Team Mir Finale,Ryan Bader,Vinny Magalhaes,Light Heavyweight,1,KO/TKO Punch,1,2:18
The Ultimate Fighter: Team Nogueira vs. Team Mir Finale,Anthony Johnson,Kevin Burns,Welterweight,0,KO/TKO Kick,3,0:28
The Ultimate Fighter: Team Nogueira vs. Team Mir Finale,Wilson Gouveia,Jason MacDonald,Middleweight,0,KO/TKO Elbow,1,2:18
The Ultimate Fighter: Team Nogueira vs. Team Mir Finale,Junie Browning,David Kaplan,Lightweight,0,SUB Armbar,2,1:32
The Ultimate Fighter: Team Nogueira vs. Team Mir Finale,Krzysztof Soszynski,Shane Primm,Light Heavyweight,0,SUB Kimura,2,3:27
The Ultimate Fighter: Team Nogueira vs. Team Mir Finale,Eliot Marshall,Jules Bruchez,Light Heavyweight,0,SUB Rear Naked Choke,1,1:27
The Ultimate Fighter: Team Nogueira vs. Team Mir Finale,Tom Lawlor,Kyle Kingsbury,Light Heavyweight,0,U-DEC,3,5:00
The Ultimate Fighter: Team Nogueira vs. Team Mir Finale,Shane Nelson,George Roop,Lightweight,0,S-DEC,3,5:00
The Ultimate Fighter: Team Nogueira vs. Team Mir Finale,Rolando Delgado,John Polakowski,Lightweight,0,SUB Guillotine Choke,2,2:18
UFC Fight Night - Fight for the Troops,Josh Koscheck,Yoshiyuki Yoshida,Welterweight,0,KO/TKO Punches,1,2:15
UFC Fight Night - Fight for the Troops,Mike Swick,Jonathan Goulet,Welterweight,0,KO/TKO Punch,1,0:33
UFC Fight Night - Fight for the Troops,Steve Cantwell,Razak Al-Hassan,Light Heavyweight,0,SUB Armbar,1,4:04
UFC Fight Night - Fight for the Troops,Tim Credeur,Nate Loughran,Middleweight,0,KO/TKO,2,5:00
UFC Fight Night - Fight for the Troops,Jim Miller,Matt Wiman,Lightweight,0,U-DEC,3,5:00
UFC Fight Night - Fight for the Troops,Luigi Fioravanti,Brodie Farber,Catch Weight,0,U-DEC,3,5:00
UFC Fight Night - Fight for the Troops,Steve Bruno,Johnny Rees,Welterweight,0,SUB Rear Naked Choke,2,3:44
UFC Fight Night - Fight for the Troops,Ben Saunders,Brandon Wolff,Welterweight,0,KO/TKO Knees,1,1:49
UFC Fight Night - Fight for the Troops,Dale Hartt,Corey Hill,Lightweight,0,KO/TKO,2,0:20
UFC Fight Night - Fight for the Troops,Justin McCully,Eddie Sanchez,Heavyweight,0,U-DEC,3,5:00
UFC 91: Couture vs Lesnar,Brock Lesnar,Randy Couture,Heavyweight,1,KO/TKO Punches,2,3:07
UFC 91: Couture vs Lesnar,Kenny Florian,Joe Stevenson,Lightweight,0,SUB Rear Naked Choke,1,4:03
UFC 91: Couture vs Lesnar,Dustin Hazelett,Tamdan McCrory,Welterweight,0,SUB Armbar,1,3:59
UFC 91: Couture vs Lesnar,Gabriel Gonzaga,Josh Hendricks,Heavyweight,0,KO/TKO Punch,1,1:01
UFC 91: Couture vs Lesnar,Demian Maia,Nate Quarry,Middleweight,0,SUB Rear Naked Choke,1,2:13
UFC 91: Couture vs Lesnar,Aaron Riley,Jorge Gurgel,Lightweight,0,U-DEC,3,5:00
UFC 91: Couture vs Lesnar,Jeremy Stephens,Rafael Dos Anjos,Lightweight,0,KO/TKO Punch,3,0:39
UFC 91: Couture vs Lesnar,Mark Bocek,Alvin Robinson,Lightweight,0,SUB Rear Naked Choke,3,3:16
UFC 91: Couture vs Lesnar,Matt Brown,Ryan Thomas,Welterweight,0,SUB Armbar,2,0:57
UFC 90: Silva vs Cote,Anderson Silva,Patrick Cote,Middleweight,1,KO/TKO,3,0:39
UFC 90: Silva vs Cote,Thiago Alves,Josh Koscheck,Welterweight,0,U-DEC,3,5:00
UFC 90: Silva vs Cote,Gray Maynard,Rich Clementi,Lightweight,0,U-DEC,3,5:00
UFC 90: Silva vs Cote,Junior Dos Santos,Fabricio Werdum,Heavyweight,0,KO/TKO Punch,1,1:21
UFC 90: Silva vs Cote,Sean Sherk,Tyson Griffin,Lightweight,0,U-DEC,3,5:00
UFC 90: Silva vs Cote,Thales Leites,Drew McFedries,Middleweight,0,SUB Rear Naked Choke,1,1:18
UFC 90: Silva vs Cote,Spencer Fisher,Shannon Gugerty,Lightweight,0,SUB Triangle Choke,3,3:56
UFC 90: Silva vs Cote,Dan Miller,Matt Horwich,Middleweight,0,U-DEC,3,5:00
UFC 90: Silva vs Cote,Hermes Franca,Marcus Aurelio,Lightweight,0,U-DEC,3,5:00
UFC 90: Silva vs Cote,Pete Sell,Joshua Burkman,Welterweight,0,U-DEC,3,5:00
UFC 89: Bisping vs Leben,Michael Bisping,Chris Leben,Middleweight,0,U-DEC,3,5:00
UFC 89: Bisping vs Leben,Keith Jardine,Brandon Vera,Light Heavyweight,0,S-DEC,3,5:00
UFC 89: Bisping vs Leben,Luiz Cane,Rameau Thierry Sokoudjou,Light Heavyweight,0,KO/TKO Punches,2,4:15
UFC 89: Bisping vs Leben,Chris Lytle,Paul Taylor,Welterweight,0,U-DEC,3,5:00
UFC 89: Bisping vs Leben,Marcus Davis,Paul Kelly,Welterweight,0,SUB Guillotine Choke,2,2:16
UFC 89: Bisping vs Leben,Dan Hardy,Akihiro Gono,Welterweight,0,S-DEC,3,5:00
UFC 89: Bisping vs Leben,Shane Carwin,Neil Wain,Heavyweight,0,KO/TKO Punches,1,1:31
UFC 89: Bisping vs Leben,David Bielkheden,Jess Liaudin,Lightweight,0,U-DEC,3,5:00
UFC 89: Bisping vs Leben,Terry Etim,Sam Stout,Lightweight,0,U-DEC,3,5:00
UFC 89: Bisping vs Leben,Jim Miller,David Baron,Lightweight,0,SUB Rear Naked Choke,3,3:19
UFC 89: Bisping vs Leben,Per Eklund,Samy Schiavo,Lightweight,0,SUB Rear Naked Choke,3,1:47
UFC Fight Night: Diaz vs Neer,Nate Diaz,Josh Neer,Lightweight,0,S-DEC,3,5:00
UFC Fight Night: Diaz vs Neer,Clay Guida,Mac Danzig,Lightweight,0,U-DEC,3,5:00
UFC Fight Night: Diaz vs Neer,Alan Belcher,Ed Herman,Middleweight,0,S-DEC,3,5:00
UFC Fight Night: Diaz vs Neer,Eric Schafer,Houston Alexander,Light Heavyweight,0,SUB Arm Triangle,1,4:53
UFC Fight Night: Diaz vs Neer,Alessio Sakara,Joe Vedepo,Middleweight,0,KO/TKO Kick,1,1:27
UFC Fight Night: Diaz vs Neer,Wilson Gouveia,Ryan Jensen,Middleweight,0,SUB Armbar,2,2:04
UFC Fight Night: Diaz vs Neer,Joe Lauzon,Kyle Bradley,Lightweight,0,KO/TKO Punches,2,1:34
UFC Fight Night: Diaz vs Neer,Jason Brilz,Brad Morris,Light Heavyweight,0,KO/TKO Punches,2,2:54
UFC Fight Night: Diaz vs Neer,Mike Massenzio,Drew McFedries,Middleweight,0,SUB Kimura,1,1:28
UFC Fight Night: Diaz vs Neer,Dan Miller,Rob Kimmons,Middleweight,0,SUB Rear Naked Choke,1,1:27
UFC 88: Breakthrough,Rashad Evans,Chuck Liddell,Light Heavyweight,0,KO/TKO Punch,2,1:51
UFC 88: Breakthrough,Rich Franklin,Matt Hamill,Light Heavyweight,0,KO/TKO Kick,3,0:39
UFC 88: Breakthrough,Dan Henderson,Rousimar Palhares,Middleweight,0,U-DEC,3,5:00
UFC 88: Breakthrough,Nate Marquardt,Martin Kampmann,Middleweight,0,KO/TKO Punches,1,1:22
UFC 88: Breakthrough,Dong Hyun Kim,Matt Brown,Welterweight,0,S-DEC,3,5:00
UFC 88: Breakthrough,Kurt Pellegrino,Thiago Tavares,Lightweight,0,U-DEC,3,5:00
UFC 88: Breakthrough,Tim Boetsch,Michael Patt,Light Heavyweight,0,KO/TKO Punches,1,2:03
UFC 88: Breakthrough,Jason MacDonald,Jason Lambert,Middleweight,0,SUB Rear Naked Choke,2,1:20
UFC 88: Breakthrough,Ryo Chonan,Roan Carneiro,Welterweight,0,S-DEC,3,5:00
UFC 87: Seek And Destroy,Georges St-Pierre,Jon Fitch,Welterweight,1,U-DEC,5,5:00
UFC 87: Seek And Destroy,Brock Lesnar,Heath Herring,Heavyweight,0,U-DEC,3,5:00
UFC 87: Seek And Destroy,Rob Emerson,Manvel Gamburyan,Lightweight,0,KO/TKO Punch,1,0:12
UFC 87: Seek And Destroy,Kenny Florian,Roger Huerta,Lightweight,0,U-DEC,3,5:00
UFC 87: Seek And Destroy,Demian Maia,Jason MacDonald,Middleweight,0,SUB Rear Naked Choke,3,2:44
UFC 87: Seek And Destroy,Tamdan McCrory,Luke Cummo,Welterweight,0,U-DEC,3,5:00
UFC 87: Seek And Destroy,Cheick Kongo,Dan Evensen,Heavyweight,0,KO/TKO Punch,1,4:55
UFC 87: Seek And Destroy,Jon Jones,Andre Gusmao,Light Heavyweight,0,U-DEC,3,5:00
UFC 87: Seek And Destroy,Chris Wilson,Steve Bruno,Welterweight,0,U-DEC,3,5:00
UFC 87: Seek And Destroy,Ben Saunders,Ryan Thomas,Welterweight,0,SUB Armbar,2,2:28
UFC: Silva vs Irvin,Anderson Silva,James Irvin,Light Heavyweight,0,KO/TKO Punch,1,1:01
UFC: Silva vs Irvin,Brandon Vera,Reese Andy,Light Heavyweight,0,U-DEC,3,5:00
UFC: Silva vs Irvin,Frankie Edgar,Hermes Franca,Lightweight,0,U-DEC,3,5:00
UFC: Silva vs Irvin,Cain Velasquez,Jake O'Brien,Heavyweight,0,KO/TKO Punches,1,2:02
UFC: Silva vs Irvin,Kevin Burns,Anthony Johnson,Welterweight,0,KO/TKO,3,3:35
UFC: Silva vs Irvin,CB Dollaway,Jesse Taylor,Middleweight,0,SUB Peruvian Necktie,1,3:58
UFC: Silva vs Irvin,Tim Credeur,Cale Yarbrough,Middleweight,0,KO/TKO Punches,1,1:54
UFC: Silva vs Irvin,Rory Markham,Brodie Farber,Welterweight,0,KO/TKO Kick,1,1:37
UFC: Silva vs Irvin,Nate Loughran,Johnny Rees,Middleweight,0,SUB Triangle Choke,1,4:21
UFC: Silva vs Irvin,Brad Blackburn,James Giboo,Welterweight,0,KO/TKO Punches,2,2:29
UFC: Silva vs Irvin,Shannon Gugerty,Dale Hartt,Lightweight,0,SUB Rear Naked Choke,1,3:33
UFC 86: Jackson vs Griffin,Forrest Griffin,Quinton Jackson,Light Heavyweight,1,U-DEC,5,5:00
UFC 86: Jackson vs Griffin,Patrick Cote,Ricardo Almeida,Middleweight,0,S-DEC,3,5:00
UFC 86: Jackson vs Griffin,Joe Stevenson,Gleison Tibau,Lightweight,0,SUB Guillotine Choke,2,2:57
UFC 86: Jackson vs Griffin,Josh Koscheck,Chris Lytle,Welterweight,0,U-DEC,3,5:00
UFC 86: Jackson vs Griffin,Tyson Griffin,Marcus Aurelio,Lightweight,0,U-DEC,3,5:00
UFC 86: Jackson vs Griffin,Gabriel Gonzaga,Justin McCully,Heavyweight,0,SUB Kimura,1,1:57
UFC 86: Jackson vs Griffin,Cole Miller,Jorge Gurgel,Lightweight,0,SUB Triangle Choke,3,4:48
UFC 86: Jackson vs Griffin,Melvin Guillard,Dennis Siver,Lightweight,0,KO/TKO Punches,1,0:36
UFC 86: Jackson vs Griffin,Justin Buchholz,Corey Hill,Lightweight,0,SUB Rear Naked Choke,2,3:57
The Ultimate Fighter: Team Rampage vs Team Forrest Finale,Kendall Grove,Evan Tanner,Middleweight,0,S-DEC,3,5:00
The Ultimate Fighter: Team Rampage vs Team Forrest Finale,Amir Sadollah,CB Dollaway,Middleweight,1,SUB Armbar,1,3:02
The Ultimate Fighter: Team Rampage vs Team Forrest Finale,Diego Sanchez,Luigi Fioravanti,Welterweight,0,KO/TKO Flying Knee,3,4:07
The Ultimate Fighter: Team Rampage vs Team Forrest Finale,Spencer Fisher,Jeremy Stephens,Lightweight,0,U-DEC,3,5:00
The Ultimate Fighter: Team Rampage vs Team Forrest Finale,Matthew Riddle,Dante Rivera,Middleweight,0,U-DEC,3,5:00
The Ultimate Fighter: Team Rampage vs Team Forrest Finale,Dustin Hazelett,Joshua Burkman,Welterweight,0,SUB Armbar,2,4:46
The Ultimate Fighter: Team Rampage vs Team Forrest Finale,Drew McFedries,Marvin Eastman,Middleweight,0,KO/TKO Punches,1,1:08
The Ultimate Fighter: Team Rampage vs Team Forrest Finale,Matt Brown,Matt Arroyo,Welterweight,0,KO/TKO Punches,2,3:40
The Ultimate Fighter: Team Rampage vs Team Forrest Finale,Dean Lister,Jeremy Horn,Middleweight,0,SUB Guillotine Choke,1,3:52
The Ultimate Fighter: Team Rampage vs Team Forrest Finale,Rob Kimmons,Rob Yundt,Middleweight,0,SUB Guillotine Choke,1,3:58
UFC 85: Bedlam,Thiago Alves,Matt Hughes,Welterweight,0,KO/TKO Flying Knee,2,1:02
UFC 85: Bedlam,Michael Bisping,Jason Day,Middleweight,0,KO/TKO Punches,1,3:42
UFC 85: Bedlam,Mike Swick,Marcus Davis,Welterweight,0,U-DEC,3,5:00
UFC 85: Bedlam,Thales Leites,Nate Marquardt,Middleweight,0,S-DEC,3,5:00
UFC 85: Bedlam,Fabricio Werdum,Brandon Vera,Heavyweight,0,KO/TKO Punches,1,4:40
UFC 85: Bedlam,Martin Kampmann,Jorge Rivera,Middleweight,0,SUB Guillotine Choke,1,2:44
UFC 85: Bedlam,Matt Wiman,Thiago Tavares,Lightweight,0,KO/TKO Punches,2,1:57
UFC 85: Bedlam,Kevin Burns,Roan Carneiro,Welterweight,0,SUB Triangle Choke,2,3:50
UFC 85: Bedlam,Luiz Cane,Jason Lambert,Light Heavyweight,0,KO/TKO Punches,1,2:07
UFC 85: Bedlam,Paul Taylor,Jess Liaudin,Welterweight,0,S-DEC,3,5:00
UFC 85: Bedlam,Antoni Hardonk,Eddie Sanchez,Heavyweight,0,KO/TKO Punch,2,4:15
UFC 84: Ill Will,BJ Penn,Sean Sherk,Lightweight,1,KO/TKO Flying Knee,3,5:00
UFC 84: Ill Will,Wanderlei Silva,Keith Jardine,Light Heavyweight,0,KO/TKO Punch,1,0:36
UFC 84: Ill Will,Goran Reljic,Wilson Gouveia,Light Heavyweight,0,KO/TKO Punch,2,3:15
UFC 84: Ill Will,Lyoto Machida,Tito Ortiz,Light Heavyweight,0,U-DEC,3,5:00
UFC 84: Ill Will,Thiago Silva,Antonio Mendes,Light Heavyweight,0,KO/TKO Punches,1,2:24
UFC 84: Ill Will,Rousimar Palhares,Ivan Salaverry,Middleweight,0,SUB Armbar,1,2:36
UFC 84: Ill Will,Rameau Thierry Sokoudjou,Kazuhiro Nakamura,Light Heavyweight,0,KO/TKO,1,5:00
UFC 84: Ill Will,Rich Clementi,Terry Etim,Lightweight,0,U-DEC,3,5:00
UFC 84: Ill Will,Yoshiyuki Yoshida,War Machine,Welterweight,0,SUB Anaconda Choke,1,0:56
UFC 84: Ill Will,Dong Hyun Kim,Jason Tan,Welterweight,0,KO/TKO Elbows,3,0:25
UFC 84: Ill Will,Shane Carwin,Christian Wellisch,Heavyweight,0,KO/TKO Punch,1,0:44
UFC 83: Serra vs St-Pierre 2,Georges St-Pierre,Matt Serra,Welterweight,1,KO/TKO Knees,2,4:45
UFC 83: Serra vs St-Pierre 2,Rich Franklin,Travis Lutter,Middleweight,0,KO/TKO Punches,2,3:01
UFC 83: Serra vs St-Pierre 2,Nate Quarry,Kalib Starnes,Middleweight,0,U-DEC,3,5:00
UFC 83: Serra vs St-Pierre 2,Michael Bisping,Charles McCarthy,Middleweight,0,KO/TKO Knees,1,5:00
UFC 83: Serra vs St-Pierre 2,Mac Danzig,Mark Bocek,Lightweight,0,SUB Rear Naked Choke,3,3:48
UFC 83: Serra vs St-Pierre 2,Jason MacDonald,Joe Doerksen,Middleweight,0,KO/TKO Elbows,2,0:54
UFC 83: Serra vs St-Pierre 2,Jason Day,Alan Belcher,Middleweight,0,KO/TKO Punches,1,3:58
UFC 83: Serra vs St-Pierre 2,Demian Maia,Ed Herman,Middleweight,0,SUB Triangle Choke,2,2:27
UFC 83: Serra vs St-Pierre 2,Rich Clementi,Sam Stout,Lightweight,0,S-DEC,3,5:00
UFC 83: Serra vs St-Pierre 2,Cain Velasquez,Brad Morris,Heavyweight,0,KO/TKO Punches,1,2:10
UFC 83: Serra vs St-Pierre 2,Jonathan Goulet,Kuniyoshi Hironaka,Welterweight,0,KO/TKO Punch,2,2:07
UFC Fight Night: Florian vs Lauzon,Kenny Florian,Joe Lauzon,Lightweight,0,KO/TKO Punches,2,3:28
UFC Fight Night: Florian vs Lauzon,Gray Maynard,Frankie Edgar,Lightweight,0,U-DEC,3,5:00
UFC Fight Night: Florian vs Lauzon,Thiago Alves,Karo Parisyan,Welterweight,0,KO/TKO Knees,2,0:24
UFC Fight Night: Florian vs Lauzon,Matt Hamill,Tim Boetsch,Light Heavyweight,0,KO/TKO Punches,2,1:25
UFC Fight Night: Florian vs Lauzon,Nate Diaz,Kurt Pellegrino,Lightweight,0,SUB Triangle Choke,2,3:06
UFC Fight Night: Florian vs Lauzon,James Irvin,Houston Alexander,Light Heavyweight,0,KO/TKO Punches,1,0:08
UFC Fight Night: Florian vs Lauzon,Josh Neer,Din Thomas,Lightweight,0,U-DEC,3,5:00
UFC Fight Night: Florian vs Lauzon,Marcus Aurelio,Ryan Roberts,Lightweight,0,SUB Armbar,1,0:16
UFC Fight Night: Florian vs Lauzon,Manvel Gamburyan,Jeff Cox,Lightweight,0,SUB Guillotine Choke,1,1:41
UFC Fight Night: Florian vs Lauzon,Clay Guida,Samy Schiavo,Lightweight,0,KO/TKO Punches,1,4:15
UFC Fight Night: Florian vs Lauzon,George Sotiropoulos,Roman Mitichyan,Welterweight,0,KO/TKO Punches,2,2:24
UFC Fight Night: Florian vs Lauzon,Anthony Johnson,Tommy Speer,Welterweight,0,KO/TKO Punches,1,0:51
UFC 82: Pride of a Champion,Anderson Silva,Dan Henderson,Middleweight,1,SUB Rear Naked Choke,2,4:52
UFC 82: Pride of a Champion,Heath Herring,Cheick Kongo,Heavyweight,0,S-DEC,3,5:00
UFC 82: Pride of a Champion,Chris Leben,Alessio Sakara,Middleweight,0,KO/TKO Punches,1,3:16
UFC 82: Pride of a Champion,Yushin Okami,Evan Tanner,Middleweight,0,KO/TKO Knee,2,3:00
UFC 82: Pride of a Champion,Jon Fitch,Chris Wilson,Welterweight,0,U-DEC,3,5:00
UFC 82: Pride of a Champion,Andrei Arlovski,Jake O'Brien,Heavyweight,0,KO/TKO Punches,2,4:17
UFC 82: Pride of a Champion,Luigi Fioravanti,Luke Cummo,Welterweight,0,U-DEC,3,5:00
UFC 82: Pride of a Champion,Josh Koscheck,Dustin Hazelett,Welterweight,0,KO/TKO Kick,2,1:24
UFC 82: Pride of a Champion,Diego Sanchez,David Bielkheden,Welterweight,0,KO/TKO Punches,1,4:43
UFC 82: Pride of a Champion,Jorge Gurgel,John Halverson,Lightweight,0,U-DEC,3,5:00
UFC 81: Breaking Point,Antonio Rodrigo Nogueira,Tim Sylvia,Heavyweight,1,SUB Guillotine Choke,3,1:28
UFC 81: Breaking Point,Frank Mir,Brock Lesnar,Heavyweight,0,SUB Kneebar,1,1:30
UFC 81: Breaking Point,Nate Marquardt,Jeremy Horn,Middleweight,0,SUB Guillotine Choke,2,1:37
UFC 81: Breaking Point,Ricardo Almeida,Rob Yundt,Middleweight,0,SUB Guillotine Choke,1,1:08
UFC 81: Breaking Point,Tyson Griffin,Gleison Tibau,Lightweight,0,U-DEC,3,5:00
UFC 81: Breaking Point,Chris Lytle,Kyle Bradley,Welterweight,0,KO/TKO Punches,1,0:33
UFC 81: Breaking Point,Tim Boetsch,David Heath,Light Heavyweight,0,KO/TKO Punches,1,4:52
UFC 81: Breaking Point,Marvin Eastman,Terry Martin,Middleweight,0,U-DEC,3,5:00
UFC 81: Breaking Point,Rob Emerson,Keita Nakamura,Lightweight,0,S-DEC,3,5:00
UFC Fight Night: Swick vs Burkman,Mike Swick,Joshua Burkman,Welterweight,0,M-DEC,3,5:00
UFC Fight Night: Swick vs Burkman,Patrick Cote,Drew McFedries,Middleweight,0,KO/TKO Punches,1,1:44
UFC Fight Night: Swick vs Burkman,Thiago Tavares,Michihiro Omigawa,Lightweight,0,U-DEC,3,5:00
UFC Fight Night: Swick vs Burkman,Nate Diaz,Alvin Robinson,Lightweight,0,SUB Triangle Choke,1,3:39
UFC Fight Night: Swick vs Burkman,Kurt Pellegrino,Alberto Crane,Lightweight,0,KO/TKO Punches,2,1:55
UFC Fight Night: Swick vs Burkman,Gray Maynard,Dennis Siver,Lightweight,0,U-DEC,3,5:00
UFC Fight Night: Swick vs Burkman,Jeremy Stephens,Cole Miller,Lightweight,0,KO/TKO Elbows,2,4:44
UFC Fight Night: Swick vs Burkman,Corey Hill,Joe Veres,Lightweight,0,KO/TKO Punches,2,0:37
UFC Fight Night: Swick vs Burkman,Matt Wiman,Justin Buchholz,Lightweight,0,SUB Rear Naked Choke,1,2:56
UFC 80: Rapid Fire,BJ Penn,Joe Stevenson,Lightweight,1,SUB Rear Naked Choke,2,4:02
UFC 80: Rapid Fire,Fabricio Werdum,Gabriel Gonzaga,Heavyweight,0,KO/TKO Punches,2,4:34
UFC 80: Rapid Fire,Marcus Davis,Jess Liaudin,Welterweight,0,KO/TKO Punch,1,1:04
UFC 80: Rapid Fire,Wilson Gouveia,Jason Lambert,Light Heavyweight,0,KO/TKO Punch,2,0:37
UFC 80: Rapid Fire,Jorge Rivera,Kendall Grove,Middleweight,0,KO/TKO Punches,1,1:20
UFC 80: Rapid Fire,Antoni Hardonk,Colin Robinson,Heavyweight,0,KO/TKO Punch,1,0:17
UFC 80: Rapid Fire,Paul Kelly,Paul Taylor,Welterweight,0,U-DEC,3,5:00
UFC 80: Rapid Fire,Alessio Sakara,James Lee,Light Heavyweight,0,KO/TKO Punches,1,1:30
UFC 80: Rapid Fire,Sam Stout,Per Eklund,Lightweight,0,U-DEC,3,5:00
UFC 79: Nemesis,Georges St-Pierre,Matt Hughes,Welterweight,1,SUB Armbar,2,4:54
UFC 79: Nemesis,Chuck Liddell,Wanderlei Silva,Light Heavyweight,0,U-DEC,3,5:00
UFC 79: Nemesis,Eddie Sanchez,Soa Palelei,Heavyweight,0,KO/TKO Punches,3,3:24
UFC 79: Nemesis,Lyoto Machida,Rameau Thierry Sokoudjou,Light Heavyweight,0,SUB Arm Triangle,2,4:20
UFC 79: Nemesis,Rich Clementi,Melvin Guillard,Lightweight,0,SUB Rear Naked Choke,1,4:40
UFC 79: Nemesis,James Irvin,Luiz Cane,Light Heavyweight,0,DQ,1,1:51
UFC 79: Nemesis,Manvel Gamburyan,Nate Mohr,Lightweight,0,SUB Ankle Lock,1,1:31
UFC 79: Nemesis,Dean Lister,Jordan Radev,Middleweight,0,U-DEC,3,5:00
UFC 79: Nemesis,Roan Carneiro,Tony DeSouza,Welterweight,0,KO/TKO Punches,2,3:33
UFC 79: Nemesis,Mark Bocek,Doug Evans,Lightweight,0,U-DEC,3,5:00
The Ultimate Fighter: Team Hughes vs. Team Serra Finale,Roger Huerta,Clay Guida,Lightweight,0,SUB Rear Naked Choke,3,0:51
The Ultimate Fighter: Team Hughes vs. Team Serra Finale,Mac Danzig,Tommy Speer,Welterweight,1,SUB Rear Naked Choke,1,2:01
The Ultimate Fighter: Team Hughes vs. Team Serra Finale,War Machine,Jared Rollins,Welterweight,0,KO/TKO Punches,3,2:01
The Ultimate Fighter: Team Hughes vs. Team Serra Finale,George Sotiropoulos,Billy Miles,Welterweight,0,SUB Rear Naked Choke,1,1:36
The Ultimate Fighter: Team Hughes vs. Team Serra Finale,Ben Saunders,Dan Barrera,Welterweight,0,U-DEC,3,5:00
The Ultimate Fighter: Team Hughes vs. Team Serra Finale,Troy Mandaloniz,Richie Hightower,Welterweight,0,KO/TKO Punch,1,4:20
The Ultimate Fighter: Team Hughes vs. Team Serra Finale,Matt Arroyo,John Kolosci,Welterweight,0,SUB Armbar,1,4:42
The Ultimate Fighter: Team Hughes vs. Team Serra Finale,Roman Mitichyan,Dorian Price,Welterweight,0,SUB Ankle Lock,1,0:23
The Ultimate Fighter: Team Hughes vs. Team Serra Finale,Jonathan Goulet,Paul Georgieff,Welterweight,0,SUB Rear Naked Choke,1,4:42
UFC 78: Validation,Rashad Evans,Michael Bisping,Light Heavyweight,0,S-DEC,3,5:00
UFC 78: Validation,Thiago Silva,Houston Alexander,Light Heavyweight,0,KO/TKO Punches,1,3:25
UFC 78: Validation,Karo Parisyan,Ryo Chonan,Welterweight,0,U-DEC,3,5:00
UFC 78: Validation,Ed Herman,Joe Doerksen,Middleweight,0,KO/TKO Punch,3,0:39
UFC 78: Validation,Frankie Edgar,Spencer Fisher,Lightweight,0,U-DEC,3,5:00
UFC 78: Validation,Thiago Alves,Chris Lytle,Welterweight,0,KO/TKO,2,5:00
UFC 78: Validation,Joe Lauzon,Jason Reinhardt,Lightweight,0,SUB Rear Naked Choke,1,1:14
UFC 78: Validation,Marcus Aurelio,Luke Caudillo,Lightweight,0,KO/TKO Punches,1,4:29
UFC 78: Validation,Akihiro Gono,Tamdan McCrory,Welterweight,0,SUB Armbar,2,3:19
UFC 77: Hostile Territory,Anderson Silva,Rich Franklin,Middleweight,1,KO/TKO Knees,2,1:07
UFC 77: Hostile Territory,Tim Sylvia,Brandon Vera,Heavyweight,0,U-DEC,3,5:00
UFC 77: Hostile Territory,Alvin Robinson,Jorge Gurgel,Lightweight,0,U-DEC,3,5:00
UFC 77: Hostile Territory,Stephan Bonnar,Eric Schafer,Light Heavyweight,0,KO/TKO Punches,2,2:47
UFC 77: Hostile Territory,Alan Belcher,Kalib Starnes,Middleweight,0,KO/TKO,2,1:39
UFC 77: Hostile Territory,Yushin Okami,Jason MacDonald,Middleweight,0,U-DEC,3,5:00
UFC 77: Hostile Territory,Demian Maia,Ryan Jensen,Middleweight,0,SUB Rear Naked Choke,1,2:40
UFC 77: Hostile Territory,Joshua Burkman,Forrest Petz,Welterweight,0,S-DEC,3,5:00
UFC 77: Hostile Territory,Matt Grice,Jason Black,Lightweight,0,S-DEC,3,5:00
UFC 76: Knockout,Keith Jardine,Chuck Liddell,Light Heavyweight,0,S-DEC,3,5:00
UFC 76: Knockout,Forrest Griffin,Mauricio Rua,Light Heavyweight,0,SUB Rear Naked Choke,3,4:45
UFC 76: Knockout,Jon Fitch,Diego Sanchez,Welterweight,0,S-DEC,3,5:00
UFC 76: Knockout,Lyoto Machida,Kazuhiro Nakamura,Light Heavyweight,0,U-DEC,3,5:00
UFC 76: Knockout,Tyson Griffin,Thiago Tavares,Lightweight,0,U-DEC,3,5:00
UFC 76: Knockout,Rich Clementi,Anthony Johnson,Welterweight,0,SUB Rear Naked Choke,2,3:05
UFC 76: Knockout,Jeremy Stephens,Diego Saraiva,Lightweight,0,U-DEC,3,5:00
UFC 76: Knockout,Christian Wellisch,Scott Junk,Heavyweight,0,SUB Heel Hook,1,3:19
UFC 76: Knockout,Matt Wiman,Michihiro Omigawa,Lightweight,0,U-DEC,3,5:00
UFC Fight Night: Thomas vs Florian,Kenny Florian,Din Thomas,Lightweight,0,SUB Rear Naked Choke,1,4:31
UFC Fight Night: Thomas vs Florian,Chris Leben,Terry Martin,Middleweight,0,KO/TKO Punch,3,3:56
UFC Fight Night: Thomas vs Florian,Nate Diaz,Junior Assuncao,Lightweight,0,SUB Guillotine Choke,1,4:10
UFC Fight Night: Thomas vs Florian,Nate Quarry,Pete Sell,Middleweight,0,KO/TKO Punch,3,0:44
UFC Fight Night: Thomas vs Florian,Luke Cummo,Edilberto de Oliveira,Welterweight,0,KO/TKO Punches,1,1:45
UFC Fight Night: Thomas vs Florian,Cole Miller,Leonard Garcia,Lightweight,0,U-DEC,3,5:00
UFC Fight Night: Thomas vs Florian,Gray Maynard,Joe Veres,Lightweight,0,KO/TKO Punch,1,0:09
UFC Fight Night: Thomas vs Florian,Thiago Alves,Kuniyoshi Hironaka,Welterweight,0,KO/TKO Knee,2,4:04
UFC Fight Night: Thomas vs Florian,Dustin Hazelett,Jonathan Goulet,Welterweight,0,SUB Armbar,1,1:14
UFC 75: Champion vs Champion,Quinton Jackson,Dan Henderson,Light Heavyweight,1,U-DEC,5,5:00
UFC 75: Champion vs Champion,Michael Bisping,Matt Hamill,Light Heavyweight,0,S-DEC,3,5:00
UFC 75: Champion vs Champion,Cheick Kongo,Mirko Filipovic,Heavyweight,0,U-DEC,3,5:00
UFC 75: Champion vs Champion,Marcus Davis,Paul Taylor,Welterweight,0,SUB Armbar,1,4:14
UFC 75: Champion vs Champion,Houston Alexander,Alessio Sakara,Light Heavyweight,0,KO/TKO Knee,1,1:01
UFC 75: Champion vs Champion,Gleison Tibau,Terry Etim,Lightweight,0,U-DEC,3,5:00
UFC 75: Champion vs Champion,Thiago Silva,Tomasz Drwal,Light Heavyweight,0,KO/TKO Punches,2,4:23
UFC 75: Champion vs Champion,Dennis Siver,Naoyuki Kotani,Lightweight,0,KO/TKO Punch,2,2:04
UFC 75: Champion vs Champion,Jess Liaudin,Anthony Torres,Welterweight,0,KO/TKO Punches,1,4:10
UFC 74: Respect,Randy Couture,Gabriel Gonzaga,Heavyweight,1,KO/TKO Punches,3,1:37
UFC 74: Respect,Georges St-Pierre,Josh Koscheck,Welterweight,0,U-DEC,3,5:00
UFC 74: Respect,Roger Huerta,Alberto Crane,Lightweight,0,KO/TKO Punches,3,1:50
UFC 74: Respect,Joe Stevenson,Kurt Pellegrino,Lightweight,0,U-DEC,3,5:00
UFC 74: Respect,Patrick Cote,Kendall Grove,Middleweight,0,KO/TKO Punches,1,4:45
UFC 74: Respect,Renato Sobral,David Heath,Light Heavyweight,0,SUB Anaconda Choke,2,3:30
UFC 74: Respect,Frank Mir,Antoni Hardonk,Heavyweight,0,SUB Kimura,1,1:17
UFC 74: Respect,Thales Leites,Ryan Jensen,Middleweight,0,SUB Armbar,1,3:47
UFC 74: Respect,Clay Guida,Marcus Aurelio,Lightweight,0,S-DEC,3,5:00
UFC 73: Stacked,Kenny Florian,Alvin Robinson,Lightweight,0,KO/TKO Elbows,1,4:30
UFC 73: Stacked,Anderson Silva,Nate Marquardt,Middleweight,1,KO/TKO Punches,1,4:50
UFC 73: Stacked,Rashad Evans,Tito Ortiz,Light Heavyweight,0,U-DEC,3,5:00
UFC 73: Stacked,Sean Sherk,Hermes Franca,Lightweight,1,U-DEC,5,5:00
UFC 73: Stacked,Antonio Rodrigo Nogueira,Heath Herring,Heavyweight,0,U-DEC,3,5:00
UFC 73: Stacked,Stephan Bonnar,Mike Nickels,Light Heavyweight,0,SUB Rear Naked Choke,1,2:14
UFC 73: Stacked,Jorge Gurgel,Diego Saraiva,Lightweight,0,U-DEC,3,5:00
UFC 73: Stacked,Chris Lytle,Jason Gilliam,Welterweight,0,SUB Triangle Choke,1,2:15
UFC 73: Stacked,Frankie Edgar,Mark Bocek,Lightweight,0,KO/TKO Punches,1,4:55
The Ultimate Fighter: Team Pulver vs. Team Penn Finale,BJ Penn,Jens Pulver,Lightweight,0,SUB Rear Naked Choke,2,3:12
The Ultimate Fighter: Team Pulver vs. Team Penn Finale,Nate Diaz,Manvel Gamburyan,Lightweight,1,SUB Injury,2,0:20
The Ultimate Fighter: Team Pulver vs. Team Penn Finale,Thales Leites,Floyd Sword,Middleweight,0,SUB Arm Triangle,1,3:50
The Ultimate Fighter: Team Pulver vs. Team Penn Finale,Roger Huerta,Doug Evans,Lightweight,0,KO/TKO Punches,2,3:30
The Ultimate Fighter: Team Pulver vs. Team Penn Finale,Joe Lauzon,Brandon Melendez,Lightweight,0,SUB Triangle Choke,2,2:09
The Ultimate Fighter: Team Pulver vs. Team Penn Finale,Cole Miller,Andy Wang,Lightweight,0,KO/TKO Kick,1,1:10
The Ultimate Fighter: Team Pulver vs. Team Penn Finale,Gray Maynard,Rob Emerson,Lightweight,0,CNC,2,0:39
The Ultimate Fighter: Team Pulver vs. Team Penn Finale,Leonard Garcia,Allen Berube,Lightweight,0,SUB Rear Naked Choke,1,4:22
The Ultimate Fighter: Team Pulver vs. Team Penn Finale,Matt Wiman,Brian Geraghty,Lightweight,0,KO/TKO Punches,1,2:09
UFC 72: Victory,Rich Franklin,Yushin Okami,Middleweight,0,U-DEC,3,5:00
UFC 72: Victory,Forrest Griffin,Hector Ramirez,Light Heavyweight,0,U-DEC,3,5:00
UFC 72: Victory,Jason MacDonald,Rory Singer,Middleweight,0,KO/TKO Punches,2,3:18
UFC 72: Victory,Tyson Griffin,Clay Guida,Lightweight,0,S-DEC,3,5:00
UFC 72: Victory,Ed Herman,Scott Smith,Middleweight,0,SUB Rear Naked Choke,2,2:25
UFC 72: Victory,Marcus Davis,Jason Tan,Welterweight,0,KO/TKO Punches,1,1:15
UFC 72: Victory,Eddie Sanchez,Colin Robinson,Heavyweight,0,KO/TKO Elbows,2,0:32
UFC 72: Victory,Dustin Hazelett,Stevie Lynch,Welterweight,0,SUB Anaconda Choke,1,2:50
UFC Fight Night: Stout vs Fisher,Spencer Fisher,Sam Stout,Lightweight,0,U-DEC,3,5:00
UFC Fight Night: Stout vs Fisher,Jon Fitch,Roan Carneiro,Welterweight,0,SUB Rear Naked Choke,2,1:07
UFC Fight Night: Stout vs Fisher,Drew McFedries,Jordan Radev,Middleweight,0,KO/TKO Punch,1,0:33
UFC Fight Night: Stout vs Fisher,Thiago Tavares,Jason Black,Lightweight,0,SUB Triangle Choke,2,2:49
UFC Fight Night: Stout vs Fisher,Forrest Petz,Luigi Fioravanti,Welterweight,0,U-DEC,3,5:00
UFC Fight Night: Stout vs Fisher,Tamdan McCrory,Pete Spratt,Welterweight,0,SUB Triangle Choke,2,2:04
UFC Fight Night: Stout vs Fisher,Gleison Tibau,Jeff Cox,Lightweight,0,SUB Arm Triangle,1,1:52
UFC Fight Night: Stout vs Fisher,Anthony Johnson,Chad Reiner,Welterweight,0,KO/TKO Punches,1,0:13
UFC Fight Night: Stout vs Fisher,Nate Mohr,Luke Caudillo,Lightweight,0,U-DEC,3,5:00
UFC 71: Liddell vs Jackson,Quinton Jackson,Chuck Liddell,Light Heavyweight,1,KO/TKO Punch,1,1:53
UFC 71: Liddell vs Jackson,Karo Parisyan,Joshua Burkman,Welterweight,0,U-DEC,3,5:00
UFC 71: Liddell vs Jackson,Terry Martin,Ivan Salaverry,Middleweight,0,KO/TKO,1,2:04
UFC 71: Liddell vs Jackson,Houston Alexander,Keith Jardine,Light Heavyweight,0,KO/TKO Punch,1,0:48
UFC 71: Liddell vs Jackson,Kalib Starnes,Chris Leben,Middleweight,0,U-DEC,3,5:00
UFC 71: Liddell vs Jackson,Thiago Silva,James Irvin,Light Heavyweight,0,KO/TKO,1,1:06
UFC 71: Liddell vs Jackson,Alan Belcher,Sean Salmon,Light Heavyweight,0,SUB Guillotine Choke,1,0:53
UFC 71: Liddell vs Jackson,Din Thomas,Jeremy Stephens,Lightweight,0,SUB Armbar,2,2:44
UFC 71: Liddell vs Jackson,Wilson Gouveia,Carmelo Marrero,Light Heavyweight,0,SUB Guillotine Choke,1,3:06
UFC 70: Nations Collide,Gabriel Gonzaga,Mirko Filipovic,Heavyweight,0,KO/TKO Kick,1,4:51
UFC 70: Nations Collide,Andrei Arlovski,Fabricio Werdum,Heavyweight,0,U-DEC,3,5:00
UFC 70: Nations Collide,Michael Bisping,Elvis Sinosic,Light Heavyweight,0,KO/TKO Punches,2,1:40
UFC 70: Nations Collide,Lyoto Machida,David Heath,Light Heavyweight,0,U-DEC,3,5:00
UFC 70: Nations Collide,Cheick Kongo,Assuerio Silva,Heavyweight,0,M-DEC,3,5:00
UFC 70: Nations Collide,Terry Etim,Matt Grice,Lightweight,0,SUB Guillotine Choke,1,4:48
UFC 70: Nations Collide,Junior Assuncao,David Lee,Lightweight,0,SUB Rear Naked Choke,2,1:55
UFC 70: Nations Collide,Alessio Sakara,Victor Valimaki,Light Heavyweight,0,KO/TKO Punch,1,1:44
UFC 70: Nations Collide,Jess Liaudin,Dennis Siver,Welterweight,0,SUB Armbar,1,1:21
UFC 70: Nations Collide,Paul Taylor,Edilberto de Oliveira,Welterweight,0,KO/TKO Kick,3,0:37
UFC 69: Shootout,Matt Serra,Georges St-Pierre,Welterweight,1,KO/TKO Punches,1,3:25
UFC 69: Shootout,Josh Koscheck,Diego Sanchez,Welterweight,0,U-DEC,3,5:00
UFC 69: Shootout,Roger Huerta,Leonard Garcia,Lightweight,0,U-DEC,3,5:00
UFC 69: Shootout,Yushin Okami,Mike Swick,Middleweight,0,U-DEC,3,5:00
UFC 69: Shootout,Kendall Grove,Alan Belcher,Middleweight,0,SUB D'Arce Choke,2,4:42
UFC 69: Shootout,Heath Herring,Brad Imes,Heavyweight,0,U-DEC,3,5:00
UFC 69: Shootout,Thales Leites,Pete Sell,Middleweight,0,U-DEC,3,5:00
UFC 69: Shootout,Marcus Davis,Pete Spratt,Welterweight,0,SUB Ankle Lock,2,2:57
UFC 69: Shootout,Luke Cummo,Josh Haynes,Welterweight,0,KO/TKO Punches,2,2:45
UFC Fight Night: Stevenson vs Guillard,Joe Stevenson,Melvin Guillard,Lightweight,0,SUB Guillotine Choke,1,0:27
UFC Fight Night: Stevenson vs Guillard,Justin McCully,Antoni Hardonk,Heavyweight,0,U-DEC,3,5:00
UFC Fight Night: Stevenson vs Guillard,Kenny Florian,Dokonjonosuke Mishima,Lightweight,0,SUB Rear Naked Choke,3,3:57
UFC Fight Night: Stevenson vs Guillard,Wilson Gouveia,Seth Petruzelli,Light Heavyweight,0,SUB Guillotine Choke,2,0:39
UFC Fight Night: Stevenson vs Guillard,Drew Fickett,Keita Nakamura,Welterweight,0,U-DEC,3,5:00
UFC Fight Night: Stevenson vs Guillard,Kurt Pellegrino,Nate Mohr,Lightweight,0,SUB Ankle Lock,1,2:58
UFC Fight Night: Stevenson vs Guillard,Kuniyoshi Hironaka,Forrest Petz,Welterweight,0,U-DEC,3,5:00
UFC Fight Night: Stevenson vs Guillard,Roan Carneiro,Rich Clementi,Welterweight,0,U-DEC,3,5:00
UFC Fight Night: Stevenson vs Guillard,Thiago Tavares,Naoyuki Kotani,Lightweight,0,U-DEC,3,5:00
UFC 68: The Uprising,Randy Couture,Tim Sylvia,Heavyweight,1,U-DEC,5,5:00
UFC 68: The Uprising,Martin Kampmann,Drew McFedries,Middleweight,0,SUB Arm Triangle,1,4:06
UFC 68: The Uprising,Rich Franklin,Jason MacDonald,Middleweight,0,KO/TKO,2,5:00
UFC 68: The Uprising,Matt Hughes,Chris Lytle,Welterweight,0,U-DEC,3,5:00
UFC 68: The Uprising,Jason Lambert,Renato Sobral,Light Heavyweight,0,KO/TKO Punch,2,3:36
UFC 68: The Uprising,Matt Hamill,Rex Holman,Light Heavyweight,0,KO/TKO Punches,1,4:00
UFC 68: The Uprising,Jon Fitch,Luigi Fioravanti,Welterweight,0,SUB Rear Naked Choke,2,3:05
UFC 68: The Uprising,Gleison Tibau,Jason Dent,Lightweight,0,U-DEC,3,5:00
UFC 68: The Uprising,Jamie Varner,Jason Gilliam,Lightweight,0,SUB Rear Naked Choke,1,1:34
UFC 67: All or Nothing,Anderson Silva,Travis Lutter,Middleweight,0,SUB Triangle Choke,2,2:11
UFC 67: All or Nothing,Mirko Filipovic,Eddie Sanchez,Heavyweight,0,KO/TKO Punches,1,4:33
UFC 67: All or Nothing,Roger Huerta,John Halverson,Lightweight,0,KO/TKO Punches,1,0:19
UFC 67: All or Nothing,Quinton Jackson,Marvin Eastman,Light Heavyweight,0,KO/TKO Punches,2,3:49
UFC 67: All or Nothing,Patrick Cote,Scott Smith,Middleweight,0,U-DEC,3,5:00
UFC 67: All or Nothing,Terry Martin,Jorge Rivera,Middleweight,0,KO/TKO Punch,1,0:14
UFC 67: All or Nothing,Frankie Edgar,Tyson Griffin,Lightweight,0,U-DEC,3,5:00
UFC 67: All or Nothing,Lyoto Machida,Sam Hoger,Light Heavyweight,0,U-DEC,3,5:00
UFC 67: All or Nothing,Dustin Hazelett,Diego Saraiva,Lightweight,0,U-DEC,3,5:00
UFC Fight Night: Evans vs Salmon,Rashad Evans,Sean Salmon,Light Heavyweight,0,KO/TKO Kick,2,1:06
UFC Fight Night: Evans vs Salmon,Jake O'Brien,Heath Herring,Heavyweight,0,U-DEC,3,5:00
UFC Fight Night: Evans vs Salmon,Hermes Franca,Spencer Fisher,Lightweight,0,KO/TKO Punch,2,4:03
UFC Fight Night: Evans vs Salmon,Nate Marquardt,Dean Lister,Middleweight,0,U-DEC,3,5:00
UFC Fight Night: Evans vs Salmon,Joshua Burkman,Chad Reiner,Welterweight,0,U-DEC,3,5:00
UFC Fight Night: Evans vs Salmon,Ed Herman,Chris Price,Middleweight,0,SUB Armbar,1,2:58
UFC Fight Night: Evans vs Salmon,Din Thomas,Clay Guida,Lightweight,0,U-DEC,3,5:00
UFC Fight Night: Evans vs Salmon,Rich Clementi,Ross Pointon,Welterweight,0,SUB Rear Naked Choke,2,4:53
UFC 66: Liddell vs Ortiz 2,Chuck Liddell,Tito Ortiz,Light Heavyweight,1,KO/TKO Punches,3,3:59
UFC 66: Liddell vs Ortiz 2,Keith Jardine,Forrest Griffin,Light Heavyweight,0,KO/TKO Punches,1,4:41
UFC 66: Liddell vs Ortiz 2,Jason MacDonald,Chris Leben,Middleweight,0,SUB Guillotine Choke,2,4:03
UFC 66: Liddell vs Ortiz 2,Andrei Arlovski,Marcio Cruz,Heavyweight,0,KO/TKO Punches,1,3:15
UFC 66: Liddell vs Ortiz 2,Michael Bisping,Eric Schafer,Light Heavyweight,0,KO/TKO Punches,1,4:24
UFC 66: Liddell vs Ortiz 2,Thiago Alves,Tony DeSouza,Welterweight,0,KO/TKO Knee,2,1:10
UFC 66: Liddell vs Ortiz 2,Gabriel Gonzaga,Carmelo Marrero,Heavyweight,0,SUB Armbar,1,3:22
UFC 66: Liddell vs Ortiz 2,Yushin Okami,Rory Singer,Middleweight,0,KO/TKO Punches,3,4:03
UFC 66: Liddell vs Ortiz 2,Christian Wellisch,Anthony Perosh,Heavyweight,0,U-DEC,3,5:00
UFC Fight Night: Sanchez vs Riggs,Diego Sanchez,Joe Riggs,Welterweight,0,KO/TKO Flying Knee,1,1:45
UFC Fight Night: Sanchez vs Riggs,Josh Koscheck,Jeff Joslin,Welterweight,0,U-DEC,3,5:00
UFC Fight Night: Sanchez vs Riggs,Karo Parisyan,Drew Fickett,Welterweight,0,U-DEC,3,5:00
UFC Fight Night: Sanchez vs Riggs,Marcus Davis,Shonie Carter,Welterweight,0,U-DEC,3,5:00
UFC Fight Night: Sanchez vs Riggs,David Heath,Victor Valimaki,Light Heavyweight,0,S-DEC,3,5:00
UFC Fight Night: Sanchez vs Riggs,Alan Belcher,Jorge Santiago,Middleweight,0,KO/TKO Kick,3,2:45
UFC Fight Night: Sanchez vs Riggs,Luigi Fioravanti,Dave Menne,Welterweight,0,KO/TKO Punches,1,4:44
UFC Fight Night: Sanchez vs Riggs,Brock Larson,Keita Nakamura,Welterweight,0,U-DEC,3,5:00
UFC Fight Night: Sanchez vs Riggs,Logan Clark,Steve Byrnes,Middleweight,0,U-DEC,3,5:00
UFC 65: Bad Intentions,Georges St-Pierre,Matt Hughes,Welterweight,1,KO/TKO Kick,2,1:25
UFC 65: Bad Intentions,Tim Sylvia,Jeff Monson,Heavyweight,1,U-DEC,5,5:00
UFC 65: Bad Intentions,Drew McFedries,Alessio Sakara,Light Heavyweight,0,KO/TKO Punches,1,4:07
UFC 65: Bad Intentions,Brandon Vera,Frank Mir,Heavyweight,0,KO/TKO Punches,1,1:09
UFC 65: Bad Intentions,Joe Stevenson,Dokonjonosuke Mishima,Lightweight,0,SUB Guillotine Choke,1,2:07
UFC 65: Bad Intentions,Nick Diaz,Gleison Tibau,Welterweight,0,KO/TKO Punches,2,2:27
UFC 65: Bad Intentions,Antoni Hardonk,Sherman Pendergarst,Heavyweight,0,KO/TKO Punch,1,3:15
UFC 65: Bad Intentions,James Irvin,Hector Ramirez,Light Heavyweight,0,KO/TKO Punch,2,2:36
UFC 65: Bad Intentions,Jake O'Brien,Josh Shockman,Heavyweight,0,U-DEC,3,5:00
The Ultimate Fighter: The Comeback Finale,Matt Serra,Chris Lytle,Welterweight,1,S-DEC,3,5:00
The Ultimate Fighter: The Comeback Finale,Travis Lutter,Patrick Cote,Middleweight,1,SUB Armbar,1,2:18
The Ultimate Fighter: The Comeback Finale,Din Thomas,Rich Clementi,Lightweight,0,SUB Rear Naked Choke,2,3:11
The Ultimate Fighter: The Comeback Finale,Jorge Rivera,Edwin DeWees,Middleweight,0,KO/TKO Punches,1,2:37
The Ultimate Fighter: The Comeback Finale,Pete Spratt,Jeremy Jackson,Welterweight,0,SUB Injury,2,1:11
The Ultimate Fighter: The Comeback Finale,Scott Smith,Pete Sell,Middleweight,0,KO/TKO Punch,2,3:25
The Ultimate Fighter: The Comeback Finale,Charles McCarthy,Gideon Ray,Middleweight,0,SUB Armbar,1,4:43
The Ultimate Fighter: The Comeback Finale,Martin Kampmann,Thales Leites,Middleweight,0,U-DEC,3,5:00
UFC 64: Unstoppable,Anderson Silva,Rich Franklin,Middleweight,1,KO/TKO Knees,1,2:59
UFC 64: Unstoppable,Sean Sherk,Kenny Florian,Lightweight,1,U-DEC,5,5:00
UFC 64: Unstoppable,Jon Fitch,Kuniyoshi Hironaka,Welterweight,0,U-DEC,3,5:00
UFC 64: Unstoppable,Carmelo Marrero,Cheick Kongo,Heavyweight,0,S-DEC,3,5:00
UFC 64: Unstoppable,Spencer Fisher,Dan Lauzon,Lightweight,0,KO/TKO Punches,1,4:38
UFC 64: Unstoppable,Yushin Okami,Kalib Starnes,Middleweight,0,KO/TKO Punches,3,1:40
UFC 64: Unstoppable,Clay Guida,Justin James,Lightweight,0,SUB Rear Naked Choke,2,4:42
UFC 64: Unstoppable,Kurt Pellegrino,Junior Assuncao,Lightweight,0,SUB Rear Naked Choke,1,2:04
Ortiz vs Shamrock 3: The Final Chapter,Tito Ortiz,Ken Shamrock,Light Heavyweight,0,KO/TKO Punches,1,2:23
Ortiz vs Shamrock 3: The Final Chapter,Kendall Grove,Chris Price,Middleweight,0,KO/TKO Elbows,1,3:59
Ortiz vs Shamrock 3: The Final Chapter,Jason MacDonald,Ed Herman,Middleweight,0,SUB Triangle Choke,1,2:43
Ortiz vs Shamrock 3: The Final Chapter,Matt Hamill,Seth Petruzelli,Light Heavyweight,0,U-DEC,3,5:00
Ortiz vs Shamrock 3: The Final Chapter,Nate Marquardt,Crafton Wallace,Middleweight,0,SUB Rear Naked Choke,2,1:14
Ortiz vs Shamrock 3: The Final Chapter,Tony DeSouza,Dustin Hazelett,Welterweight,0,SUB Kimura,1,3:59
Ortiz vs Shamrock 3: The Final Chapter,Rory Singer,Josh Haynes,Middleweight,0,U-DEC,3,5:00
Ortiz vs Shamrock 3: The Final Chapter,Thiago Alves,John Alessio,Welterweight,0,U-DEC,3,5:00
Ortiz vs Shamrock 3: The Final Chapter,Marcus Davis,Forrest Petz,Welterweight,0,SUB Guillotine Choke,1,4:58
UFC 63: Hughes vs Penn,Matt Hughes,BJ Penn,Welterweight,1,KO/TKO Punches,3,3:53
UFC 63: Hughes vs Penn,Mike Swick,David Loiseau,Middleweight,0,U-DEC,3,5:00
UFC 63: Hughes vs Penn,Melvin Guillard,Gabe Ruediger,Lightweight,0,KO/TKO Punch,2,1:01
UFC 63: Hughes vs Penn,Rashad Evans,Jason Lambert,Light Heavyweight,0,KO/TKO Punches,2,2:22
UFC 63: Hughes vs Penn,Joe Lauzon,Jens Pulver,Lightweight,0,KO/TKO Punch,1,0:48
UFC 63: Hughes vs Penn,Roger Huerta,Jason Dent,Lightweight,0,U-DEC,3,5:00
UFC 63: Hughes vs Penn,Eddie Sanchez,Mario Neto,Heavyweight,0,KO/TKO Punch,2,0:17
UFC 63: Hughes vs Penn,Jorge Gurgel,Danny Abbadi,Lightweight,0,S-DEC,3,5:00
UFC 63: Hughes vs Penn,Tyson Griffin,David Lee,Lightweight,0,SUB Rear Naked Choke,1,1:50
UFC 62: Liddell vs Sobral,Chuck Liddell,Renato Sobral,Light Heavyweight,1,KO/TKO Punches,1,1:35
UFC 62: Liddell vs Sobral,Forrest Griffin,Stephan Bonnar,Light Heavyweight,0,U-DEC,3,5:00
UFC 62: Liddell vs Sobral,Nick Diaz,Josh Neer,Welterweight,0,SUB Kimura,3,1:42
UFC 62: Liddell vs Sobral,Cheick Kongo,Christian Wellisch,Heavyweight,0,KO/TKO Knee,1,2:51
UFC 62: Liddell vs Sobral,Hermes Franca,Jamie Varner,Lightweight,0,SUB Armbar,3,3:31
UFC 62: Liddell vs Sobral,Eric Schafer,Rob MacDonald,Light Heavyweight,0,SUB Arm Triangle,1,2:26
UFC 62: Liddell vs Sobral,Wilson Gouveia,Wes Combs,Light Heavyweight,0,SUB Rear Naked Choke,1,3:23
UFC 62: Liddell vs Sobral,David Heath,Cory Walmsley,Light Heavyweight,0,SUB Rear Naked Choke,1,2:32
UFC 62: Liddell vs Sobral,Yushin Okami,Alan Belcher,Middleweight,0,U-DEC,3,5:00
UFC Fight Night 6,Diego Sanchez,Karo Parisyan,Welterweight,0,U-DEC,3,5:00
UFC Fight Night 6,Chris Leben,Jorge Santiago,Middleweight,0,KO/TKO Punches,2,0:35
UFC Fight Night 6,Dean Lister,Yuki Sasaki,Middleweight,0,U-DEC,3,5:00
UFC Fight Night 6,Josh Koscheck,Jonathan Goulet,Welterweight,0,KO/TKO Punches,1,4:10
UFC Fight Night 6,Martin Kampmann,Crafton Wallace,Middleweight,0,SUB Rear Naked Choke,1,2:59
UFC Fight Night 6,Joe Riggs,Jason Von Flue,Welterweight,0,SUB Triangle Choke,1,2:01
UFC Fight Night 6,Jake O'Brien,Kristof Midoux,Heavyweight,0,KO/TKO Punches,2,0:52
UFC Fight Night 6,Forrest Petz,Sammy Morgan,Welterweight,0,U-DEC,3,5:00
UFC Fight Night 6,Anthony Torres,Pat Healy,Welterweight,0,SUB Rear Naked Choke,1,2:37
UFC 61: Bitter Rivals,Tim Sylvia,Andrei Arlovski,Heavyweight,1,U-DEC,5,5:00
UFC 61: Bitter Rivals,Joshua Burkman,Josh Neer,Welterweight,0,U-DEC,3,5:00
UFC 61: Bitter Rivals,Tito Ortiz,Ken Shamrock,Light Heavyweight,0,KO/TKO Elbows,1,1:18
UFC 61: Bitter Rivals,Frank Mir,Dan Christison,Heavyweight,0,U-DEC,3,5:00
UFC 61: Bitter Rivals,Joe Stevenson,Yves Edwards,Lightweight,0,KO/TKO,2,5:00
UFC 61: Bitter Rivals,Hermes Franca,Joe Jordan,Catch Weight,0,SUB Triangle Choke,3,0:47
UFC 61: Bitter Rivals,Jeff Monson,Anthony Perosh,Heavyweight,0,KO/TKO Punches,1,2:42
UFC 61: Bitter Rivals,Cheick Kongo,Gilbert Aldana,Heavyweight,0,KO/TKO,1,4:13
UFC 61: Bitter Rivals,Drew Fickett,Kurt Pellegrino,Welterweight,0,SUB Rear Naked Choke,3,1:20
UFC Fight Night 5,Jonathan Goulet,Luke Cummo,Welterweight,0,M-DEC,3,5:00
UFC Fight Night 5,Anderson Silva,Chris Leben,Middleweight,0,KO/TKO Punches,1,0:49
UFC Fight Night 5,Rashad Evans,Stephan Bonnar,Light Heavyweight,0,M-DEC,3,5:00
UFC Fight Night 5,Mark Hominick,Jorge Gurgel,Lightweight,0,U-DEC,3,5:00
UFC Fight Night 5,Josh Koscheck,Dave Menne,Welterweight,0,U-DEC,3,5:00
UFC Fight Night 5,Jason Lambert,Branden Lee Hinkle,Light Heavyweight,0,KO/TKO Punches,1,5:00
UFC Fight Night 5,Jon Fitch,Thiago Alves,Welterweight,0,KO/TKO Kick,2,4:37
UFC Fight Night 5,Rob MacDonald,Kristian Rothaermel,Light Heavyweight,0,SUB Armbar,1,4:01
UFC Fight Night 5,Jorge Santiago,Justin Levens,Middleweight,0,KO/TKO Knee,1,2:13
The Ultimate Fighter: Team Ortiz vs. Team Shamrock Finale,Kenny Florian,Sam Stout,Lightweight,0,SUB Rear Naked Choke,1,1:46
The Ultimate Fighter: Team Ortiz vs. Team Shamrock Finale,Michael Bisping,Josh Haynes,Light Heavyweight,1,KO/TKO Punches,2,4:14
The Ultimate Fighter: Team Ortiz vs. Team Shamrock Finale,Kendall Grove,Ed Herman,Middleweight,1,U-DEC,3,5:00
The Ultimate Fighter: Team Ortiz vs. Team Shamrock Finale,Keith Jardine,Wilson Gouveia,Light Heavyweight,0,U-DEC,3,5:00
The Ultimate Fighter: Team Ortiz vs. Team Shamrock Finale,Rory Singer,Ross Pointon,Middleweight,0,SUB Triangle Choke,1,0:44
The Ultimate Fighter: Team Ortiz vs. Team Shamrock Finale,Kalib Starnes,Danny Abbadi,Middleweight,0,SUB Rear Naked Choke,1,2:56
The Ultimate Fighter: Team Ortiz vs. Team Shamrock Finale,Luigi Fioravanti,Solomon Hutcherson,Middleweight,0,KO/TKO Punch,1,4:15
The Ultimate Fighter: Team Ortiz vs. Team Shamrock Finale,Matt Hamill,Jesse Forbes,Light Heavyweight,0,KO/TKO Elbows,1,4:47
The Ultimate Fighter: Team Ortiz vs. Team Shamrock Finale,Mike Nickels,Wes Combs,Light Heavyweight,0,SUB Rear Naked Choke,1,3:10
UFC 60: Hughes vs Gracie,Matt Hughes,Royce Gracie,Catch Weight,0,KO/TKO Punches,1,4:39
UFC 60: Hughes vs Gracie,Dean Lister,Alessio Sakara,Light Heavyweight,0,SUB Triangle Choke,1,2:20
UFC 60: Hughes vs Gracie,Diego Sanchez,John Alessio,Welterweight,0,U-DEC,3,5:00
UFC 60: Hughes vs Gracie,Brandon Vera,Assuerio Silva,Heavyweight,0,SUB Guillotine Choke,1,2:39
UFC 60: Hughes vs Gracie,Mike Swick,Joe Riggs,Middleweight,0,SUB Guillotine Choke,1,2:19
UFC 60: Hughes vs Gracie,Jeremy Horn,Chael Sonnen,Middleweight,0,SUB Armbar,2,1:17
UFC 60: Hughes vs Gracie,Spencer Fisher,Matt Wiman,Lightweight,0,KO/TKO Flying Knee,2,1:43
UFC 60: Hughes vs Gracie,Gabriel Gonzaga,Fabiano Scherner,Heavyweight,0,KO/TKO Punch,2,0:24
UFC 60: Hughes vs Gracie,Melvin Guillard,Rick Davis,Lightweight,0,KO/TKO Punch,1,1:37
UFC 59: Reality Check,Tim Sylvia,Andrei Arlovski,Heavyweight,1,KO/TKO Punch,1,2:43
UFC 59: Reality Check,Sean Sherk,Nick Diaz,Welterweight,0,U-DEC,3,5:00
UFC 59: Reality Check,Tito Ortiz,Forrest Griffin,Light Heavyweight,0,S-DEC,3,5:00
UFC 59: Reality Check,Evan Tanner,Justin Levens,Middleweight,0,SUB Triangle Choke,1,3:14
UFC 59: Reality Check,Jeff Monson,Marcio Cruz,Heavyweight,0,S-DEC,3,5:00
UFC 59: Reality Check,Karo Parisyan,Nick Thompson,Welterweight,0,KO/TKO Punches,1,4:44
UFC 59: Reality Check,David Terrell,Scott Smith,Middleweight,0,SUB Rear Naked Choke,1,3:08
UFC 59: Reality Check,Jason Lambert,Terry Martin,Light Heavyweight,0,KO/TKO Punches,2,2:37
UFC 59: Reality Check,Thiago Alves,Derrick Noble,Welterweight,0,KO/TKO Punches,1,2:54
UFC Fight Night 4,Stephan Bonnar,Keith Jardine,Light Heavyweight,0,U-DEC,3,5:00
UFC Fight Night 4,Rashad Evans,Sam Hoger,Light Heavyweight,0,S-DEC,3,5:00
UFC Fight Night 4,Josh Neer,Joe Stevenson,Welterweight,0,U-DEC,3,5:00
UFC Fight Night 4,Chris Leben,Luigi Fioravanti,Middleweight,0,U-DEC,3,5:00
UFC Fight Night 4,Luke Cummo,Jason Von Flue,Welterweight,0,U-DEC,3,5:00
UFC Fight Night 4,Jon Fitch,Joshua Burkman,Welterweight,0,SUB Rear Naked Choke,2,4:57
UFC Fight Night 4,Dan Christison,Brad Imes,Heavyweight,0,SUB Armbar,3,3:37
UFC Fight Night 4,Josh Koscheck,Ansar Chalangov,Welterweight,0,SUB Rear Naked Choke,1,3:29
UFC Fight Night 4,Chael Sonnen,Trevor Prangley,Middleweight,0,U-DEC,3,5:00
UFC 58: USA vs Canada,Rich Franklin,David Loiseau,Middleweight,1,U-DEC,5,5:00
UFC 58: USA vs Canada,Mike Swick,Steve Vigneault,Middleweight,0,SUB Guillotine Choke,1,2:09
UFC 58: USA vs Canada,Georges St-Pierre,BJ Penn,Welterweight,0,S-DEC,3,5:00
UFC 58: USA vs Canada,Nate Marquardt,Joe Doerksen,Middleweight,0,U-DEC,3,5:00
UFC 58: USA vs Canada,Mark Hominick,Yves Edwards,Lightweight,0,SUB Triangle Choke,2,1:52
UFC 58: USA vs Canada,Sam Stout,Spencer Fisher,Lightweight,0,S-DEC,3,5:00
UFC 58: USA vs Canada,Jason Lambert,Rob MacDonald,Light Heavyweight,0,SUB Kimura,1,1:54
UFC 58: USA vs Canada,Tom Murphy,Icho Larenas,Heavyweight,0,KO/TKO Punches,3,1:59
UFC 57: Liddell vs Couture 3,Chuck Liddell,Randy Couture,Light Heavyweight,1,KO/TKO Punch,2,1:28
UFC 57: Liddell vs Couture 3,Brandon Vera,Justin Eilers,Heavyweight,0,KO/TKO Kick,1,1:25
UFC 57: Liddell vs Couture 3,Marcio Cruz,Frank Mir,Heavyweight,0,KO/TKO Punches,1,4:10
UFC 57: Liddell vs Couture 3,Renato Sobral,Mike van Arsdale,Light Heavyweight,0,SUB Rear Naked Choke,1,2:21
UFC 57: Liddell vs Couture 3,Joe Riggs,Nick Diaz,Welterweight,0,U-DEC,3,5:00
UFC 57: Liddell vs Couture 3,Alessio Sakara,Elvis Sinosic,Light Heavyweight,0,U-DEC,3,5:00
UFC 57: Liddell vs Couture 3,Paul Buentello,Gilbert Aldana,Heavyweight,0,KO/TKO Punches,2,2:27
UFC 57: Liddell vs Couture 3,Jeff Monson,Branden Lee Hinkle,Heavyweight,0,SUB North-South Choke,1,4:35
UFC 57: Liddell vs Couture 3,Keith Jardine,Mike Whitehead,Light Heavyweight,0,U-DEC,3,5:00
UFC Fight Night 3,Tim Sylvia,Assuerio Silva,Heavyweight,0,U-DEC,3,5:00
UFC Fight Night 3,Stephan Bonnar,James Irvin,Light Heavyweight,0,SUB Kimura,1,4:30
UFC Fight Night 3,Joshua Burkman,Drew Fickett,Welterweight,0,SUB Guillotine Choke,1,1:07
UFC Fight Night 3,Chris Leben,Jorge Rivera,Middleweight,0,KO/TKO Punch,1,1:44
UFC Fight Night 3,Josh Neer,Melvin Guillard,Welterweight,0,SUB Triangle Choke,1,4:20
UFC Fight Night 3,Duane Ludwig,Jonathan Goulet,Welterweight,0,KO/TKO Punch,1,0:06
UFC Fight Night 3,Spencer Fisher,Aaron Riley,Welterweight,0,KO/TKO,1,5:00
UFC Fight Night 3,Jason Von Flue,Alex Karalexis,Welterweight,0,SUB Von Flue Choke,3,1:17
UFC 56: Full Force,Rich Franklin,Nate Quarry,Middleweight,1,KO/TKO Punch,1,2:34
UFC 56: Full Force,Gabriel Gonzaga,Kevin Jordan,Heavyweight,0,KO/TKO Punch,3,4:39
UFC 56: Full Force,Matt Hughes,Joe Riggs,Welterweight,0,SUB Kimura,1,3:28
UFC 56: Full Force,Georges St-Pierre,Sean Sherk,Welterweight,0,KO/TKO Elbows,2,2:53
UFC 56: Full Force,Jeremy Horn,Trevor Prangley,Middleweight,0,U-DEC,3,5:00
UFC 56: Full Force,Sam Hoger,Jeff Newton,Light Heavyweight,0,SUB Rear Naked Choke,2,2:05
UFC 56: Full Force,Thiago Alves,Ansar Chalangov,Welterweight,0,KO/TKO Punches,1,2:25
UFC 56: Full Force,Nick Thompson,Keith Wisniewski,Welterweight,0,U-DEC,3,5:00
The Ultimate Fighter: Team Hughes vs. Team Franklin Finale,Diego Sanchez,Nick Diaz,Welterweight,0,U-DEC,3,5:00
The Ultimate Fighter: Team Hughes vs. Team Franklin Finale,Rashad Evans,Brad Imes,Heavyweight,1,S-DEC,3,5:00
The Ultimate Fighter: Team Hughes vs. Team Franklin Finale,Joe Stevenson,Luke Cummo,Welterweight,1,U-DEC,3,5:00
The Ultimate Fighter: Team Hughes vs. Team Franklin Finale,Kenny Florian,Kit Cope,Welterweight,0,SUB Rear Naked Choke,2,0:37
The Ultimate Fighter: Team Hughes vs. Team Franklin Finale,Joshua Burkman,Sammy Morgan,Welterweight,0,KO/TKO Slam,1,0:21
The Ultimate Fighter: Team Hughes vs. Team Franklin Finale,Melvin Guillard,Marcus Davis,Welterweight,0,KO/TKO,2,2:55
The Ultimate Fighter: Team Hughes vs. Team Franklin Finale,Keith Jardine,Kerry Schall,Heavyweight,0,KO/TKO Kicks,2,3:28
UFC 55: Fury,Andrei Arlovski,Paul Buentello,Heavyweight,1,KO/TKO Punch,1,0:15
UFC 55: Fury,Branden Lee Hinkle,Sean Gannon,Heavyweight,0,KO/TKO Punches,1,4:14
UFC 55: Fury,Forrest Griffin,Elvis Sinosic,Light Heavyweight,0,KO/TKO Punches,1,3:30
UFC 55: Fury,Renato Sobral,Chael Sonnen,Light Heavyweight,0,SUB Triangle Choke,2,1:20
UFC 55: Fury,Joe Riggs,Chris Lytle,Welterweight,0,KO/TKO,2,2:00
UFC 55: Fury,Jorge Rivera,Dennis Hallman,Middleweight,0,U-DEC,3,5:00
UFC 55: Fury,Marcio Cruz,Keigo Kunihara,Heavyweight,0,SUB Rear Naked Choke,2,1:02
UFC 55: Fury,Alessio Sakara,Ron Faircloth,Light Heavyweight,0,CNC,2,0:10
UFC Fight Night 2,David Loiseau,Evan Tanner,Middleweight,0,KO/TKO,2,4:15
UFC Fight Night 2,Chris Leben,Edwin DeWees,Middleweight,0,SUB Armbar,1,3:26
UFC Fight Night 2,Brandon Vera,Fabiano Scherner,Heavyweight,0,KO/TKO Knee,2,3:22
UFC Fight Night 2,Drew Fickett,Josh Koscheck,Welterweight,0,SUB Rear Naked Choke,3,4:28
UFC Fight Night 2,Spencer Fisher,Thiago Alves,Welterweight,0,SUB Triangle Choke,2,4:43
UFC Fight Night 2,Jon Fitch,Brock Larson,Middleweight,0,U-DEC,3,5:00
UFC Fight Night 2,Jonathan Goulet,Jay Hieron,Welterweight,0,KO/TKO,3,1:05
UFC 54: Boiling Point,Chuck Liddell,Jeremy Horn,Light Heavyweight,1,KO/TKO Punches,4,2:46
UFC 54: Boiling Point,Tim Sylvia,Tra Telligman,Heavyweight,0,KO/TKO Kick,1,4:59
UFC 54: Boiling Point,Randy Couture,Mike van Arsdale,Light Heavyweight,0,SUB Anaconda Choke,3,0:52
UFC 54: Boiling Point,Diego Sanchez,Brian Gassaway,Welterweight,0,KO/TKO Punches,2,1:56
UFC 54: Boiling Point,Georges St-Pierre,Frank Trigg,Welterweight,0,SUB Rear Naked Choke,1,4:09
UFC 54: Boiling Point,Matt Lindland,Joe Doerksen,Middleweight,0,U-DEC,3,5:00
UFC 54: Boiling Point,Trevor Prangley,Travis Lutter,Middleweight,0,U-DEC,3,5:00
UFC 54: Boiling Point,James Irvin,Terry Martin,Light Heavyweight,0,KO/TKO Flying Knee,2,0:09
UFC Fight Night 1,Nate Marquardt,Ivan Salaverry,Middleweight,0,U-DEC,3,5:00
UFC Fight Night 1,Chris Leben,Patrick Cote,Middleweight,0,S-DEC,3,5:00
UFC Fight Night 1,Stephan Bonnar,Sam Hoger,Light Heavyweight,0,U-DEC,3,5:00
UFC Fight Night 1,Nate Quarry,Pete Sell,Middleweight,0,KO/TKO Punches,1,0:42
UFC Fight Night 1,Josh Koscheck,Pete Spratt,Welterweight,0,SUB Rear Naked Choke,1,1:53
UFC Fight Night 1,Mike Swick,Gideon Ray,Middleweight,0,KO/TKO Punches,1,0:22
UFC Fight Night 1,Kenny Florian,Alex Karalexis,Welterweight,0,KO/TKO,2,2:52
UFC Fight Night 1,Drew Fickett,Josh Neer,Welterweight,0,SUB Rear Naked Choke,1,1:35
UFC 53: Heavy Hitters,Andrei Arlovski,Justin Eilers,Heavyweight,1,KO/TKO Punches,1,4:10
UFC 53: Heavy Hitters,Karo Parisyan,Matt Serra,Welterweight,0,U-DEC,3,5:00
UFC 53: Heavy Hitters,Rich Franklin,Evan Tanner,Middleweight,1,KO/TKO,4,3:25
UFC 53: Heavy Hitters,Forrest Griffin,Bill Mahood,Light Heavyweight,0,SUB Rear Naked Choke,1,2:18
UFC 53: Heavy Hitters,Paul Buentello,Kevin Jordan,Heavyweight,0,SUB Neck Crank,1,4:00
UFC 53: Heavy Hitters,Nate Quarry,Shonie Carter,Middleweight,0,KO/TKO Punches,1,2:37
UFC 53: Heavy Hitters,David Loiseau,Charles McCarthy,Middleweight,0,KO/TKO Spinning Back Kick,2,2:10
UFC 53: Heavy Hitters,Nick Diaz,Koji Oishi,Welterweight,0,KO/TKO Punch,1,1:24
UFC 52: Couture vs Liddell 2,Chuck Liddell,Randy Couture,Light Heavyweight,1,KO/TKO Punch,1,2:06
UFC 52: Couture vs Liddell 2,Renato Sobral,Travis Wiuff,Light Heavyweight,0,SUB Armbar,2,0:24
UFC 52: Couture vs Liddell 2,Matt Hughes,Frank Trigg,Welterweight,1,SUB Rear Naked Choke,1,4:05
UFC 52: Couture vs Liddell 2,Matt Lindland,Travis Lutter,Middleweight,0,SUB Guillotine Choke,2,3:13
UFC 52: Couture vs Liddell 2,Georges St-Pierre,Jason Miller,Welterweight,0,U-DEC,3,5:00
UFC 52: Couture vs Liddell 2,Ivan Salaverry,Joe Riggs,Middleweight,0,SUB Triangle Choke,1,2:42
UFC 52: Couture vs Liddell 2,Joe Doerksen,Patrick Cote,Middleweight,0,SUB Rear Naked Choke,3,2:35
UFC 52: Couture vs Liddell 2,Mike van Arsdale,John Marsh,Heavyweight,0,U-DEC,3,5:00
The Ultimate Fighter: Team Couture vs. Team Liddell Finale,Rich Franklin,Ken Shamrock,Light Heavyweight,0,KO/TKO Punches,1,2:42
The Ultimate Fighter: Team Couture vs. Team Liddell Finale,Forrest Griffin,Stephan Bonnar,Light Heavyweight,1,U-DEC,3,5:00
The Ultimate Fighter: Team Couture vs. Team Liddell Finale,Diego Sanchez,Kenny Florian,Middleweight,1,KO/TKO Punches,1,2:49
The Ultimate Fighter: Team Couture vs. Team Liddell Finale,Sam Hoger,Bobby Southworth,Light Heavyweight,0,U-DEC,3,5:00
The Ultimate Fighter: Team Couture vs. Team Liddell Finale,Chris Leben,Jason Thacker,Middleweight,0,KO/TKO Punches,1,1:35
The Ultimate Fighter: Team Couture vs. Team Liddell Finale,Josh Koscheck,Chris Sanford,Middleweight,0,KO/TKO Punches,1,4:21
The Ultimate Fighter: Team Couture vs. Team Liddell Finale,Nate Quarry,Lodune Sincaid,Middleweight,0,KO/TKO Punches,1,3:17
The Ultimate Fighter: Team Couture vs. Team Liddell Finale,Mike Swick,Alex Schoenauer,Middleweight,0,KO/TKO Punch,1,0:20
The Ultimate Fighter: Team Couture vs. Team Liddell Finale,Alex Karalexis,Josh Rafferty,Welterweight,0,KO/TKO Punches,1,1:40
UFC 51: Super Saturday,Tito Ortiz,Vitor Belfort,Light Heavyweight,0,S-DEC,3,5:00
UFC 51: Super Saturday,Pete Sell,Phil Baroni,Middleweight,0,SUB Guillotine Choke,3,4:19
UFC 51: Super Saturday,Andrei Arlovski,Tim Sylvia,Heavyweight,1,SUB Ankle Lock,1,0:47
UFC 51: Super Saturday,Evan Tanner,David Terrell,Middleweight,1,KO/TKO Punches,1,4:35
UFC 51: Super Saturday,Paul Buentello,Justin Eilers,Heavyweight,0,KO/TKO Punches,1,3:34
UFC 51: Super Saturday,Mike Kyle,James Irvin,Heavyweight,0,KO/TKO Punch,1,1:55
UFC 51: Super Saturday,David Loiseau,Gideon Ray,Middleweight,0,KO/TKO,1,5:00
UFC 51: Super Saturday,Karo Parisyan,Chris Lytle,Welterweight,0,U-DEC,3,5:00
UFC 51: Super Saturday,Nick Diaz,Drew Fickett,Welterweight,0,KO/TKO Punches,1,4:40
UFC 50: The War Of '04,Tito Ortiz,Patrick Cote,Light Heavyweight,0,U-DEC,3,5:00
UFC 50: The War Of '04,Rich Franklin,Jorge Rivera,Middleweight,0,SUB Armbar,3,4:28
UFC 50: The War Of '04,Matt Hughes,Georges St-Pierre,Welterweight,1,SUB Armbar,1,4:59
UFC 50: The War Of '04,Frank Trigg,Renato Verissimo,Welterweight,0,KO/TKO Elbows,2,2:11
UFC 50: The War Of '04,Evan Tanner,Robbie Lawler,Middleweight,0,SUB Triangle Choke,1,2:22
UFC 50: The War Of '04,Ivan Salaverry,Tony Fryklund,Middleweight,0,SUB Other - Lock,1,1:36
UFC 50: The War Of '04,Travis Lutter,Marvin Eastman,Light Heavyweight,0,KO/TKO Punch,2,0:33
UFC 49: Unfinished Business,Randy Couture,Vitor Belfort,Light Heavyweight,1,KO/TKO,3,5:00
UFC 49: Unfinished Business,Joe Riggs,Joe Doerksen,Middleweight,0,KO/TKO Elbows,2,3:39
UFC 49: Unfinished Business,Chuck Liddell,Vernon White,Light Heavyweight,0,KO/TKO Punch,1,4:05
UFC 49: Unfinished Business,David Terrell,Matt Lindland,Middleweight,0,KO/TKO Punch,1,0:24
UFC 49: Unfinished Business,Justin Eilers,Mike Kyle,Heavyweight,0,KO/TKO Punch,1,1:14
UFC 49: Unfinished Business,Chris Lytle,Ronald Jhun,Welterweight,0,SUB Guillotine Choke,2,1:17
UFC 49: Unfinished Business,Karo Parisyan,Nick Diaz,Welterweight,0,S-DEC,3,5:00
UFC 49: Unfinished Business,Yves Edwards,Josh Thomson,Lightweight,0,KO/TKO Kick,1,4:32
UFC 48: Payback,Ken Shamrock,Kimo Leopoldo,Heavyweight,0,KO/TKO Knee,1,1:26
UFC 48: Payback,Frank Trigg,Dennis Hallman,Welterweight,0,KO/TKO Punches,1,4:15
UFC 48: Payback,Frank Mir,Tim Sylvia,Heavyweight,1,SUB Armbar,1,0:50
UFC 48: Payback,Matt Hughes,Renato Verissimo,Welterweight,0,U-DEC,3,5:00
UFC 48: Payback,Evan Tanner,Phil Baroni,Middleweight,0,U-DEC,3,5:00
UFC 48: Payback,Matt Serra,Ivan Menjivar,Lightweight,0,U-DEC,3,5:00
UFC 48: Payback,Georges St-Pierre,Jay Hieron,Welterweight,0,KO/TKO Punches,1,1:42
UFC 48: Payback,Trevor Prangley,Curtis Stout,Middleweight,0,SUB Scarf Hold,2,1:05
UFC 47: It's On!,Chuck Liddell,Tito Ortiz,Light Heavyweight,0,KO/TKO Punches,2,0:38
UFC 47: It's On!,Chris Lytle,Tiki Ghosn,Welterweight,0,SUB Bulldog Choke,2,1:55
UFC 47: It's On!,Yves Edwards,Hermes Franca,Lightweight,0,S-DEC,3,5:00
UFC 47: It's On!,Andrei Arlovski,Wesley Correira,Heavyweight,0,KO/TKO Punches,2,1:15
UFC 47: It's On!,Nick Diaz,Robbie Lawler,Welterweight,0,KO/TKO Punch,2,1:31
UFC 47: It's On!,Mike Kyle,Wes Sims,Heavyweight,0,KO/TKO Punch,1,4:59
UFC 47: It's On!,Jonathan Wiezorek,Wade Shipp,Heavyweight,0,KO/TKO Punches,1,4:40
UFC 47: It's On!,Genki Sudo,Mike Brown,Lightweight,0,SUB Triangle Choke,1,3:31
UFC 46: Supernatural,Vitor Belfort,Randy Couture,Light Heavyweight,1,KO/TKO,1,0:49
UFC 46: Supernatural,Renato Verissimo,Carlos Newton,Welterweight,0,U-DEC,3,5:00
UFC 46: Supernatural,BJ Penn,Matt Hughes,Welterweight,1,SUB Rear Naked Choke,1,4:39
UFC 46: Supernatural,Frank Mir,Wes Sims,Heavyweight,0,KO/TKO Punch,2,4:21
UFC 46: Supernatural,Lee Murray,Jorge Rivera,Middleweight,0,SUB Triangle Choke,1,1:45
UFC 46: Supernatural,Georges St-Pierre,Karo Parisyan,Welterweight,0,U-DEC,3,5:00
UFC 46: Supernatural,Josh Thomson,Hermes Franca,Lightweight,0,M-DEC,3,5:00
UFC 46: Supernatural,Matt Serra,Jeff Curran,Lightweight,0,U-DEC,3,5:00
UFC 45: Revolution,Matt Hughes,Frank Trigg,Welterweight,1,SUB Rear Naked Choke,1,3:54
UFC 45: Revolution,Matt Lindland,Falaniko Vitale,Middleweight,0,KO/TKO Punches,3,4:23
UFC 45: Revolution,Wesley Correira,David Abbott,Heavyweight,0,KO/TKO,1,2:14
UFC 45: Revolution,Evan Tanner,Phil Baroni,Middleweight,0,KO/TKO Elbows,1,4:42
UFC 45: Revolution,Robbie Lawler,Chris Lytle,Welterweight,0,U-DEC,3,5:00
UFC 45: Revolution,Pedro Rizzo,Ricco Rodriguez,Heavyweight,0,U-DEC,3,5:00
UFC 45: Revolution,Keith Rockel,Chris Liguori,Middleweight,0,SUB Guillotine Choke,1,3:29
UFC 45: Revolution,Yves Edwards,Nick Agallar,Lightweight,0,KO/TKO Punch,2,2:14
UFC 44: Undisputed,Randy Couture,Tito Ortiz,Light Heavyweight,1,U-DEC,5,5:00
UFC 44: Undisputed,Andrei Arlovski,Vladimir Matyushenko,Heavyweight,0,KO/TKO Punches,1,1:59
UFC 44: Undisputed,Tim Sylvia,Gan McGee,Heavyweight,1,KO/TKO Punch,1,1:54
UFC 44: Undisputed,Jorge Rivera,David Loiseau,Middleweight,0,U-DEC,3,5:00
UFC 44: Undisputed,Rich Franklin,Edwin DeWees,Light Heavyweight,0,KO/TKO Knees,1,3:35
UFC 44: Undisputed,Karo Parisyan,Dave Strasser,Welterweight,0,SUB Kimura,1,3:52
UFC 44: Undisputed,Josh Thomson,Gerald Strebendt,Lightweight,0,KO/TKO Punches,1,2:45
UFC 44: Undisputed,Nick Diaz,Jeremy Jackson,Welterweight,0,SUB Armbar,3,2:04
UFC 44: Undisputed,Hermes Franca,Caol Uno,Lightweight,0,KO/TKO Punch,2,2:46
UFC 43: Meltdown,Randy Couture,Chuck Liddell,Light Heavyweight,1,KO/TKO Punches,3,2:39
UFC 43: Meltdown,Kimo Leopoldo,David Abbott,Heavyweight,0,SUB Arm Triangle,1,1:59
UFC 43: Meltdown,Vitor Belfort,Marvin Eastman,Light Heavyweight,0,KO/TKO Knees,1,1:07
UFC 43: Meltdown,Vernon White,Ian Freeman,Heavyweight,0,S-DEC,3,5:00
UFC 43: Meltdown,Frank Mir,Wes Sims,Heavyweight,0,DQ,1,2:55
UFC 43: Meltdown,Yves Edwards,Eddie Ruiz,Lightweight,0,U-DEC,3,5:00
UFC 43: Meltdown,Falaniko Vitale,Matt Lindland,Middleweight,0,KO/TKO Slam,1,1:56
UFC 43: Meltdown,Pedro Rizzo,Tra Telligman,Heavyweight,0,KO/TKO,2,4:24
UFC 42: Sudden Impact,Matt Hughes,Sean Sherk,Welterweight,1,U-DEC,5,5:00
UFC 42: Sudden Impact,Pete Spratt,Robbie Lawler,Welterweight,0,SUB Injury,2,2:28
UFC 42: Sudden Impact,Dave Strasser,Romie Aram,Welterweight,0,U-DEC,3,5:00
UFC 42: Sudden Impact,Wesley Correira,Sean Alvarez,Heavyweight,0,KO/TKO Punches,2,1:46
UFC 42: Sudden Impact,Rich Franklin,Evan Tanner,Light Heavyweight,0,KO/TKO Punches,1,2:40
UFC 42: Sudden Impact,Duane Ludwig,Genki Sudo,Lightweight,0,U-DEC,3,5:00
UFC 42: Sudden Impact,Hermes Franca,Richard Crunkilton,Lightweight,0,U-DEC,3,5:00
UFC 42: Sudden Impact,David Loiseau,Mark Weir,Middleweight,0,KO/TKO Punches,1,3:55
UFC 41: Onslaught,Tim Sylvia,Ricco Rodriguez,Heavyweight,1,KO/TKO Punch,1,3:09
UFC 41: Onslaught,Frank Mir,David Abbott,Heavyweight,0,SUB Toe Hold,1,0:46
UFC 41: Onslaught,BJ Penn,Caol Uno,Lightweight,1,S-DEC,5,5:00
UFC 41: Onslaught,Matt Lindland,Phil Baroni,Middleweight,0,U-DEC,3,5:00
UFC 41: Onslaught,Vladimir Matyushenko,Pedro Rizzo,Heavyweight,0,U-DEC,3,5:00
UFC 41: Onslaught,Din Thomas,Matt Serra,Lightweight,0,S-DEC,3,5:00
UFC 41: Onslaught,Gan McGee,Alexandre Dantas,Heavyweight,0,KO/TKO Punches,1,4:49
UFC 41: Onslaught,Yves Edwards,Rich Clementi,Lightweight,0,SUB Rear Naked Choke,3,4:07
UFC 40: Vendetta,Tito Ortiz,Ken Shamrock,Light Heavyweight,1,KO/TKO,3,5:00
UFC 40: Vendetta,Chuck Liddell,Renato Sobral,Light Heavyweight,0,KO/TKO Kick,1,2:55
UFC 40: Vendetta,Matt Hughes,Gil Castillo,Welterweight,1,KO/TKO,1,5:00
UFC 40: Vendetta,Carlos Newton,Pete Spratt,Welterweight,0,SUB Kimura,1,1:45
UFC 40: Vendetta,Robbie Lawler,Tiki Ghosn,Welterweight,0,KO/TKO Punch,1,1:29
UFC 40: Vendetta,Andrei Arlovski,Ian Freeman,Heavyweight,0,KO/TKO Punches,1,1:18
UFC 40: Vendetta,Vladimir Matyushenko,Travis Wiuff,Heavyweight,0,KO/TKO Punches,1,4:10
UFC 40: Vendetta,Phillip Miller,Mark Weir,Middleweight,0,SUB Rear Naked Choke,2,4:50
UFC 39: The Warriors Return,Ricco Rodriguez,Randy Couture,Heavyweight,1,KO/TKO Elbows,5,3:04
UFC 39: The Warriors Return,Tim Sylvia,Wesley Correira,Heavyweight,0,KO/TKO,2,1:43
UFC 39: The Warriors Return,BJ Penn,Matt Serra,Lightweight,0,U-DEC,3,5:00
UFC 39: The Warriors Return,Caol Uno,Din Thomas,Lightweight,0,U-DEC,3,5:00
UFC 39: The Warriors Return,Gan McGee,Pedro Rizzo,Heavyweight,0,KO/TKO,1,5:00
UFC 39: The Warriors Return,Phil Baroni,Dave Menne,Middleweight,0,KO/TKO Punches,1,0:18
UFC 39: The Warriors Return,Matt Lindland,Ivan Salaverry,Middleweight,0,U-DEC,3,5:00
UFC 39: The Warriors Return,Sean Sherk,Benji Radach,Welterweight,0,KO/TKO,1,4:16
UFC 38: Brawl at the Hall,Matt Hughes,Carlos Newton,Welterweight,1,KO/TKO Punches,4,3:37
UFC 38: Brawl at the Hall,Ian Freeman,Frank Mir,Heavyweight,0,KO/TKO,1,4:35
UFC 38: Brawl at the Hall,Mark Weir,Eugene Jackson,Middleweight,0,KO/TKO Punch,1,0:10
UFC 38: Brawl at the Hall,Genki Sudo,Leigh Remedios,Lightweight,0,SUB Rear Naked Choke,2,1:38
UFC 38: Brawl at the Hall,Phillip Miller,James Zikic,Light Heavyweight,0,U-DEC,3,5:00
UFC 38: Brawl at the Hall,Renato Sobral,Elvis Sinosic,Light Heavyweight,0,U-DEC,3,5:00
UFC 38: Brawl at the Hall,Evan Tanner,Chris Haseman,Light Heavyweight,0,U-DEC,3,5:00
UFC 37.5: As Real As It Gets,Chuck Liddell,Vitor Belfort,Light Heavyweight,0,U-DEC,3,5:00
UFC 37.5: As Real As It Gets,Benji Radach,Nick Serra,Welterweight,0,U-DEC,3,5:00
UFC 37.5: As Real As It Gets,Pete Spratt,Zach Light,Welterweight,0,SUB Armbar,1,2:25
UFC 37.5: As Real As It Gets,Robbie Lawler,Steve Berger,Welterweight,0,KO/TKO Punch,2,0:27
UFC 37.5: As Real As It Gets,Tony Fryklund,Rodrigo Ruas,Middleweight,0,KO/TKO Punches,2,3:34
UFC 37.5: As Real As It Gets,Yves Edwards,Joao Pierini,Lightweight,0,KO/TKO,1,1:19
UFC 37: High Impact,Murilo Bustamante,Matt Lindland,Middleweight,1,SUB Guillotine Choke,3,1:33
UFC 37: High Impact,Ricco Rodriguez,Tsuyoshi Kohsaka,Heavyweight,0,KO/TKO Punches,2,3:25
UFC 37: High Impact,BJ Penn,Paul Creighton,Lightweight,0,KO/TKO Punches,2,3:23
UFC 37: High Impact,Phil Baroni,Amar Suloev,Middleweight,0,KO/TKO Punches,1,2:59
UFC 37: High Impact,Caol Uno,Yves Edwards,Lightweight,0,U-DEC,3,5:00
UFC 37: High Impact,Ivan Salaverry,Andrei Semenov,Middleweight,0,KO/TKO Punches,3,2:27
UFC 37: High Impact,Benji Radach,Steve Berger,Welterweight,0,Overturned,1,0:27
UFC 37: High Impact,Robbie Lawler,Aaron Riley,Welterweight,0,U-DEC,3,5:00
UFC 36: Worlds Collide,Josh Barnett,Randy Couture,Heavyweight,1,KO/TKO Punches,2,4:35
UFC 36: Worlds Collide,Pedro Rizzo,Andrei Arlovski,Heavyweight,0,KO/TKO Punch,3,1:45
UFC 36: Worlds Collide,Matt Hughes,Hayato Sakurai,Welterweight,1,KO/TKO Punches,4,3:01
UFC 36: Worlds Collide,Matt Lindland,Pat Miletich,Middleweight,0,KO/TKO Punches,1,3:09
UFC 36: Worlds Collide,Evan Tanner,Elvis Sinosic,Light Heavyweight,0,KO/TKO,1,2:06
UFC 36: Worlds Collide,Frank Mir,Pete Williams,Heavyweight,0,SUB Other - Lock,1,0:46
UFC 36: Worlds Collide,Matt Serra,Kelly Dullanty,Lightweight,0,SUB Triangle Choke,1,2:58
UFC 36: Worlds Collide,Sean Sherk,Jutaro Nakao,Welterweight,0,U-DEC,3,5:00
UFC 35: Throwdown,Jens Pulver,BJ Penn,Lightweight,1,M-DEC,5,5:00
UFC 35: Throwdown,Ricco Rodriguez,Jeff Monson,Heavyweight,0,KO/TKO Punches,3,3:00
UFC 35: Throwdown,Murilo Bustamante,Dave Menne,Middleweight,1,KO/TKO Punch,2,0:44
UFC 35: Throwdown,Chuck Liddell,Amar Suloev,Light Heavyweight,0,U-DEC,3,5:00
UFC 35: Throwdown,Andrei Semenov,Ricardo Almeida,Middleweight,0,KO/TKO Punch,2,2:01
UFC 35: Throwdown,Kevin Randleman,Renato Sobral,Light Heavyweight,0,U-DEC,3,5:00
UFC 35: Throwdown,Gil Castillo,Chris Brennan,Welterweight,0,U-DEC,3,5:00
UFC 35: Throwdown,Eugene Jackson,Keith Rockel,Middleweight,0,SUB Guillotine Choke,2,1:14
UFC 34: High Voltage,Randy Couture,Pedro Rizzo,Heavyweight,1,KO/TKO Punches,3,3:22
UFC 34: High Voltage,Ricco Rodriguez,Pete Williams,Heavyweight,0,KO/TKO Punches,2,4:02
UFC 34: High Voltage,Matt Hughes,Carlos Newton,Welterweight,1,KO/TKO Slam,2,1:27
UFC 34: High Voltage,BJ Penn,Caol Uno,Lightweight,0,KO/TKO Punches,1,0:11
UFC 34: High Voltage,Josh Barnett,Bobby Hoffman,Heavyweight,0,KO/TKO Punches,2,4:25
UFC 34: High Voltage,Evan Tanner,Homer Moore,Light Heavyweight,0,SUB Armbar,2,0:55
UFC 34: High Voltage,Matt Lindland,Phil Baroni,Middleweight,0,M-DEC,3,5:00
UFC 34: High Voltage,Frank Mir,Roberto Traven,Heavyweight,0,SUB Armbar,1,1:05
UFC 33: Victory in Vegas,Tito Ortiz,Vladimir Matyushenko,Light Heavyweight,1,U-DEC,5,5:00
UFC 33: Victory in Vegas,Jens Pulver,Dennis Hallman,Lightweight,1,U-DEC,5,5:00
UFC 33: Victory in Vegas,Chuck Liddell,Murilo Bustamante,Light Heavyweight,0,U-DEC,3,5:00
UFC 33: Victory in Vegas,Matt Serra,Yves Edwards,Welterweight,0,M-DEC,3,5:00
UFC 33: Victory in Vegas,Dave Menne,Gil Castillo,Middleweight,1,U-DEC,5,5:00
UFC 33: Victory in Vegas,Jutaro Nakao,Tony DeSouza,Welterweight,0,KO/TKO Punch,2,0:15
UFC 33: Victory in Vegas,Ricardo Almeida,Eugene Jackson,Middleweight,0,SUB Triangle Choke,1,4:06
UFC 33: Victory in Vegas,Din Thomas,Fabiano Iha,Lightweight,0,U-DEC,3,5:00
UFC 32: Showdown in the Meadowlands,Tito Ortiz,Elvis Sinosic,Light Heavyweight,1,KO/TKO Elbows,1,3:32
UFC 32: Showdown in the Meadowlands,BJ Penn,Din Thomas,Lightweight,0,KO/TKO Knee,1,2:42
UFC 32: Showdown in the Meadowlands,Josh Barnett,Semmy Schilt,Heavyweight,0,SUB Armbar,1,4:21
UFC 32: Showdown in the Meadowlands,Pat Miletich,Shonie Carter,Welterweight,0,KO/TKO Kick,2,2:42
UFC 32: Showdown in the Meadowlands,Caol Uno,Fabiano Iha,Lightweight,0,KO/TKO Punches,1,1:48
UFC 32: Showdown in the Meadowlands,Vladimir Matyushenko,Yuki Kondo,Light Heavyweight,0,U-DEC,3,5:00
UFC 32: Showdown in the Meadowlands,Ricco Rodriguez,Andrei Arlovski,Heavyweight,0,KO/TKO Punches,3,1:23
UFC 32: Showdown in the Meadowlands,Tony DeSouza,Paul Rodriguez,Welterweight,0,SUB Guillotine Choke,1,1:05
UFC 31: Locked and Loaded,Randy Couture,Pedro Rizzo,Heavyweight,1,U-DEC,5,5:00
UFC 31: Locked and Loaded,Carlos Newton,Pat Miletich,Welterweight,1,SUB Bulldog Choke,3,2:50
UFC 31: Locked and Loaded,Chuck Liddell,Kevin Randleman,Light Heavyweight,0,KO/TKO Punch,1,1:18
UFC 31: Locked and Loaded,Shonie Carter,Matt Serra,Welterweight,0,KO/TKO Spinning Back Fist,3,4:51
UFC 31: Locked and Loaded,Semmy Schilt,Pete Williams,Heavyweight,0,KO/TKO Punch,2,1:28
UFC 31: Locked and Loaded,Matt Lindland,Ricardo Almeida,Light Heavyweight,0,DQ,3,4:21
UFC 31: Locked and Loaded,BJ Penn,Joey Gilbert,Lightweight,0,KO/TKO Punches,1,4:57
UFC 31: Locked and Loaded,Tony DeSouza,Steve Berger,Welterweight,0,U-DEC,3,5:00
UFC 30: Battle on the Boardwalk,Tito Ortiz,Evan Tanner,Middleweight,1,KO/TKO Slam,1,0:32
UFC 30: Battle on the Boardwalk,Jens Pulver,Caol Uno,Lightweight,1,U-DEC,5,5:00
UFC 30: Battle on the Boardwalk,Fabiano Iha,Phil Johns,Welterweight,0,SUB Armbar,1,1:40
UFC 30: Battle on the Boardwalk,Elvis Sinosic,Jeremy Horn,Middleweight,0,SUB Triangle Choke,1,2:52
UFC 30: Battle on the Boardwalk,Pedro Rizzo,Josh Barnett,Heavyweight,0,KO/TKO Punch,2,4:21
UFC 30: Battle on the Boardwalk,Bobby Hoffman,Mark Robinson,Heavyweight,0,Overturned,1,3:27
UFC 30: Battle on the Boardwalk,Phil Baroni,Curtis Stout,Middleweight,0,U-DEC,2,5:00
UFC 30: Battle on the Boardwalk,Sean Sherk,Tiki Ghosn,Welterweight,0,SUB Injury,2,4:47
UFC 29: Defense of the Belts,Tito Ortiz,Yuki Kondo,Middleweight,1,SUB Neck Crank,1,1:52
UFC 29: Defense of the Belts,Pat Miletich,Kenichi Yamamoto,Welterweight,1,SUB Guillotine Choke,2,1:58
UFC 29: Defense of the Belts,Matt Lindland,Yoji Anjo,Middleweight,0,KO/TKO Punches,1,2:58
UFC 29: Defense of the Belts,Fabiano Iha,Daiju Takase,Welterweight,0,KO/TKO Punches,1,2:24
UFC 29: Defense of the Belts,Evan Tanner,Lance Gibson,Middleweight,0,KO/TKO Punches,1,4:58
UFC 29: Defense of the Belts,Dennis Hallman,Matt Hughes,Welterweight,0,SUB Armbar,1,0:20
UFC 29: Defense of the Belts,Chuck Liddell,Jeff Monson,Middleweight,0,U-DEC,3,5:00
UFC 28: High Stakes,Randy Couture,Kevin Randleman,Heavyweight,1,KO/TKO Punches,3,4:13
UFC 28: High Stakes,Renato Sobral,Maurice Smith,Heavyweight,0,M-DEC,3,5:00
UFC 28: High Stakes,Josh Barnett,Gan McGee,Super Heavyweight,0,KO/TKO Elbows,2,4:34
UFC 28: High Stakes,Andrei Arlovski,Aaron Brink,Heavyweight,0,SUB Armbar,1,0:55
UFC 28: High Stakes,Jens Pulver,John Lewis,Lightweight,0,KO/TKO Punch,1,0:15
UFC 28: High Stakes,Mark Hughes,Alex Stiebling,Middleweight,0,U-DEC,2,5:00
UFC 28: High Stakes,Ben Earwood,Chris Lytle,Welterweight,0,U-DEC,2,5:00
UFC 27: Ultimate Bad Boyz,Pedro Rizzo,Dan Severn,Heavyweight,0,KO/TKO Kicks,1,1:33
UFC 27: Ultimate Bad Boyz,Maurice Smith,Bobby Hoffman,Heavyweight,0,S-DEC,3,5:00
UFC 27: Ultimate Bad Boyz,Jeremy Horn,Eugene Jackson,Middleweight,0,SUB Armbar,1,4:32
UFC 27: Ultimate Bad Boyz,Fabiano Iha,Laverne Clark,Welterweight,0,SUB Armbar,1,1:10
UFC 27: Ultimate Bad Boyz,Yuki Kondo,Alexandre Dantas,Middleweight,0,KO/TKO Flying Knee,3,2:28
UFC 27: Ultimate Bad Boyz,Ian Freeman,Tedd Williams,Heavyweight,0,U-DEC,3,5:00
UFC 27: Ultimate Bad Boyz,Jeff Monson,Tim Lajcik,Heavyweight,0,U-DEC,2,5:00
UFC 27: Ultimate Bad Boyz,Brad Gumm,CJ Fernandes,Welterweight,0,U-DEC,2,5:00
UFC 26: Ultimate Field Of Dreams,Kevin Randleman,Pedro Rizzo,Heavyweight,1,U-DEC,5,5:00
UFC 26: Ultimate Field Of Dreams,Tyrone Roberts,David Dodd,Middleweight,0,U-DEC,3,5:00
UFC 26: Ultimate Field Of Dreams,Pat Miletich,John Alessio,Welterweight,1,SUB Armbar,2,1:43
UFC 26: Ultimate Field Of Dreams,Amaury Bitetti,Alex Andrade,Middleweight,0,DQ,2,0:43
UFC 26: Ultimate Field Of Dreams,Matt Hughes,Marcelo Aguiar,Welterweight,0,KO/TKO,1,4:34
UFC 26: Ultimate Field Of Dreams,Jens Pulver,Joao Roque,Lightweight,0,U-DEC,3,5:00
UFC 26: Ultimate Field Of Dreams,Ian Freeman,Nate Schroeder,Heavyweight,0,KO/TKO Knees,2,2:13
UFC 26: Ultimate Field Of Dreams,Shonie Carter,Adrian Serrano,Welterweight,0,U-DEC,2,5:00
UFC 25: Ultimate Japan 3,Tito Ortiz,Wanderlei Silva,Middleweight,1,U-DEC,5,5:00
UFC 25: Ultimate Japan 3,Murilo Bustamante,Yoji Anjo,Middleweight,0,SUB Arm Triangle,2,0:31
UFC 25: Ultimate Japan 3,Sanae Kikuta,Eugene Jackson,Middleweight,0,SUB Armbar,1,4:38
UFC 25: Ultimate Japan 3,Ron Waterman,Satoshi Honma,Heavyweight,0,U-DEC,3,5:00
UFC 25: Ultimate Japan 3,Ikuhisa Minowa,Joe Slick,Middleweight,0,KO/TKO,3,1:54
UFC 25: Ultimate Japan 3,Laverne Clark,Koji Oishi,Lightweight,0,M-DEC,3,5:00
UFC 24: First Defense,Tedd Williams,Steve Judson,Heavyweight,0,KO/TKO Punch,1,3:23
UFC 24: First Defense,Lance Gibson,Jermaine Andre,Middleweight,0,KO/TKO Knee,3,3:35
UFC 24: First Defense,Dave Menne,Fabiano Iha,Lightweight,0,U-DEC,3,5:00
UFC 24: First Defense,Bob Cook,Tiki Ghosn,Lightweight,0,SUB Rear Naked Choke,2,1:29
UFC 24: First Defense,Jens Pulver,David Velasquez,Lightweight,0,KO/TKO Punches,2,2:41
UFC 24: First Defense,Scott Adams,Ian Freeman,Heavyweight,0,SUB Heel Hook,1,3:09
UFC 24: First Defense,Shonie Carter,Brad Gumm,Lightweight,0,U-DEC,2,5:00
UFC 23: Ultimate Japan 2,Kevin Randleman,Pete Williams,Heavyweight,1,U-DEC,5,5:00
UFC 23: Ultimate Japan 2,Pedro Rizzo,Tsuyoshi Kohsaka,Heavyweight,0,KO/TKO Punch,3,1:17
UFC 23: Ultimate Japan 2,Kenichi Yamamoto,Katsuhisa Fujii,Open Weight,1,SUB Kneebar,2,4:15
UFC 23: Ultimate Japan 2,Joe Slick,Jason DeLucia,Middleweight,0,KO/TKO,1,1:28
UFC 23: Ultimate Japan 2,Eugene Jackson,Keiichiro Yamamiya,Middleweight,0,KO/TKO Punch,3,3:12
UFC 23: Ultimate Japan 2,Kenichi Yamamoto,Daiju Takase,Open Weight,0,U-DEC,3,5:00
UFC 23: Ultimate Japan 2,Katsuhisa Fujii,Masutatsu Yano,Open Weight,0,KO/TKO Punches,2,3:12
UFC 22: Only One Can be Champion,Frank Shamrock,Tito Ortiz,Middleweight,1,KO/TKO Punches,4,4:42
UFC 22: Only One Can be Champion,Tim Lajcik,Ron Waterman,Heavyweight,0,U-DEC,3,5:00
UFC 22: Only One Can be Champion,Jeremy Horn,Jason Godsey,Heavyweight,0,SUB Armbar,1,2:08
UFC 22: Only One Can be Champion,Brad Kohler,Steve Judson,Heavyweight,0,KO/TKO Punch,1,0:30
UFC 22: Only One Can be Champion,Chuck Liddell,Paul Jones,Middleweight,0,KO/TKO,1,3:53
UFC 22: Only One Can be Champion,Matt Hughes,Valeri Ignatov,Lightweight,0,U-DEC,3,5:00
UFC 22: Only One Can be Champion,John Lewis,Lowell Anderson,Middleweight,0,KO/TKO,3,0:13
UFC 22: Only One Can be Champion,Jens Pulver,Alfonso Alcarez,Lightweight,0,M-DEC,2,5:00
UFC 21: Return of the Champions,Maurice Smith,Marco Ruas,Heavyweight,0,KO/TKO,1,5:00
UFC 21: Return of the Champions,Pat Miletich,Andre Pederneiras,Lightweight,1,KO/TKO,2,1:34
UFC 21: Return of the Champions,Jeremy Horn,Daiju Takase,Middleweight,0,KO/TKO Elbows,1,4:41
UFC 21: Return of the Champions,Paul Jones,Flavio Luiz Moura,Middleweight,0,SUB Rear Naked Choke,1,4:20
UFC 21: Return of the Champions,Tsuyoshi Kohsaka,Tim Lajcik,Heavyweight,0,KO/TKO,2,5:00
UFC 21: Return of the Champions,Eugene Jackson,Royce Alger,Middleweight,0,KO/TKO Punch,2,1:19
UFC 21: Return of the Champions,Andre Roberts,Ron Waterman,Heavyweight,0,KO/TKO Punch,1,2:51
UFC 21: Return of the Champions,Travis Fulton,David Dodd,Heavyweight,0,U-DEC,2,5:00
UFC 20: Battle for the Gold,Bas Rutten,Kevin Randleman,Heavyweight,1,S-DEC,3,3:00
UFC 20: Battle for the Gold,Pedro Rizzo,Tra Telligman,Heavyweight,0,KO/TKO Punch,1,4:30
UFC 20: Battle for the Gold,Pete Williams,Travis Fulton,Heavyweight,0,SUB Armbar,1,6:28
UFC 20: Battle for the Gold,Wanderlei Silva,Tony Petarra,Middleweight,0,KO/TKO Knees,1,2:53
UFC 20: Battle for the Gold,Marcelo Mello,David Roberts,Lightweight,0,KO/TKO Elbows,1,1:23
UFC 20: Battle for the Gold,Laverne Clark,Fabiano Iha,Lightweight,0,KO/TKO,1,1:21
UFC 20: Battle for the Gold,Ron Waterman,Chris Condo,Heavyweight,0,KO/TKO Punches,1,0:28
UFC 19: Ultimate Young Guns,Tito Ortiz,Guy Mezger,Middleweight,0,KO/TKO Punches,1,9:56
UFC 19: Ultimate Young Guns,Gary Goodridge,Andre Roberts,Heavyweight,0,KO/TKO Punches,1,0:43
UFC 19: Ultimate Young Guns,Jeremy Horn,Chuck Liddell,Middleweight,0,SUB Arm Triangle,1,12:00
UFC 19: Ultimate Young Guns,Kevin Randleman,Maurice Smith,Heavyweight,0,U-DEC,2,3:00
UFC 19: Ultimate Young Guns,Evan Tanner,Valeri Ignatov,Middleweight,0,KO/TKO Elbows,1,2:58
UFC 19: Ultimate Young Guns,Pete Williams,Jason Godsey,Heavyweight,0,SUB Kneebar,1,1:56
UFC 19: Ultimate Young Guns,Sione Latu,Joey Roberts,Heavyweight,0,KO/TKO,1,10:01
UFC 18: The Road to the Heavyweight Title,Bas Rutten,Tsuyoshi Kohsaka,Heavyweight,0,KO/TKO Punches,2,2:15
UFC 18: The Road to the Heavyweight Title,Pat Miletich,Jorge Patino,Lightweight,1,U-DEC,3,3:00
UFC 18: The Road to the Heavyweight Title,Pedro Rizzo,Mark Coleman,Heavyweight,0,S-DEC,2,3:00
UFC 18: The Road to the Heavyweight Title,Tito Ortiz,Jerry Bohlander,Middleweight,0,KO/TKO,2,2:31
UFC 18: The Road to the Heavyweight Title,Mikey Burnett,Townsend Saunders,Lightweight,0,U-DEC,2,3:00
UFC 18: The Road to the Heavyweight Title,Evan Tanner,Darrel Gholar,Middleweight,0,SUB Rear Naked Choke,1,7:57
UFC 18: The Road to the Heavyweight Title,Laverne Clark,Frank Caracci,Lightweight,0,KO/TKO Punches,1,6:52
UFC - Ultimate Brazil,Frank Shamrock,John Lober,Middleweight,1,SUB Neck Crank,1,7:40
UFC - Ultimate Brazil,Vitor Belfort,Wanderlei Silva,Middleweight,0,KO/TKO Punches,1,0:44
UFC - Ultimate Brazil,Pedro Rizzo,David Abbott,Heavyweight,0,KO/TKO Punch,1,8:07
UFC - Ultimate Brazil,Pat Miletich,Mikey Burnett,Lightweight,1,S-DEC,3,3:00
UFC - Ultimate Brazil,Tsuyoshi Kohsaka,Pete Williams,Heavyweight,0,U-DEC,2,3:00
UFC - Ultimate Brazil,Ebenezer Fontes Braga,Jeremy Horn,Middleweight,0,SUB Guillotine Choke,1,3:27
UFC - Ultimate Brazil,Tulio Palhares,Adriano Santos,Middleweight,0,KO/TKO Punches,1,9:00
UFC - Ultimate Brazil,Cesar Marscucci,Paulo Santos,Lightweight,0,KO/TKO,1,10:27
UFC 17: Redemption,Frank Shamrock,Jeremy Horn,Middleweight,1,SUB Kneebar,2,1:28
UFC 17: Redemption,Pete Williams,Mark Coleman,Heavyweight,0,KO/TKO Kick,2,0:38
UFC 17: Redemption,Dan Henderson,Carlos Newton,Middleweight,1,S-DEC,2,3:00
UFC 17: Redemption,David Abbott,Hugo Duarte,Heavyweight,0,KO/TKO Punches,1,0:43
UFC 17: Redemption,Mike van Arsdale,Joe Pardo,Heavyweight,0,SUB Keylock,1,11:01
UFC 17: Redemption,Carlos Newton,Bob Gilstrap,Middleweight,0,SUB Triangle Choke,1,0:52
UFC 17: Redemption,Dan Henderson,Allan Goes,Middleweight,0,U-DEC,2,3:00
UFC 17: Redemption,Andre Roberts,Harry Moskowitz,Heavyweight,0,U-DEC,2,3:00
UFC 17: Redemption,Chuck Liddell,Noe Hernandez,Middleweight,0,U-DEC,1,12:00
UFC 16: Battle in the Bayou,Frank Shamrock,Igor Zinoviev,Middleweight,1,KO/TKO Slam,1,0:22
UFC 16: Battle in the Bayou,Tsuyoshi Kohsaka,Kimo Leopoldo,Heavyweight,0,U-DEC,2,3:00
UFC 16: Battle in the Bayou,Pat Miletich,Chris Brennan,Lightweight,0,SUB Shoulder Choke,1,9:02
UFC 16: Battle in the Bayou,Jerry Bohlander,Kevin Jackson,Middleweight,0,SUB Armbar,1,10:23
UFC 16: Battle in the Bayou,Pat Miletich,Townsend Saunders,Lightweight,0,S-DEC,2,3:00
UFC 16: Battle in the Bayou,Mikey Burnett,Eugenio Tadeu,Lightweight,0,KO/TKO Punches,1,9:45
UFC 16: Battle in the Bayou,Chris Brennan,Courtney Turner,Lightweight,0,SUB Armbar,1,1:20
UFC 16: Battle in the Bayou,Laverne Clark,Josh Stuart,Lightweight,0,KO/TKO,1,1:15
UFC - Ultimate Japan,Randy Couture,Maurice Smith,Heavyweight,1,M-DEC,3,3:00
UFC - Ultimate Japan,Kazushi Sakuraba,Marcus Silveira,Heavyweight,1,SUB Armbar,1,3:44
UFC - Ultimate Japan,Vitor Belfort,Joe Charles,Heavyweight,0,SUB Armbar,1,4:03
UFC - Ultimate Japan,Frank Shamrock,Kevin Jackson,Lightweight,1,SUB Armbar,1,0:16
UFC - Ultimate Japan,Kazushi Sakuraba,Marcus Silveira,Heavyweight,0,Overturned,1,1:51
UFC - Ultimate Japan,David Abbott,Yoji Anjo,Heavyweight,0,U-DEC,2,3:00
UFC - Ultimate Japan,Tra Telligman,Brad Kohler,Heavyweight,0,SUB Armbar,1,10:05
UFC 15: Collision Course,Maurice Smith,David Abbott,Heavyweight,1,SUB Other,1,8:08
UFC 15: Collision Course,Mark Kerr,Dwayne Cason,Heavyweight,1,SUB Rear Naked Choke,1,0:53
UFC 15: Collision Course,Randy Couture,Vitor Belfort,Heavyweight,0,KO/TKO Punches,1,8:16
UFC 15: Collision Course,Dave Beneteau,Carlos Barreto,Heavyweight,0,U-DEC,2,3:00
UFC 15: Collision Course,Mark Kerr,Greg Stott,Heavyweight,0,KO/TKO Knee,1,0:17
UFC 15: Collision Course,Dwayne Cason,Houston Dorr,Heavyweight,0,KO/TKO Punches,1,3:43
UFC 15: Collision Course,Alex Hunter,Harry Moskowitz,Heavyweight,0,S-DEC,1,12:00
UFC 14: Showdown,Maurice Smith,Mark Coleman,Heavyweight,1,U-DEC,3,3:00
UFC 14: Showdown,Mark Kerr,Dan Bobish,Heavyweight,1,SUB Other,1,1:38
UFC 14: Showdown,Kevin Jackson,Tony Fryklund,Lightweight,1,SUB Rear Naked Choke,1,0:44
UFC 14: Showdown,Dan Bobish,Brian Johnston,Heavyweight,0,SUB Forearm Choke,1,2:10
UFC 14: Showdown,Mark Kerr,Moti Horenstein,Heavyweight,0,KO/TKO Punches,1,2:22
UFC 14: Showdown,Kevin Jackson,Todd Butler,Lightweight,0,KO/TKO Punches,1,1:27
UFC 14: Showdown,Joe Moreira,Yuri Vaulin,Lightweight,0,U-DEC,2,3:00
UFC 14: Showdown,Alex Hunter,Sam Fulton,Heavyweight,0,SUB Other,1,2:30
UFC 14: Showdown,Tony Fryklund,Donnie Chappell,Lightweight,0,SUB Other - Choke,1,1:31
UFC 13: The Ultimate Force,Vitor Belfort,David Abbott,Heavyweight,0,KO/TKO Punches,1,0:52
UFC 13: The Ultimate Force,Randy Couture,Steven Graham,Heavyweight,1,KO/TKO Punches,1,3:13
UFC 13: The Ultimate Force,Guy Mezger,Tito Ortiz,Lightweight,1,SUB Guillotine Choke,1,2:00
UFC 13: The Ultimate Force,Randy Couture,Tony Halme,Heavyweight,0,SUB Rear Naked Choke,1,0:56
UFC 13: The Ultimate Force,Steven Graham,Dmitri Stepanov,Heavyweight,0,SUB Keylock,1,1:30
UFC 13: The Ultimate Force,Enson Inoue,Royce Alger,Lightweight,0,SUB Armbar,1,1:36
UFC 13: The Ultimate Force,Guy Mezger,Christophe Leninger,Lightweight,0,U-DEC,2,3:00
UFC 13: The Ultimate Force,Jack Nilson,Saeed Hosseini,Lightweight,0,KO/TKO Elbows,1,1:23
UFC 13: The Ultimate Force,Tito Ortiz,Wes Albritton,Lightweight,0,KO/TKO Punches,1,0:31
UFC 12: Judgement Day,Mark Coleman,Dan Severn,Heavyweight,1,SUB Scarf Hold,1,2:57
UFC 12: Judgement Day,Vitor Belfort,Scott Ferrozzo,Heavyweight,0,KO/TKO Punches,1,0:43
UFC 12: Judgement Day,Jerry Bohlander,Nick Sanzo,Lightweight,0,SUB Neck Crank,1,0:39
UFC 12: Judgement Day,Vitor Belfort,Tra Telligman,Heavyweight,0,KO/TKO Elbows,1,1:17
UFC 12: Judgement Day,Scott Ferrozzo,Jim Mullen,Heavyweight,0,KO/TKO Knees,1,8:02
UFC 12: Judgement Day,Yoshiki Takahashi,Wallid Ismail,Lightweight,0,U-DEC,2,3:00
UFC 12: Judgement Day,Jerry Bohlander,Rainy Martinez,Lightweight,0,SUB Rear Naked Choke,1,1:24
UFC 12: Judgement Day,Justin Martin,Eric Martin,Heavyweight,0,SUB Heel Hook,1,0:14
UFC 12: Judgement Day,Nick Sanzo,Jackie Lee,Lightweight,0,KO/TKO,1,0:48
UFC - Ultimate Ultimate '96,Don Frye,David Abbott,Open Weight,1,SUB Rear Naked Choke,1,1:22
UFC - Ultimate Ultimate '96,David Abbott,Steve Nelmark,Open Weight,0,KO/TKO Punch,1,1:03
UFC - Ultimate Ultimate '96,Don Frye,Mark Hall,Open Weight,0,SUB Ankle Lock,1,0:20
UFC - Ultimate Ultimate '96,Ken Shamrock,Brian Johnston,Open Weight,0,SUB Forearm Choke,1,5:48
UFC - Ultimate Ultimate '96,Kimo Leopoldo,Paul Varelans,Open Weight,0,KO/TKO Punches,1,9:08
UFC - Ultimate Ultimate '96,David Abbott,Cal Worsham,Open Weight,0,KO/TKO Punches,1,2:51
UFC - Ultimate Ultimate '96,Don Frye,Gary Goodridge,Open Weight,0,SUB Other,1,11:19
UFC - Ultimate Ultimate '96,Tai Bowden,Jack Nilson,Open Weight,0,KO/TKO Headbutts,1,4:46
UFC - Ultimate Ultimate '96,Steve Nelmark,Marcus Bossett,Open Weight,0,SUB Shoulder Choke,1,1:37
UFC - Ultimate Ultimate '96,Mark Hall,Felix Lee Mitchell,Open Weight,0,KO/TKO,1,1:45
UFC 11: The Proving Ground,Scott Ferrozzo,David Abbott,Open Weight,0,U-DEC,2,3:00
UFC 11: The Proving Ground,Mark Coleman,Brian Johnston,Open Weight,0,KO/TKO Punches,1,2:20
UFC 11: The Proving Ground,Jerry Bohlander,Fabio Gurgel,Open Weight,0,U-DEC,1,15:00
UFC 11: The Proving Ground,David Abbott,Sam Adkins,Open Weight,0,SUB Forearm Choke,1,2:06
UFC 11: The Proving Ground,Brian Johnston,Reza Nasri,Open Weight,0,KO/TKO Punches,1,0:28
UFC 11: The Proving Ground,Mark Coleman,Julian Sanchez,Open Weight,0,SUB Scarf Hold,1,0:45
UFC 11: The Proving Ground,Roberto Traven,Dave Berry,Open Weight,0,KO/TKO Punches,1,1:33
UFC 11: The Proving Ground,Scott Ferrozzo,Sam Fulton,Open Weight,0,SUB Injury,1,1:45
UFC 10: The Tournament,Mark Coleman,Don Frye,Open Weight,1,KO/TKO Headbutts,1,11:34
UFC 10: The Tournament,Mark Coleman,Gary Goodridge,Open Weight,0,SUB Other,1,7:00
UFC 10: The Tournament,Don Frye,Brian Johnston,Open Weight,0,KO/TKO Elbows,1,4:37
UFC 10: The Tournament,Gary Goodridge,John Campetella,Open Weight,0,KO/TKO Punches,1,1:28
UFC 10: The Tournament,Mark Coleman,Moti Horenstein,Open Weight,0,KO/TKO Punches,1,2:43
UFC 10: The Tournament,Brian Johnston,Scott Fiedler,Open Weight,0,KO/TKO Punches,1,2:25
UFC 10: The Tournament,Don Frye,Mark Hall,Open Weight,0,KO/TKO Headbutt,1,10:21
UFC 10: The Tournament,Sam Adkins,Felix Lee Mitchell,Open Weight,0,U-DEC,2,3:00
UFC 10: The Tournament,Geza Kalman,Dieusel Berto,Open Weight,0,KO/TKO Punches,1,5:57
UFC 9: Motor City Madness,Dan Severn,Ken Shamrock,Open Weight,1,S-DEC,3,3:00
UFC 9: Motor City Madness,Don Frye,Amaury Bitetti,Open Weight,0,KO/TKO Knees,1,9:30
UFC 9: Motor City Madness,Mark Hall,Koji Kitao,Open Weight,0,KO/TKO,1,0:47
UFC 9: Motor City Madness,Mark Schultz,Gary Goodridge,Open Weight,0,KO/TKO,1,12:00
UFC 9: Motor City Madness,Rafael Carino,Matt Andersen,Open Weight,0,KO/TKO Punches,1,5:32
UFC 9: Motor City Madness,Cal Worsham,Zane Frazier,Open Weight,0,KO/TKO Punches,1,3:14
UFC 9: Motor City Madness,Steve Nelmark,Tai Bowden,Open Weight,0,KO/TKO,1,7:25
UFC 8: David vs Goliath,Don Frye,Gary Goodridge,Open Weight,1,KO/TKO Punches,1,2:14
UFC 8: David vs Goliath,Ken Shamrock,Kimo Leopoldo,Open Weight,1,SUB Kneebar,1,4:24
UFC 8: David vs Goliath,Gary Goodridge,Jerry Bohlander,Open Weight,0,KO/TKO Punch,1,5:31
UFC 8: David vs Goliath,Don Frye,Sam Adkins,Open Weight,0,KO/TKO,1,0:48
UFC 8: David vs Goliath,Gary Goodridge,Paul Herrera,Open Weight,0,KO/TKO Elbows,1,0:13
UFC 8: David vs Goliath,Jerry Bohlander,Scott Ferrozzo,Open Weight,0,SUB Guillotine Choke,1,9:03
UFC 8: David vs Goliath,Paul Varelans,Joe Moreira,Open Weight,0,U-DEC,1,10:00
UFC 8: David vs Goliath,Don Frye,Thomas Ramirez,Open Weight,0,KO/TKO Punch,1,0:08
UFC 8: David vs Goliath,Sam Adkins,Keith Mielke,Open Weight,0,KO/TKO Punches,1,0:50
UFC - Ultimate Ultimate '95,Dan Severn,Oleg Taktarov,Open Weight,1,U-DEC,2,3:00
UFC - Ultimate Ultimate '95,Oleg Taktarov,Marco Ruas,Open Weight,0,U-DEC,1,18:00
UFC - Ultimate Ultimate '95,Dan Severn,David Abbott,Open Weight,0,U-DEC,1,18:00
UFC - Ultimate Ultimate '95,Oleg Taktarov,Dave Beneteau,Open Weight,0,SUB Ankle Lock,1,1:15
UFC - Ultimate Ultimate '95,Marco Ruas,Keith Hackney,Open Weight,0,SUB Rear Naked Choke,1,2:39
UFC - Ultimate Ultimate '95,Dan Severn,Paul Varelans,Open Weight,0,SUB Arm Triangle,1,1:01
UFC - Ultimate Ultimate '95,David Abbott,Steve Jennum,Open Weight,0,SUB Neck Crank,1,1:14
UFC - Ultimate Ultimate '95,Mark Hall,Trent Jenkins,Open Weight,0,SUB,1,5:29
UFC - Ultimate Ultimate '95,Joe Charles,Scott Bessac,Open Weight,0,SUB Armbar,1,4:38
UFC 7: The Brawl in Buffalo,Marco Ruas,Paul Varelans,Open Weight,1,KO/TKO Kicks,1,13:17
UFC 7: The Brawl in Buffalo,Ken Shamrock,Oleg Taktarov,Open Weight,1,Other,2,3:00
UFC 7: The Brawl in Buffalo,Marco Ruas,Remco Pardoel,Open Weight,0,SUB Other,1,12:27
UFC 7: The Brawl in Buffalo,Paul Varelans,Mark Hall,Open Weight,0,SUB Keylock,1,1:01
UFC 7: The Brawl in Buffalo,Marco Ruas,Larry Cureton,Open Weight,0,SUB Heel Hook,1,3:23
UFC 7: The Brawl in Buffalo,Remco Pardoel,Ryan Parker,Open Weight,0,SUB Gi Choke,1,3:05
UFC 7: The Brawl in Buffalo,Mark Hall,Harold Howard,Open Weight,0,KO/TKO Punches,1,1:41
UFC 7: The Brawl in Buffalo,Paul Varelans,Gerry Harris,Open Weight,0,KO/TKO Elbows,1,1:05
UFC 7: The Brawl in Buffalo,Scott Bessac,David Hood,Open Weight,0,SUB Guillotine Choke,1,0:31
UFC 7: The Brawl in Buffalo,Onassis Parungao,Francesco Maturi,Open Weight,0,KO/TKO,1,5:26
UFC 7: The Brawl in Buffalo,Joel Sutton,Geza Kalman,Open Weight,0,KO/TKO,1,0:48
UFC 6: Clash of the Titans,Oleg Taktarov,David Abbott,Open Weight,1,SUB Rear Naked Choke,1,17:45
UFC 6: Clash of the Titans,Ken Shamrock,Dan Severn,Open Weight,1,SUB Guillotine Choke,1,2:14
UFC 6: Clash of the Titans,Oleg Taktarov,Anthony Macias,Open Weight,0,SUB Guillotine Choke,1,0:09
UFC 6: Clash of the Titans,David Abbott,Paul Varelans,Open Weight,0,KO/TKO Punches,1,1:53
UFC 6: Clash of the Titans,Oleg Taktarov,Dave Beneteau,Open Weight,0,SUB Guillotine Choke,1,0:57
UFC 6: Clash of the Titans,Patrick Smith,Rudyard Moncayo,Open Weight,0,SUB Rear Naked Choke,1,1:08
UFC 6: Clash of the Titans,Paul Varelans,Cal Worsham,Open Weight,0,KO/TKO Elbow,1,1:02
UFC 6: Clash of the Titans,David Abbott,John Matua,Open Weight,0,KO/TKO Punches,1,0:20
UFC 6: Clash of the Titans,Anthony Macias,He-Man Gipson,Open Weight,0,KO/TKO Headbutts,1,3:06
UFC 6: Clash of the Titans,Joel Sutton,Jack McGlaughlin,Open Weight,0,KO/TKO Punches,1,2:01
UFC 5: The Return of the Beast,Dan Severn,Dave Beneteau,Open Weight,1,SUB Keylock,1,3:01
UFC 5: The Return of the Beast,Ken Shamrock,Royce Gracie,Open Weight,1,Other,2,5:00
UFC 5: The Return of the Beast,Dan Severn,Oleg Taktarov,Open Weight,0,KO/TKO,1,4:21
UFC 5: The Return of the Beast,Dave Beneteau,Todd Medina,Open Weight,0,KO/TKO Punches,1,2:12
UFC 5: The Return of the Beast,Dan Severn,Joe Charles,Open Weight,0,SUB Rear Naked Choke,1,1:38
UFC 5: The Return of the Beast,Oleg Taktarov,Ernie Verdicia,Open Weight,0,SUB Scarf Hold,1,2:23
UFC 5: The Return of the Beast,Todd Medina,Larry Cureton,Open Weight,0,SUB Forearm Choke,1,2:55
UFC 5: The Return of the Beast,Jon Hess,Andy Anderson,Open Weight,0,KO/TKO Knees,1,1:23
UFC 5: The Return of the Beast,Guy Mezger,John Dowdy,Open Weight,0,KO/TKO Punches,1,2:02
UFC 5: The Return of the Beast,Dave Beneteau,Asbel Cancio,Open Weight,0,KO/TKO,1,0:21
UFC 4: Revenge of the Warriors,Royce Gracie,Dan Severn,Open Weight,1,SUB Triangle Choke,1,15:49
UFC 4: Revenge of the Warriors,Dan Severn,Marcus Bossett,Open Weight,0,SUB Arm Triangle,1,0:52
UFC 4: Revenge of the Warriors,Royce Gracie,Keith Hackney,Open Weight,0,SUB Armbar,1,5:32
UFC 4: Revenge of the Warriors,Dan Severn,Anthony Macias,Open Weight,0,SUB Rear Naked Choke,1,1:45
UFC 4: Revenge of the Warriors,Steve Jennum,Melton Bowen,Open Weight,0,SUB Armbar,1,4:47
UFC 4: Revenge of the Warriors,Keith Hackney,Joe Son,Open Weight,0,SUB Other - Choke,1,2:44
UFC 4: Revenge of the Warriors,Royce Gracie,Ron van Clief,Open Weight,0,SUB Rear Naked Choke,1,3:49
UFC 4: Revenge of the Warriors,Guy Mezger,Jason Fairn,Open Weight,0,KO/TKO,1,2:13
UFC 4: Revenge of the Warriors,Marcus Bossett,Eldo Xavier Dias,Open Weight,0,KO/TKO,1,4:55
UFC 4: Revenge of the Warriors,Joe Charles,Kevin Rosier,Open Weight,0,SUB Armbar,1,0:14
UFC 3: The American Dream,Steve Jennum,Harold Howard,Open Weight,1,KO/TKO Punches,1,1:27
UFC 3: The American Dream,Ken Shamrock,Felix Lee Mitchell,Open Weight,0,SUB Rear Naked Choke,1,4:34
UFC 3: The American Dream,Royce Gracie,Kimo Leopoldo,Open Weight,0,SUB Armbar,1,4:40
UFC 3: The American Dream,Harold Howard,Roland Payne,Open Weight,0,KO/TKO Punches,1,0:46
UFC 3: The American Dream,Ken Shamrock,Christophe Leninger,Open Weight,0,KO/TKO Punches,1,4:49
UFC 3: The American Dream,Keith Hackney,Emmanuel Yarborough,Open Weight,0,KO/TKO Punches,1,1:59
UFC 2: No Way Out,Royce Gracie,Patrick Smith,Open Weight,1,KO/TKO Punches,1,1:17
UFC 2: No Way Out,Royce Gracie,Remco Pardoel,Open Weight,0,SUB Gi Choke,1,1:31
UFC 2: No Way Out,Patrick Smith,Johnny Rhodes,Open Weight,0,SUB Guillotine Choke,1,1:07
UFC 2: No Way Out,Royce Gracie,Jason DeLucia,Open Weight,0,SUB Armbar,1,1:07
UFC 2: No Way Out,Remco Pardoel,Orlando Wiet,Open Weight,0,KO/TKO Elbows,1,1:29
UFC 2: No Way Out,Johnny Rhodes,Fred Ettish,Open Weight,0,SUB Bulldog Choke,1,3:07
UFC 2: No Way Out,Patrick Smith,Scott Morris,Open Weight,0,KO/TKO Elbows,1,0:30
UFC 2: No Way Out,Royce Gracie,Minoki Ichihara,Open Weight,0,SUB Armbar,1,5:08
UFC 2: No Way Out,Jason DeLucia,Scott Baker,Open Weight,0,SUB Triangle Choke,1,6:41
UFC 2: No Way Out,Remco Pardoel,Alberta Cerra Leon,Open Weight,0,SUB Ezekiel Choke,1,9:51
UFC 2: No Way Out,Orlando Wiet,Robert Lucarelli,Open Weight,0,KO/TKO,1,2:50
UFC 2: No Way Out,Frank Hamaker,Thaddeus Luster,Open Weight,0,SUB Keylock,1,4:52
UFC 2: No Way Out,Johnny Rhodes,David Levicki,Open Weight,0,KO/TKO Punches,1,12:13
UFC 2: No Way Out,Patrick Smith,Ray Wizard,Open Weight,0,SUB Guillotine Choke,1,0:58
UFC 2: No Way Out,Scott Morris,Sean Daugherty,Open Weight,0,SUB Guillotine Choke,1,0:20
